order_id,order_date,region,city,product_name,category,quantity,unit_price,total_revenue,customer_id,sales_channel
UK-2026-101639,2026-03-22,South,Hyderabad,Noise-Cancelling Headphones,Electronics,1,9326,9326,CUST-36923,Website
UK-2026-100124,2026-01-11,South,Chennai,Eau de Parfum 100ml,Beauty,1,1950,1950,CUST-36117,App
UK-2026-102438,2026-04-19,South,Kochi,Silk Saree,Fashion,1,3596,3596,CUST-78564,Website
UK-2026-102640,2026-04-26,South,Bengaluru,Silk Saree,Fashion,2,3380,6760,CUST-12218,Website
UK-2026-100631,2026-01-03,East,Patna,Modern Wall Clock,Home & Kitchen,1,767,767,CUST-86433,Website
UK-2026-101032,2026-02-19,West,Mumbai,Bluetooth Speaker Mini,Electronics,1,1441,1441,CUST-30406,Website
UK-2026-102785,2026-04-06,South,Chennai,Wireless Earbuds Pro,Electronics,1,3021,3021,CUST-84408,Website
UK-2026-102450,2026-04-03,South,Chennai,Dinner Set 24pc,Home & Kitchen,1,2551,2551,CUST-89116,App
UK-2026-101681,2026-03-05,West,Mumbai,Cotton Kurta Set,Fashion,1,1322,1322,CUST-53622,Website
UK-2026-104492,2026-06-17,North,Noida,Mirrorless Camera Lite,Electronics,1,29626,29626,CUST-58481,App
UK-2026-104824,2026-06-27,South,Kochi,Adjustable Dumbbells 15kg,Sports,1,5101,5101,CUST-21716,Website
UK-2026-102606,2026-04-23,South,Bengaluru,Non-Stick Cookware Set,Home & Kitchen,1,2908,2908,CUST-35929,Website
UK-2026-103573,15-05-26,South,Hyderabad,Bluetooth Speaker Mini,Electronics,1,1490,1490,CUST-79226,Marketplace
UK-2026-104406,2026-06-12,North,Noida,Gym Gloves,Sports,1,513,513,CUST-45736,Marketplace
UK-2026-103878,2026-05-09,West,Surat,Cricket Bat English Willow,Sports,3,9424,28272,CUST-15713,Website
UK-2026-104962,2026-06-26,Central,Nagpur,Beard Grooming Kit,Beauty,1,968,968,CUST-47914,Website
UK-2026-101493,2026-03-11,North,Gurugram,Running Sneakers,Fashion,1,2694,2694,CUST-30097,App
UK-2026-102828,2026-04-24,South,Hyderabad,Matte Lipstick Set,Beauty,1,869,869,CUST-83743,App
UK-2026-102865,2026-04-05,North,Chandigarh,43-inch Smart TV,Electronics,1,25093,25093,CUST-94877,App
UK-2026-100035,2026-01-23,East,Guwahati,Matte Lipstick Set,Beauty,3,943,"2,829.00",CUST-58863,App
UK-2026-100989,2026-02-24,East,Guwahati,Non-Stick Cookware Set,Home & Kitchen,2,3013,6026,CUST-39399,App
UK-2026-100094,2026-01-07,South,Kochi,Adjustable Dumbbells 15kg,Sports,1,4809,4809,CUST-40867,App
UK-2026-103747,2026-05-02,West,Surat,Cotton Kurta Set,Fashion,1,1313,1313,CUST-77205,Website
UK-2026-102997,2026-04-15,East,Kolkata,Cricket Bat English Willow,Sports,2,9438,18876,CUST-13003,App
UK-2026-102059,2026-03-13,East,Guwahati,Dinner Set 24pc,Home & Kitchen,1,2454,2454,CUST-81478,Marketplace
UK-2026-102074,2026-03-12,South,Kochi,Matte Lipstick Set,Beauty,2,881,1762,CUST-97852,Website
UK-2026-104575,2026-06-19,South,Chennai,Gym Gloves,Sports,1,506,506,CUST-58389,Website
UK-2026-101277,2026-02-03,South,Chennai,Ultrabook Air 14,Electronics,2,28611,57222,CUST-70398,App
UK-2026-101065,2026-02-15,East,Patna,Ethnic Dupatta,Fashion,1,496,496,CUST-11236,Marketplace
UK-2026-101483,2026-03-31,West,Surat,Noise-Cancelling Headphones,Electronics,1,9201,9201,CUST-21527,Website
UK-2026-100990,2026-02-04,South,Hyderabad,Electric Kettle 1.5L,Home & Kitchen,1,1046,1046,CUST-13341,App
UK-2026-100047,2026-01-01,South,Hyderabad,Sunscreen SPF50,Beauty,1,528,528,CUST-95069,Website
UK-2026-101286,2026-02-17,North,Gurugram,Face Wash Combo,Beauty,3,454,1362,CUST-32885,App
UK-2026-104708,2026-06-27,North,Delhi,Noise-Cancelling Headphones,Electronics,1,9208,9208,CUST-67135,Marketplace
UK-2026-100215,2026-01-09,South,Bengaluru,Mixer Grinder 750W,Home & Kitchen,1,3277,3277,CUST-93087,App
UK-2026-100963,2026-02-19,West,Ahmedabad,Cricket Bat English Willow,Sports,1,8989,8989,CUST-69183,App
UK-2026-101726,2026-03-06,Central,Nagpur,Robot Vacuum R7,Home & Kitchen,1,19413,19413,CUST-53182,App
UK-2026-102792,2026-04-11,North,Delhi,Mirrorless Camera Lite,Electronics,1,30001,30001,CUST-22070,Marketplace
UK-2026-104763,2026-06-10,North,Delhi,Vitamin C Serum,Beauty,2,687,1374,CUST-19921,App
UK-2026-102874,2026-04-14,South,Chennai,Badminton Racket Set,Sports,1,2501,2501,CUST-26143,App
UK-2026-103261,2026-05-29,West,Surat,43-inch Smart TV,Electronics,1,26450,26450,CUST-21162,Website
UK-2026-104563,2026-06-27,Central,Bhopal,Badminton Racket Set,Sports,4,2401,9604,CUST-90725,Website
UK-2026-102245,2026-04-15,North,Delhi,Mixer Grinder 750W,Home & Kitchen,1,3324,3324,CUST-61537,Marketplace
UK-2026-101505,2026-03-09,North,Chandigarh,Electric Kettle 1.5L,Home & Kitchen,1,1136,1136,CUST-45929,App
UK-2026-101515,2026-03-09,East,Guwahati,Running Sneakers,Fashion,4,2764,11056,CUST-60569,Marketplace
UK-2026-103283,2026-05-14,South,Hyderabad,Wireless Earbuds Pro,Electronics,1,3028,3028,CUST-47981,Marketplace
UK-2026-100260,2026-01-30,West,Mumbai,Football Size 5,Sports,2,869,1738,CUST-16959,App
UK-2026-103972,2026-05-07,North,Delhi,Denim Jacket,Fashion,1,2295,2295,CUST-87614,App
UK-2026-101630,2026-03-15,South,Kochi,Wireless Earbuds Pro,Electronics,1,2945,2945,CUST-73997,App
UK-2026-103985,2026-05-23,East,Bhubaneswar,Noise-Cancelling Headphones,Electronics,2,8971,17942,CUST-85691,App
UK-2026-104040,2026-06-13,South,Bengaluru,43-inch Smart TV,Electronics,3,24892,74676,CUST-21443,App
UK-2026-101816,2026-03-25,North,Gurugram,Slim Fit Jeans,Fashion,1,1591,1591,CUST-84758,App
UK-2026-103462,2026-05-18,North,Chandigarh,Non-Stick Cookware Set,Home & Kitchen,1,2760,2760,CUST-60887,App
UK-2026-100703,2026-01-08,West,Pune,Cricket Bat English Willow,Sports,1,9249,9249,CUST-10491,App
UK-2026-104027,2026-06-13,East,Patna,Dinner Set 24pc,Home & Kitchen,1,2514,,CUST-87677,App
UK-2026-100085,2026-01-13,North,Noida,Cotton Kurta Set,Fashion,1,1270,1270,CUST-28340,Website
UK-2026-104933,29-06-26,South,Chennai,Silk Saree,Fashion,1,3498,3498,CUST-48848,App
UK-2026-102840,2026-04-26,South,Kochi,Cotton Kurta Set,Fashion,1,1335,1335,CUST-21696,App
UK-2026-102908,2026-04-12,South,Kochi,Ultrabook Air 14,Electronics,2,30355,60710,CUST-66003,Marketplace
UK-2026-102369,2026-04-08,North,Delhi,Ultrabook Air 14,Electronics,1,28924,28924,CUST-28335,Website
UK-2026-103768,2026-05-06,West,Mumbai,Smart Watch X2,Electronics,1,4373,4373,CUST-27877,Marketplace
UK-2026-101946,2026-03-02,North,Chandigarh,Running Sneakers,Fashion,1,2752,2752,CUST-14888,Website
UK-2026-102041,2026-03-11,Central,Bhopal,Bluetooth Speaker Mini,Electronics,2,1448,2896,CUST-76539,App
UK-2026-103212,2026-05-27,East,Guwahati,Noise-Cancelling Headphones,Electronics,2,8590,17180,CUST-39070,Website
UK-2026-104977,2026-06-28,South,Kochi,Electric Kettle 1.5L,Home & Kitchen,1,1090,1090,CUST-91814,Website
UK-2026-103389,2026-05-24,South,Chennai,Dinner Set 24pc,Home & Kitchen,2,2404,4808,CUST-89049,App
UK-2026-102021,2026-03-10,South,Chennai,Face Wash Combo,Beauty,1,444,444,CUST-30540,Website
UK-2026-101046,2026-02-04,West,Ahmedabad,Football Size 5,Sports,2,897,1794,CUST-61134,App
UK-2026-104413,2026-06-21,South,Hyderabad,Mirrorless Camera Lite,Electronics,2,29756,59512,CUST-69231,App
UK-2026-100384,2026-01-11,South,Hyderabad,Denim Jacket,Fashion,1,2248,2248,CUST-97247,Website
UK-2026-102607,2026-04-20,West,Pune,Modern Wall Clock,Home & Kitchen,1,837,837,CUST-46554,Website
UK-2026-103874,2026-05-05,South,Bengaluru,Formal Shirt,Fashion,2,1051,2102,CUST-90893,App
UK-2026-103603,2026-05-26,South,Hyderabad,Wireless Earbuds Pro,Electronics,1,2900,2900,CUST-82093,Marketplace
UK-2026-102978,2026-04-06,West,Pune,Silk Saree,Fashion,1,3501,3501,CUST-63503,Marketplace
UK-2026-100654,2026-01-22,West,Mumbai,Eau de Parfum 100ml,Beauty,2,1949,3898,CUST-42565,App
UK-2026-102186,2026-03-26,Central,Indore,Ethnic Dupatta,Fashion,1,512,512,CUST-80839,App
UK-2026-104709,2026-06-15,South,Hyderabad,Leather Wallet,Fashion,2,925,1850,CUST-93149,Marketplace
UK-2026-104671,2026-06-27,North,Delhi,Wireless Earbuds Pro,Electronics,1,2988,2988,CUST-82140,Website
UK-2026-101671,2026-03-18,South,Bengaluru,Running Sneakers,Fashion,1,2755,2755,CUST-54500,App
UK-2026-100324,2026-01-08,Central,Indore,Vitamin C Serum,Beauty,3,718,2154,CUST-63536,Website
UK-2026-104225,2026-06-18,North,Chandigarh,Cricket Bat English Willow,Sports,1,9091,9091,CUST-23182,App
UK-2026-103521,2026-05-08,South,Hyderabad,Makeup Brush Set,Beauty,2,1271,2542,CUST-98296,App
UK-2026-102733,2026-04-26,East,Bhubaneswar,Vitamin C Serum,Beauty,2,664,1328,CUST-16381,Website
UK-2026-102864,2026-04-05,West,Ahmedabad,Non-Stick Cookware Set,Home & Kitchen,1,2878,2878,CUST-38964,Marketplace
UK-2026-103081,2026-04-27,Central,Raipur,Beard Grooming Kit,Beauty,1,997,997,CUST-35473,App
UK-2026-103756,2026-05-23,Central,Nagpur,Cricket Bat English Willow,Sports,1,9083,9083,CUST-21402,App
UK-2026-100213,2026-01-03,West,Pune,Power Bank 20000mAh,Electronics,2,1791,3582,CUST-10958,App
UK-2026-104691,2026-06-17,North,Noida,Gym Gloves,Sports,1,507,507,CUST-93714,Website
UK-2026-102543,2026-04-21,West,Mumbai,Electric Kettle 1.5L,Home & Kitchen,1,1058,1058,CUST-44718,App
UK-2026-102206,2026-03-27,West,Surat,Modern Wall Clock,Home & Kitchen,1,819,819,CUST-94051,Website
UK-2026-103791,2026-05-08,South,Bengaluru,Modern Wall Clock,Home & Kitchen,1,816,816,CUST-11963,Marketplace
UK-2026-103375,2026-05-26,West,Pune,Mirrorless Camera Lite,Electronics,1,29882,29882,CUST-53325,Marketplace
UK-2026-100089,2026-01-01,East,Bhubaneswar,Modern Wall Clock,Home & Kitchen,2,825,1650,CUST-76721,Website
UK-2026-100081,2026-01-23,West,Ahmedabad,Power Bank 20000mAh,Electronics,1,1801,1801,CUST-78165,App
UK-2026-100512,2026-01-08,South,Bengaluru,Beard Grooming Kit,Beauty,2,1020,2040,CUST-64983,App
UK-2026-103670,2026-05-20,East,Kolkata,Adjustable Dumbbells 15kg,Sports,2,5144,10288,CUST-79156,Website
UK-2026-100902,2026-02-11,Central,Nagpur,Wireless Earbuds Pro,Electronics,1,2955,2955,CUST-98862,App
UK-2026-102651,2026-04-19,Central,Raipur,Silk Saree,Fashion,1,3375,3375,CUST-82468,App
UK-2026-101950,2026-03-09,South,Hyderabad,Ionic Hair Dryer,Beauty,1,1823,1823,CUST-94180,Website
UK-2026-104211,"Jun 29, 2026",North,Chandigarh,Cotton Kurta Set,Fashion,1,1329,1329,CUST-73997,Website
UK-2026-103733,2026-05-21,West,Ahmedabad,Noise-Cancelling Headphones,Electronics,4,8955,35820,CUST-83338,Website
UK-2026-100475,2026-01-24,Central,Bhopal,Cotton Bedsheet Set,Home & Kitchen,3,1428,4284,CUST-82034,Website
UK-2026-101097,2026-02-23,South,Hyderabad,43-inch Smart TV,Electronics,4,24811,99244,CUST-76160,Marketplace
UK-2026-100920,2026-02-27,East,Patna,Cycling Helmet,Sports,1,1578,1578,CUST-53325,Website
UK-2026-100249,2026-01-04,Central,Indore,Ionic Hair Dryer,Beauty,1,1870,1870,CUST-42596,Website
UK-2026-104685,2026-06-05,North,Noida,Denim Jacket,Fashion,1,2103,2103,CUST-54753,Marketplace
UK-2026-101603,2026-03-24,West,Pune,Mixer Grinder 750W,Home & Kitchen,1,3313,3313,CUST-87416,App
UK-2026-100410,2026-01-29,Central,Raipur,Cotton Kurta Set,Fashion,4,1285,5140,CUST-97030,App
UK-2026-101622,2026-03-04,West,Pune,Air Fryer 5L,Home & Kitchen,1,5399,5399,CUST-77759,Website
UK-2026-102128,2026-03-17,South,Kochi,Ionic Hair Dryer,Beauty,1,1825,1825,CUST-38135,Website
UK-2026-100855,2026-02-18,West,Ahmedabad,Slim Fit Jeans,Fashion,1,1642,1642,CUST-84998,Website
UK-2026-103460,2026-05-01,South,Chennai,Smart Watch X2,Electronics,1,4540,4540,CUST-24552,Website
UK-2026-104377,2026-06-08,Central,Bhopal,Slim Fit Jeans,Fashion,1,1619,1619,CUST-25440,App
UK-2026-101526,"Mar 17, 2026",South,Chennai,Cotton Kurta Set,Fashion,1,1342,1342,CUST-98424,App
UK-2026-102196,2026-03-16,East,Guwahati,Leather Wallet,Fashion,3,882,2646,CUST-40493,App
UK-2026-101663,2026-03-16,West,Mumbai,Robot Vacuum R7,Home & Kitchen,1,19804,19804,CUST-18773,App
UK-2026-102002,2026-03-10,South,Hyderabad,Air Fryer 5L,Home & Kitchen,1,5320,5320,CUST-26674,Website
UK-2026-101930,06-03-26,West,Ahmedabad,Noise-Cancelling Headphones,Electronics,1,8958,8958,CUST-80012,App
UK-2026-100755,2026-02-08,South,Kochi,Makeup Brush Set,Beauty,1,1308,1308,CUST-43806,Website
UK-2026-102092,2026-03-22,South,Chennai,Smart Watch X2,Electronics,2,4382,8764,CUST-62942,App
UK-2026-101440,2026-02-10,Central,Raipur,Beard Grooming Kit,Beauty,1,1047,1047,CUST-77392,Website
UK-2026-104659,2026-06-05,West,Ahmedabad,Dinner Set 24pc,Home & Kitchen,1,2480,2480,CUST-26708,Marketplace
UK-2026-101241,2026-02-25,North,Gurugram,Formal Shirt,Fashion,1,1067,1067,CUST-22432,App
UK-2026-104738,2026-06-16,South,Kochi,Noise-Cancelling Headphones,Electronics,1,8898,8898,CUST-95666,Marketplace
UK-2026-103536,2026-05-18,North,Gurugram,Robot Vacuum R7,Home & Kitchen,1,18216,18216,CUST-30705,App
UK-2026-102497,2026-04-05,West,Mumbai,Mixer Grinder 750W,Home & Kitchen,1,3373,3373,CUST-99802,App
UK-2026-102710,2026-04-17,Central,Indore,Foldable Treadmill T2,Sports,2,25824,51648,CUST-32885,App
UK-2026-101597,2026-03-27,North,Delhi,Robot Vacuum R7,Home & Kitchen,4,19102,76408,CUST-29048,Website
UK-2026-100824,2026-02-02,Central,Bhopal,Silk Saree,Fashion,1,3557,,CUST-27441,Website
UK-2026-103413,2026-05-30,North,Gurugram,Denim Jacket,Fashion,1,2162,2162,CUST-47954,App
UK-2026-104385,2026-06-28,West,Surat,Denim Jacket,Fashion,,2252,2252,CUST-37659,Website
UK-2026-104168,2026-06-28,Central,Bhopal,Wireless Earbuds Pro,Electronics,1,3130,3130,CUST-85755,Marketplace
UK-2026-101729,2026-03-04,Central,Bhopal,Gym Gloves,Sports,1,492,492,CUST-18213,Website
UK-2026-102271,05-04-26,West,Pune,Electric Kettle 1.5L,Home & Kitchen,1,1144,1144,CUST-46651,App
UK-2026-104610,2026-06-27,,Ahmedabad,Ultrabook Air 14,Electronics,2,28890,57780,CUST-42101,Marketplace
UK-2026-101985,2026-03-19,West,Surat,Ultrabook Air 14,Electronics,2,29731,59462,CUST-60402,Marketplace
UK-2026-102702,2026-04-28,West,Pune,Modern Wall Clock,Home & Kitchen,2,771,1542,CUST-53182,App
UK-2026-101771,2026-03-14,East,Patna,Beard Grooming Kit,Beauty,1,981,981,CUST-86289,App
UK-2026-103253,2026-05-28,East,Guwahati,Electric Kettle 1.5L,Home & Kitchen,3,1097,3291,CUST-51042,App
UK-2026-101937,2026-03-24,South,Bengaluru,Matte Lipstick Set,Beauty,1,864,864,CUST-57020,App
UK-2026-102924,2026-04-17,South,Bengaluru,Ethnic Dupatta,Fashion,4,519,2076,CUST-35354,App
UK-2026-104002,2026-05-29,West,Pune,Formal Shirt,Fashion,2,1079,2158,CUST-42995,Website
UK-2026-100547,2026-01-02,North,Chandigarh,Electric Kettle 1.5L,Home & Kitchen,1,1146,1146,CUST-53765,App
UK-2026-104767,2026-06-11,North,Chandigarh,Silk Saree,Fashion,3,3448,10344,CUST-88265,Marketplace
UK-2026-101377,2026-02-22,South,Hyderabad,Foldable Treadmill T2,Sports,1,25101,25101,CUST-30789,Website
UK-2026-100564,2026-01-25,South,Bangalore,Smart Watch X2,Electronics,2,4438,8876,CUST-47939,App
UK-2026-100061,2026-01-18,West,Ahmedabad,Bluetooth Speaker Mini,Electronics,1,1532,"₹1,532",CUST-54182,App
UK-2026-102322,14/04/2026,North,Noida,Cycling Helmet,Sports,2,1546,3092,CUST-78577,App
UK-2026-102126,2026-03-05,West,Ahmedabad,Modern Wall Clock,Home & Kitchen,1,809,809,CUST-29075,App
UK-2026-100156,2026-01-08,North,Noida,Mixer Grinder 750W,Home & Kitchen,2,3270,6540,CUST-43484,Website
UK-2026-102103,2026-03-14,Central,Raipur,Badminton Racket Set,Sports,1,2515,,CUST-29408,Marketplace
UK-2026-101682,2026-03-07,East,Kolkata,Mirrorless Camera Lite,Electronics,1,29385,29385,CUST-98226,Marketplace
UK-2026-104166,2026-06-07,South,Hyderabad,Sunscreen SPF50,Beauty,0,536,1608,CUST-56813,Marketplace
UK-2026-104374,24-06-26,North,Noida,43-inch Smart TV,Electronics,1,26268,26268,CUST-52432,Website
UK-2026-104232,2026-06-10,Central,Indore,Makeup Brush Set,Beauty,2,1319,2638,CUST-61482,Marketplace
UK-2026-101220,2026-02-03,East,Patna,Face Wash Combo,Beauty,1,461,461,CUST-82278,Website
UK-2026-101042,2026-02-28,West,Pune,Matte Lipstick Set,Beauty,1,912,912,CUST-32480,Website
UK-2026-104872,2026-06-02,South,Kochi,Smart Watch X2,Electronics,1,4567,4567,CUST-28933,App
UK-2026-104919,2026-06-16,Central,Indore,Mixer Grinder 750W,Home & Kitchen,1,3281,3281,CUST-25493,App
UK-2026-100762,2026-02-07,North,Gurugram,Cotton Kurta Set,Fashion,1,1263,1263,CUST-63472,Website
UK-2026-100506,2026-01-23,East,Patna,Robot Vacuum R7,Home & Kitchen,1,19380,19380,CUST-81807,Website
UK-2026-103139,2026-05-26,West,Mumbai,Cotton Bedsheet Set,Home & Kitchen,1,1434,1434,CUST-84349,Marketplace
UK-2026-104152,2026-06-02,South,Hyderabad,Formal Shirt,Fashion,2,1057,2114,CUST-74356,Website
UK-2026-103779,2026-05-08,West,Pune,Eau de Parfum 100ml,Beauty,1,2074,2074,CUST-19396,App
UK-2026-104579,2026-06-21,South,Kochi,Gym Gloves,Sports,1,496,496,CUST-50655,Marketplace
UK-2026-102817,2026-04-24,West,Pune,Foldable Treadmill T2,Sports,1,24268,24268,CUST-73416,Website
UK-2026-103989,2026-05-13,West,Pune,Leather Wallet,Fashion,1,885,885,CUST-16124,Website
UK-2026-100276,2026-01-24,West,Mumbai,Modern Wall Clock,Home & Kitchen,1,786,786,CUST-42826,App
UK-2026-100894,2026-02-24,North,Delhi,Smart Watch X2,Electronics,1,4684,4684,CUST-91084,Website
UK-2026-100897,2026-02-12,South,Kochi,Non-Stick Cookware Set,Home & Kitchen,1,2994,2994,CUST-20361,Website
UK-2026-102142,2026-03-03,South,Kochi,Wireless Earbuds Pro,Electronics,1,2931,2931,CUST-53182,App
UK-2026-103535,2026-05-20,North,Gurugram,Robot Vacuum R7,Home & Kitchen,1,19912,19912,CUST-57582,Marketplace
UK-2026-101182,2026-02-04,North,Chandigarh,Cotton Bedsheet Set,Home & Kitchen,2,1367,2734,CUST-16959,App
UK-2026-101485,2026-03-14,Central,Nagpur,Smart Watch X2,Electronics,1,4414,4414,CUST-47315,Marketplace
UK-2026-101510,2026-03-24,South,Kochi,Ionic Hair Dryer,Beauty,1,1826,1826,CUST-46889,Website
UK-2026-100496,"Jan 26, 2026",West,Ahmedabad,Cricket Bat English Willow,Sports,2,8770,17540,CUST-42155,Marketplace
UK-2026-103372,2026-05-20,South,Kochi,Air Fryer 5L,Home & Kitchen,2,5538,11076,CUST-67920,Marketplace
UK-2026-103446,2026-05-08,Central,Raipur,Mirrorless Camera Lite,Electronics,1,29379,29379,CUST-22712,Website
UK-2026-103880,2026-05-10,South,Hyderabad,43-inch Smart TV,Electronics,,26717,26717,CUST-48848,Marketplace
UK-2026-101823,2026-03-27,East,Kolkata,Non-Stick Cookware Set,Home & Kitchen,2,3000,6000,CUST-21716,Marketplace
UK-2026-100053,2026-01-14,West,Mumbai,Formal Shirt,Fashion,1,1111,1111,CUST-27738,App
UK-2026-102922,2026-04-29,South,Chennai,Vitamin C Serum,Beauty,4,665,2660,CUST-88965,Marketplace
UK-2026-103452,2026-05-17,Central,Nagpur,Denim Jacket,Fashion,4,2299,9196,CUST-51167,App
UK-2026-102416,2026-04-30,South,Kochi,Wireless Earbuds Pro,Electronics,1,2849,"2,849.00",CUST-98680,App
UK-2026-103714,2026-05-07,South,Kochi,Mirrorless Camera Lite,Electronics,4,27784,111136,CUST-53381,Marketplace
UK-2026-100817,2026-02-25,West,Pune,Mirrorless Camera Lite,Electronics,2,29166,58332,CUST-19953,Marketplace
UK-2026-104068,2026-06-09,South,Bengaluru,Power Bank 20000mAh,Electronics,1,1869,1869,CUST-54466,App
UK-2026-103171,2026-05-22,North,Delhi,Matte Lipstick Set,Beauty,1,860,860,CUST-89699,App
UK-2026-101974,2026-03-28,North,Chandigarh,Matte Lipstick Set,Beauty,1,923,923,CUST-51752,Website
UK-2026-101497,2026-03-28,West,Mumbai,Face Wash Combo,Beauty,3,442,1326,CUST-74498,App
UK-2026-104256,2026-06-25,South,Bengaluru,Formal Shirt,Fashion,1,1121,1121,CUST-32769,App
UK-2026-104431,2026-06-14,South,Chennai,Smart Watch X2,Electronics,1,4475,4475,CUST-22026,Website
UK-2026-101711,2026-03-15,South,Bengaluru,Cotton Kurta Set,Fashion,1,1332,1332,CUST-95761,Marketplace
UK-2026-103231,2026-05-02,West,Pune,Beard Grooming Kit,Beauty,1,995,995,CUST-17305,App
UK-2026-104286,2026-06-19,West,Mumbai,Cotton Kurta Set,Fashion,1,1359,1359,CUST-96889,App
UK-2026-102201,2026-03-14,East,Patna,Non-Stick Cookware Set,Home & Kitchen,3,3015,9045,CUST-99661,App
UK-2026-103708,2026-05-09,North,Noida,Power Bank 20000mAh,Electronics,1,1765,1765,CUST-13599,Website
UK-2026-103059,2026-04-14,South,Bengaluru,Ultrabook Air 14,Electronics,1,29282,29282,CUST-45487,App
UK-2026-102391,2026-04-10,South,Hyderabad,Mirrorless Camera Lite,Electronics,1,28418,28418,CUST-79226,Marketplace
UK-2026-103838,2026-05-30,West,Mumbai,Non-Stick Cookware Set,Home & Kitchen,1,2925,2925,CUST-90597,App
UK-2026-104161,2026-06-29,West,Pune,Bluetooth Speaker Mini,Electronics,2,1528,3056,CUST-78574,App
UK-2026-104166,2026-06-07,South,Hyderabad,Sunscreen SPF50,Beauty,0,536,1608,CUST-56813,Marketplace
UK-2026-100513,2026-01-31,East,Guwahati,Cotton Bedsheet Set,Home & Kitchen,2,1348,2696,CUST-86619,App
UK-2026-104639,2026-06-05,West,Mumbai,Air Fryer 5L,Home & Kitchen,2,5319,10638,CUST-26675,App
UK-2026-102099,2026-03-16,North,Chandigarh,NON-STICK COOKWARE SET,Home & Kitchen,1,3039,3039,CUST-49730,Website
UK-2026-100131,2026-01-22,Central,Indore,Face Wash Combo,Beauty,2,457,914,CUST-83063,Website
UK-2026-100682,2026-01-16,South,Chennai,Noise-Cancelling Headphones,Electronics,1,8960,8960,CUST-41525,Website
UK-2026-102575,2026-04-22,North,Chandigarh,Leather Wallet,Fashion,1,942,942,CUST-91470,App
UK-2026-104375,2026-06-23,North,Chandigarh,Dinner Set 24pc,Home & Kitchen,1,2545,2545,CUST-98275,Marketplace
UK-2026-102019,2026-03-30,South,Cochin,Formal Shirt,Fashion,1,1141,1141,CUST-79358,Website
UK-2026-102365,2026-04-27,East,Guwahati,Vitamin C Serum,Beauty,1,728,728,CUST-47315,App
UK-2026-101828,2026-03-08,North,Gurugram,Ethnic Dupatta,Fashion,1,520,520,CUST-55532,App
UK-2026-102755,2026-04-11,North,Chandigarh,Ethnic Dupatta,Fashion,3,521,1563,CUST-30789,App
UK-2026-104941,2026-06-21,Central,Indore,Non-Stick Cookware Set,Home & Kitchen,1,2979,2979,CUST-30705,Website
UK-2026-101521,2026-03-23,Central,Bhopal,Leather Wallet,Fashion,1,859,859,CUST-56984,Website
UK-2026-101312,2026-02-20,West,Pune,Ethnic Dupatta,Fashion,1,501,501,CUST-37813,App
UK-2026-101108,2026-02-18,South,Bengaluru,Ultrabook Air 14,Electronics,0,29532,29532,CUST-60306,App
UK-2026-102108,2026-03-18,Central,Indore,Ethnic Dupatta,Fashion,4,481,1924,CUST-24016,Website
UK-2026-104769,2026-06-06,South,Hyderabad,43-inch Smart TV,Electronics,1,26499,26499,CUST-44625,App
UK-2026-100568,2026-01-09,North,Gurugram,Mixer Grinder 750W,Home & Kitchen,1,3429,3429,CUST-61773,Website
UK-2026-102252,2026-04-27,East,Patna,Gym Gloves,Sports,1,492,492,CUST-86086,Website
UK-2026-102914,2026-04-20,North,Chandigarh,Formal Shirt,Fashion,1,1152,1152,CUST-54564,App
UK-2026-104214,2026-06-28,East,Patna,Mirrorless Camera Lite,Electronics,1,28896,28896,CUST-25673,App
UK-2026-102639,2026-04-19,South,Kochi,Gym Gloves,Sports,2,496,992,CUST-40132,App
UK-2026-104898,2026-06-25,West,Pune,Dinner Set 24pc,Home & Kitchen,1,2423,2423,CUST-12761,Marketplace
UK-2026-101142,2026-02-04,North,Gurugram,Sunscreen SPF50,Beauty,1,569,569,CUST-59109,App
UK-2026-103181,2026-05-12,South,Bengaluru,Gym Gloves,Sports,2,481,962,CUST-94216,Website
UK-2026-100590,2026-01-15,North,Gurugram,Sunscreen SPF50,Beauty,1,556,556,CUST-98697,Website
UK-2026-103602,2026-05-18,North,New Delhi,Mirrorless Camera Lite,Electronics,4,30218,120872,CUST-66310,Marketplace
UK-2026-102895,2026-04-23,Central,Nagpur,Bluetooth Speaker Mini,Electronics,2,1516,3032,CUST-48215,App
UK-2026-103305,2026-05-14,North,Delhi,Noise-Cancelling Headphones,Electronics,1,8939,8939,CUST-62414,App
UK-2026-103638,2026-05-11,South,Kochi,Wireless Earbuds Pro,Electronics,1,2878,2878,CUST-14093,App
UK-2026-104568,21/06/2026,South,Bengaluru,Cotton Kurta Set,Fashion,2,1292,2584,CUST-72393,App
UK-2026-101856,2026-03-19,West,Surat,Beard Grooming Kit,Beauty,1,989,989,CUST-86951,App
UK-2026-104394,2026-06-20,South,Kochi,Power Bank 20000mAh,Electronics,2,1838,3676,CUST-49181,App
UK-2026-104880,2026-06-09,South,Bengaluru,Leather Wallet,Fashion,1,876,876,CUST-45487,Marketplace
UK-2026-102782,2026-04-05,South,Bengaluru,Power Bank 20000mAh,Electronics,1,1876,1876,CUST-17387,Website
UK-2026-100801,2026-02-10,North,Noida,Non-Stick Cookware Set,Home & Kitchen,1,2921,2921,CUST-39356,Website
UK-2026-101302,2026-02-03,North,Chandigarh,Noise-Cancelling Headphones,Electronics,1,9329,9329,CUST-89116,App
UK-2026-104494,2026-06-20,North,Noida,Non-Stick Cookware Set,Home & Kitchen,,2887,2887,CUST-39884,App
UK-2026-103300,2026-05-04,North,Delhi,Wireless Earbuds Pro,Electronics,2,3003,6006,CUST-30406,Website
UK-2026-103054,2026-04-10,North,Gurugram,Vitamin C Serum,Beauty,2,682,1364 INR,CUST-21579,Website
UK-2026-103415,2026-05-23,Central,Bhopal,Foldable Treadmill T2,Sports,1,23889,23889,CUST-25397,Website
UK-2026-103892,2026-05-25,East,Patna,Ethnic Dupatta,Fashion,1,511,511,CUST-39399,Website
UK-2026-103658,2026-05-05,North,Gurugram,Modern Wall Clock,Home & Kitchen,1,823,823,CUST-56533,Marketplace
UK-2026-103910,2026-05-15,South,Hyderabad,Silk Saree,Fashion,2,3336,6672,CUST-85755,Website
UK-2026-101455,2026-03-28,West,Pune,Cycling Helmet,Sports,1,1538,1538,CUST-89481,App
UK-2026-101413,2026-02-02,South,Bengaluru,Cotton Kurta Set,Fashion,3,1333,3999,CUST-24115,Website
UK-2026-102911,2026-04-15,East,Guwahati,Denim Jacket,Fashion,1,2241,2241,CUST-52771,App
UK-2026-104968,2026-06-21,West,Pune,Badminton Racket Set,Sports,1,2503,2503,CUST-78577,Marketplace
UK-2026-102920,2026-04-02,South,Chennai,Mirrorless Camera Lite,Electronics,1,28861,28861,CUST-61969,App
UK-2026-101417,01/02/2026,North,Noida,Wireless Earbuds Pro,Electronics,2,2923,5846,CUST-65136,Website
UK-2026-103905,2026-05-31,East,Bhubaneswar,Bluetooth Speaker Mini,Electronics,1,1478,1478,CUST-62481,App
UK-2026-103537,2026-05-01,South,Bengaluru,Non-Stick Cookware Set,Home & Kitchen,1,2991,2991,CUST-16863,Website
UK-2026-104677,2026-06-22,South,Hyderabad,Air Fryer 5L,Home & Kitchen,2,5358,10716,CUST-26101,App
UK-2026-100901,2026-02-24,South,Hyderabad,Yoga Mat Pro,Sports,2,1148,2296,CUST-66725,Website
UK-2026-101513,2026-03-27,North,Gurugram,Leather Wallet,Fashion,1,912,912,CUST-10958,App
UK-2026-103253,2026-05-28,East,Guwahati,Electric Kettle 1.5L,Home & Kitchen,3,1097,3291,CUST-51042,App
UK-2026-104362,2026-06-29,West,Pune,Gym Gloves,Sports,2,509,1018,CUST-78802,Marketplace
UK-2026-104240,2026-06-16,West,Bombay,Ethnic Dupatta,Fashion,1,503,503,CUST-97293,App
UK-2026-101376,2026-02-18,South,Bengaluru,Electric Kettle 1.5L,Home & Kitchen,1,1142,1142,CUST-18461,Website
UK-2026-103642,2026-05-17,South,Bengaluru,Mixer Grinder 750W,Home & Kitchen,1,3149,3149,CUST-81315,App
UK-2026-103570,2026-05-31,West,Surat,Silk Saree,Fashion,1,3370,3370,CUST-73997,Website
UK-2026-101761,2026-03-09,North,Noida,Air Fryer 5L,Home & Kitchen,1,5652,5652,CUST-39525,App
UK-2026-104616,2026-06-28,Central,Indore,Gym Gloves,Sports,1,484,₹484,CUST-71453,Website
UK-2026-101435,2026-02-13,West,Mumbai,Noise-Cancelling Headphones,Electronics,1,9284,9284,CUST-18637,Website
UK-2026-104903,2026-06-28,South,Chennai,Cotton Bedsheet Set,Home & Kitchen,1,1410,1410,CUST-67585,App
UK-2026-102569,2026-04-17,South,Kochi,Cotton Bedsheet Set,Home & Kitchen,1,1392,1392,CUST-38375,App
UK-2026-101321,2026-02-18,South,Bengaluru,Mirrorless Camera Lite,Electronics,1,28478,28478,CUST-89620,Website
UK-2026-102643,2026-04-27,South,Hyderabad,Bluetooth Speaker Mini,Electronics,1,1480,1480,CUST-24531,Marketplace
UK-2026-100402,2026-01-10,North,New Delhi,Non-Stick Cookware Set,Home & Kitchen,1,2922,2922,CUST-99649,App
UK-2026-101211,2026-02-04,South,Madras,Slim Fit Jeans,Fashion,1,1555,1555,CUST-33447,Marketplace
UK-2026-101520,2026-03-07,West,Mumbai,Mixer Grinder 750W,Home & Kitchen,1,3250,3250,CUST-25397,App
UK-2026-103955,2026-05-07,South,Hyderabad,Silk Saree,Fashion,2,3408,6816,CUST-42101,App
UK-2026-100069,2026-01-11,East,Guwahati,Cotton Bedsheet Set,Home & Kitchen,2,1442,2884,CUST-89481,App
UK-2026-103474,2026-05-31,South,Chennai,Ultrabook Air 14,Electronics,1,28708,28708,CUST-81087,Marketplace
UK-2026-104862,2026-06-22,South,Kochi,Slim Fit Jeans,Fashion,1,1672,1672,CUST-81867,Marketplace
UK-2026-101469,2026-03-19,West,Ahmedabad,Makeup Brush Set,Beauty,1,1324,1324,CUST-32361,Website
UK-2026-103298,2026-05-09,East,Kolkata,Football Size 5,Sports,2,854,1708,CUST-70048,Marketplace
UK-2026-104380,2026-06-03,West,Surat,Smart Watch X2,Electronics,1,4503,4503,CUST-53790,Marketplace
UK-2026-100560,2026-01-02,West,Pune,Silk Saree,Fashion,1,3603,3603,CUST-94683,App
UK-2026-102813,2026-04-24,North,Gurugram,Noise-Cancelling Headphones,Electronics,1,8750,8750,CUST-12114,App
UK-2026-101098,2026-02-26,West,Ahmedabad,Power Bank 20000mAh,Electronics,1,1882,1882,CUST-77584,Marketplace
UK-2026-102574,2026-04-14,North,Noida,Robot Vacuum R7,Home & Kitchen,1,18964,18964,CUST-32875,Website
UK-2026-104854,2026-06-23,North,Chandigarh,Cotton Kurta Set,Fashion,1,1262,1262,CUST-11236,Website
UK-2026-102182,2026-03-23,East,Kolkata,Modern Wall Clock,Home & Kitchen,2,839,1678,CUST-70398,Website
UK-2026-103039,2026-04-20,North,Chandigarh,Denim Jacket,Fashion,1,2304,2304,CUST-72376,Marketplace
UK-2026-100103,2026-01-17,South,Hyderabad,Mirrorless Camera Lite,Electronics,1,29551,29551,CUST-91064,Marketplace
UK-2026-104372,2026-06-10,West,Ahmedabad,Robot Vacuum R7,Home & Kitchen,4,19396,77584,CUST-72376,Marketplace
UK-2026-102869,2026-04-07,South,Kochi,Silk Saree,Fashion,1,3455,3455,CUST-96460,Website
UK-2026-101832,2026-03-19,North,Chandigarh,Denim Jacket,Fashion,1,2278,2278,CUST-26685,App
UK-2026-104010,2026-05-10,North,Delhi,Electric Kettle 1.5L,Home & Kitchen,3,1146,3438,CUST-42565,Website
UK-2026-100520,2026-01-30,South,Kochi,Cricket Bat English Willow,Sports,2,9217,18434,CUST-85765,Website
UK-2026-102496,2026-04-11,North,Gurugram,Robot Vacuum R7,Home & Kitchen,1,19217,19217,CUST-32994,Website
UK-2026-103217,2026-05-17,East,Kolkata,Silk Saree,Fashion,2,3413,6826,CUST-23919,App
UK-2026-101452,2026-03-15,West,Mumbai,Vitamin C Serum,Beauty,1,722,722,CUST-14062,Website
UK-2026-101265,2026-02-01,West,Surat,Silk Saree,Fashion,1,3584,3584,CUST-30051,App
UK-2026-104086,2026-06-14,West,Pune,43-inch Smart TV,Electronics,2,25663,51326,CUST-37572,Website
UK-2026-102670,2026-04-15,North,Noida,Power Bank 20000mAh,Electronics,1,1866,1866,CUST-28933,Marketplace
UK-2026-103596,2026-05-27,South,Bengaluru,Mixer Grinder 750W,Home & Kitchen,1,3387,3387,CUST-26987,Marketplace
UK-2026-101623,2026-03-20,West,Mumbai,Adjustable Dumbbells 15kg,Sports,1,5154,5154,CUST-77890,App
UK-2026-103837,2026-05-28,North,Chandigarh,Badminton Racket Set,Sports,3,2480,7440,CUST-13983,App
UK-2026-104076,2026-06-16,North,Delhi,Sunscreen SPF50,Beauty,3,540,1620,CUST-83682,App
UK-2026-102562,"Apr 21, 2026",South,Hyderabad,Power Bank 20000mAh,Electronics,1,1821,1821,CUST-41675,Marketplace
UK-2026-102227,2026-03-01,North,Chandigarh,Beard Grooming Kit,Beauty,1,1000,1000,CUST-89749,Website
UK-2026-100194,2026-01-18,West,Surat,Makeup Brush Set,Beauty,2,1249,2498,CUST-12017,App
UK-2026-102430,2026-04-12,South,Bengaluru,Adjustable Dumbbells 15kg,Sports,-2,4793,4793,CUST-37659,Website
UK-2026-103868,2026-05-21,East,Bhubaneswar,43-inch Smart TV,Electronics,2,26169,52338,CUST-34891,App
UK-2026-104469,2026-06-01,East,Bhubaneswar,Cotton Bedsheet Set,Home & Kitchen,1,1394,1394,CUST-20347,App
UK-2026-103710,2026-05-20,North,Delhi,Football Size 5,Sports,2,881,1762,CUST-99773,App
UK-2026-104435,2026-06-11,West,Mumbai,Non-Stick Cookware Set   ,Home & Kitchen,1,2859,2859,CUST-81043,App
UK-2026-102479,2026-04-08,North,Noida,Dinner Set 24pc,Home & Kitchen,1,2615,2615,CUST-35640,App
UK-2026-104809,2026-06-20,North,Noida,Smart Watch X2,Electronics,1,4299,4299,CUST-37286,Website
UK-2026-102256,2026-04-18,South,Hyderabad,Electric Kettle 1.5L,Home & Kitchen,2,1063,2126,CUST-60887,Marketplace
UK-2026-101638,2026-03-12,East,Patna,Cotton Bedsheet Set,Home & Kitchen,1,1426,1426,CUST-95666,App
UK-2026-102667,2026-04-18,Central,Nagpur,Slim Fit Jeans,Fashion,1,1562,1562,CUST-43914,App
UK-2026-103299,2026-05-25,North,Chandigarh,Smart Watch X2,Electronics,1,4483,4483,CUST-83383,Website
UK-2026-100887,2026-02-19,Central,Indore,Foldable Treadmill T2,Sports,1,25894,25894,CUST-71542,App
UK-2026-102986,2026-04-03,South,Kochi,Ionic Hair Dryer,Beauty,1,1848,1848,CUST-66213,Marketplace
UK-2026-100473,2026-01-19,South,  Bengaluru,Sunscreen SPF50,Beauty,1,541,541,CUST-35489,App
UK-2026-104864,"Jun 27, 2026",West,Ahmedabad,Cotton Kurta Set,Fashion,2,1318,2636,CUST-20915,Website
UK-2026-103502,2026-05-04,Central,Raipur,Denim Jacket,Fashion,2,2122,4244,CUST-70197,App
UK-2026-103169,2026-05-29,North,Delhi,Smart Watch X2,Electronics,1,4622,4622,CUST-76980,Marketplace
UK-2026-103477,2026-05-11,Central,Nagpur,Sunscreen SPF50,Beauty,1,550,550,CUST-94729,Marketplace
UK-2026-103924,2026-05-18,North,Chandigarh,Power Bank 20000mAh,Electronics,2,1848,3696,CUST-47212,App
UK-2026-104179,2026-06-27,West,Mumbai,Mixer Grinder 750W,Home & Kitchen,1,3251,3251,CUST-74944,App
UK-2026-102634,2026-04-07,South,Kochi,Non-Stick Cookware Set,Home & Kitchen,2,2857,5714,CUST-63998,Website
UK-2026-101319,2026-02-06,North,Chandigarh,Non-Stick Cookware Set,Home & Kitchen,1,2812,2812,CUST-96920,App
UK-2026-102811,2026-04-26,South,Chennai,Cotton Kurta Set,Fashion,2,1264,2528,CUST-98898,App
UK-2026-101328,2026-02-16,South,Kochi,Dinner Set 24pc,Home & Kitchen,3,2581,7743,CUST-81478,App
UK-2026-101512,2026-03-31,West,Surat,Cotton Kurta Set,Fashion,1,1341,1341,CUST-95069,App
UK-2026-100753,18-02-26,East,Bhubaneswar,Modern Wall Clock,Home & Kitchen,1,809,809,CUST-70251,App
UK-2026-104136,2026-06-30,East,Kolkata,Cotton Kurta Set,Fashion,1,1260,1260,CUST-46150,App
UK-2026-102467,2026-04-22,South,Kochi   ,Slim Fit Jeans,Fashion,1,1674,1674,CUST-59344,Marketplace
UK-2026-104294,2026-06-14,Central,Raipur,Silk Saree,Fashion,1,3433,3433,CUST-76160,Website
UK-2026-104108,2026-06-15,North,Chandigarh,43-inch Smart TV,Electronics,2,26500,53000,CUST-23735,App
UK-2026-101589,2026-03-04,North,Noida,Mirrorless Camera Lite,Electronics,4,30417,121668,CUST-53313,Website
UK-2026-101633,2026-03-31,West,Mumbai,Dinner Set 24pc,Home & Kitchen,2,2617,5234,CUST-15811,Marketplace
UK-2026-100217,2026-01-16,South,Bengaluru,Badminton Racket Set,Sports,1,2495,2495,CUST-39912,Marketplace
UK-2026-100978,2026-02-13,West,Ahmedabad,Face Wash Combo,Beauty,3,448,,CUST-38535,App
UK-2026-103359,2026-05-31,North,Delhi,Sunscreen SPF50,Beauty,2,550,1100,CUST-73593,Website
UK-2026-104543,2026-06-15,North,Chandigarh,Cotton Kurta Set,Fashion,1,1313,1313,CUST-54229,Marketplace
UK-2026-103274,2026-05-29,West,Mumbai,Robot Vacuum R7,Home & Kitchen,1,18928,18928,CUST-53998,Website
UK-2026-100675,2026-01-06,East,Guwahati,Ionic Hair Dryer,Beauty,2,1909,3818,CUST-75521,Website
UK-2026-104836,2026-06-28,South,Kochi,Denim Jacket,Fashion,1,2221,2221,CUST-80259,App
UK-2026-101279,2026-02-27,South,Bengaluru,Makeup Brush Set,Beauty,1,1257,1257,CUST-54360,App
UK-2026-104863,2026-06-22,West,Surat,Noise-Cancelling Headphones,Electronics,2,9409,18818,CUST-17326,Marketplace
UK-2026-104499,2026-06-17,East,Patna,Robot Vacuum R7,Home & Kitchen,,19335,19335,CUST-54437,Marketplace
UK-2026-101292,2026-02-11,West,Ahmedabad,Silk Saree,Fashion,1,3511,3511,CUST-48406,Website
UK-2026-102939,2026-04-20,South,Chennai,Slim Fit Jeans,Fashion,4,1659,6636,CUST-83338,App
UK-2026-101552,2026-03-05,West,Ahmedabad,Eau de Parfum 100ml,Beauty,2,1916,3832,CUST-67927,Marketplace
UK-2026-101866,2026-03-24,South,Kochi,Noise-Cancelling Headphones,Electronics,1,8695,8695,CUST-57131,Website
UK-2026-101573,2026-03-09,North,Chandigarh,Badminton Racket Set,Sports,1,2517,2517,CUST-63998,Website
UK-2026-100421,2026-01-01,West,Mumbai,Wireless Earbuds Pro,Electronics,1,2953,2953,CUST-90561,App
UK-2026-101956,04/03/2026,West,Mumbai,Running Sneakers,Fashion,1,2870,2870,CUST-49601,App
UK-2026-100390,2026-01-02,South,Hyderabad,Cotton Kurta Set,Fashion,2,1269,2538,CUST-52133,Marketplace
UK-2026-104522,2026-06-22,North,Chandigarh,Ultrabook Air 14,Electronics,1,29360,29360,CUST-38964,Marketplace
UK-2026-100404,2026-01-15,South,Kochi,Leather Wallet,Fashion,1,875,875,CUST-69266,Website
UK-2026-100075,2026-01-21,South,Kochi,Vitamin C Serum,Beauty,4,672,2688,CUST-53325,App
UK-2026-104882,2026-06-28,East,Kolkata,Power Bank 20000mAh,Electronics,1,1827,1827,CUST-69761,App
UK-2026-101014,"Feb 23, 2026",North,Gurugram,Air Fryer 5L,Home & Kitchen,1,5255,5255,CUST-93151,App
UK-2026-102802,2026-04-27,North,Delhi,Dinner Set 24pc,Home & Kitchen,2,2388,4776,CUST-89699,Website
UK-2026-103520,2026-05-26,South,Bengaluru,Modern Wall Clock,Home & Kitchen,2,814,1628,CUST-39584,App
UK-2026-101578,"Mar 20, 2026",Central,Nagpur,Electric Kettle 1.5L,Home & Kitchen,1,1092,1092,CUST-66591,Marketplace
UK-2026-101168,2026-02-27,North,Gurugram,Makeup Brush Set,Beauty,1,1254,1254,CUST-81876,Website
UK-2026-101639,2026-03-22,South,Hyderabad,Noise-Cancelling Headphones,Electronics,1,9326,9326,CUST-36923,Website
UK-2026-100451,04/01/2026,East,Bhubaneswar,Noise-Cancelling Headphones,Electronics,2,9281,18562,CUST-31128,App
UK-2026-104840,2026-06-16,South,Bengaluru,Wireless Earbuds Pro,Electronics,2,3058,6116,CUST-37237,Marketplace
UK-2026-102042,2026-03-12,West,Ahmedabad,Makeup Brush Set,Beauty,1,1262,1262,CUST-16920,App
UK-2026-103152,2026-05-10,North,Gurugram,Football Size 5,Sports,1,873,873,CUST-73890,Marketplace
UK-2026-102476,2026-04-13,South,Cochin,Beard Grooming Kit,Beauty,1,951,951,CUST-61410,Website
UK-2026-104592,2026-06-22,North,Delhi,Denim Jacket,Fashion,1,2184,2184,CUST-36469,Website
UK-2026-100765,2026-02-17,East,Patna,Bluetooth Speaker Mini,Electronics,1,1558,1558,CUST-15167,Website
UK-2026-104210,2026-06-06,Central,Indore,Power Bank 20000mAh,Electronics,2,1796,3592,CUST-76359,Website
UK-2026-102040,2026-03-31,Central,Nagpur,Bluetooth Speaker Mini,Electronics,1,1441,1441,CUST-88958,Marketplace
UK-2026-102720,2026-04-08,South,Chennai,Mirrorless Camera Lite,Electronics,1,29471,29471,CUST-44201,Website
UK-2026-101535,2026-03-28,South,Bengaluru,Yoga Mat Pro,Sports,1,1173,1173,CUST-81170,App
UK-2026-100865,2026-02-04,South,Kochi,43-inch Smart TV,Electronics,1,27099,27099,CUST-72405,Marketplace
UK-2026-103074,2026-04-15,South,Kochi,Yoga Mat Pro,Sports,1,1256,1256,CUST-10958,App
UK-2026-104844,2026-06-27,West,Surat,Noise-Cancelling Headphones,Electronics,1,8551,8551,CUST-84565,App
UK-2026-103391,2026-05-17,North,Delhi,Adjustable Dumbbells 15kg,Sports,1,5003,5003,CUST-85740,App
UK-2026-103070,2026-04-04,West,Pune,Vitamin C Serum,Beauty,1,672,,CUST-97113,App
UK-2026-102508,2026-04-15,Central,Nagpur,Foldable Treadmill T2,Sports,1,24329,24329,CUST-70736,Website
UK-2026-100101,2026-01-19,East,Bhubaneswar,Bluetooth Speaker Mini,Electronics,1,1433,1433,CUST-16254,Marketplace
UK-2026-104373,2026-06-06,Central,Raipur,Noise-Cancelling Headphones,Electronics,1,9322,9322,CUST-92580,App
UK-2026-100264,2026-01-15,South,Madras,Air Fryer 5L,Home & Kitchen,2,5361,10722,CUST-82468,App
UK-2026-100689,2026-01-09,East,Bhubaneswar,Dinner Set 24pc,Home & Kitchen,1,2457,"2,457.00",CUST-43042,App
UK-2026-102195,2026-03-18,North,Chandigarh,Denim Jacket,Fashion,1,2122,2122,CUST-30168,Website
UK-2026-101826,2026-03-14,South,Chennai,Leather Wallet,Fashion,3,918,2754,CUST-18637,App
UK-2026-100595,2026-01-13,South,Hyderabad,Badminton Racket Set,Sports,1,2517,2517,CUST-67251,App
UK-2026-103836,2026-05-29,North,Delhi,Dinner Set 24pc,Home & Kitchen,1,2609,2609,CUST-28574,Website
UK-2026-104778,2026-06-18,North,Noida,Foldable Treadmill T2,Sports,1,25662,25662,CUST-61143,Marketplace
UK-2026-100872,2026-02-05,North,New Delhi,Cotton Bedsheet Set,Home & Kitchen,3,1357,4071,CUST-47939,Website
UK-2026-100977,2026-02-11,North,Noida,Air Fryer 5L,Home & Kitchen,1,5395,5395,CUST-54437,Website
UK-2026-104913,2026-06-28,West,Surat,Bluetooth Speaker Mini,Electronics,1,1546,1546,CUST-98344,App
UK-2026-104135,2026-06-03,Central,Raipur,Robot Vacuum R7,Home & Kitchen,3,19923,59769,CUST-91397,App
UK-2026-103690,2026-05-13,South,Bengaluru,Cricket Bat English Willow,Sports,2,8930,17860,CUST-97899,App
UK-2026-104697,01-06-26,North,Chandigarh,Leather Wallet,Fashion,1,857,857,CUST-63381,App
UK-2026-104689,2026-06-20,East,Guwahati,Robot Vacuum R7,Home & Kitchen,1,19916,19916 INR,CUST-95941,App
UK-2026-101137,2026-02-10,South,Kochi,Bluetooth Speaker Mini,Electronics,1,1573,1573,CUST-23327,App
UK-2026-102516,2026-04-02,,Bhopal,Running Sneakers,Fashion,1,2695,2695,CUST-47315,Website
UK-2026-102990,2026-04-03,Central,Indore,Power Bank 20000mAh,Electronics,1,1774,1774,CUST-32321,App
UK-2026-102753,2026-04-04,East,Kolkata,43-inch Smart TV   ,Electronics,3,26645,79935,CUST-90761,Marketplace
UK-2026-103286,2026-05-17,Central,Bhopal,Leather Wallet,Fashion,1,863,863,CUST-90212,App
UK-2026-104904,2026-06-08,South,Hyderabad,Noise-Cancelling Headphones,Electronics,3,9425,28275,CUST-35855,Website
UK-2026-104930,2026-06-24,West,Ahmedabad,Ethnic Dupatta,Fashion,1,501,501,CUST-38375,App
UK-2026-104586,2026-06-26,North,Chandigarh,Wireless Earbuds Pro,Electronics,1,3133,3133,CUST-74878,App
UK-2026-103130,2026-05-05,Central,Bhopal,Ultrabook Air 14,Electronics,1,30663,30663,CUST-42154,Marketplace
UK-2026-100147,2026-01-06,West,Ahmedabad,Badminton Racket Set,Sports,2,2426,4852,CUST-71542,Website
UK-2026-104806,2026-06-17,West,Ahmedabad,Mirrorless Camera Lite,Electronics,1,29563,29563,CUST-73957,Marketplace
UK-2026-103214,2026-05-10,North,Delhi,Ultrabook Air 14,Electronics,1,31455,31455,CUST-70251,Marketplace
UK-2026-104352,2026-06-29,West,Surat,43-inch Smart TV,Electronics,1,26192,26192,CUST-13983,Website
UK-2026-100290,2026-01-27,North,Delhi,Cotton Bedsheet Set,Home & Kitchen,1,1362,1362,CUST-82034,App
UK-2026-103964,2026-05-14,South,Hyderabad,Cotton Kurta Set,Fashion,2,1255,2510,CUST-81170,App
UK-2026-100636,2026-01-04,West,Mumbai,Mirrorless Camera Lite,Electronics,4,29512,118048,CUST-19845,Website
UK-2026-100602,2026-01-09,West,Ahmedabad,Sunscreen SPF50,Beauty,2,552,1104,CUST-29445,App
UK-2026-102048,2026-03-10,East,Calcutta,Gym Gloves,Sports,1,515,515,CUST-73952,App
UK-2026-103959,2026-05-01,South,Hyderabad,Cycling Helmet,Sports,2,1540,3080,CUST-22121,App
UK-2026-101626,2026-03-30,East,Kolkata,Badminton Racket Set,Sports,2,2593,5186,CUST-94527,Website
UK-2026-101610,2026-03-09,East,Kolkata,Matte Lipstick Set,Beauty,1,893,893,CUST-49402,Website
UK-2026-104650,2026-06-26,Central,Raipur,Formal Shirt,Fashion,1,1099,1099,CUST-58866,App
UK-2026-104553,2026-06-14,North,Chandigarh,Modern Wall Clock,Home & Kitchen,2,761,1522,CUST-63230,Marketplace
UK-2026-104603,2026-06-29,East,Bhubaneswar,Cotton Kurta Set,Fashion,1,1321,1321,CUST-86376,Marketplace
UK-2026-101094,2026-02-15,North,Gurugram,Smart Watch X2,Electronics,1,4317,4317,CUST-26674,Marketplace
UK-2026-100974,2026-02-24,South,Bengaluru,Football Size 5,Sports,1,924,924,CUST-86086,Website
UK-2026-102898,2026-04-20,West,Ahmedabad,Eau de Parfum 100ml,Beauty,1,2027,2027,CUST-77309,Website
UK-2026-102829,2026-04-07,South,Chennai,Mixer Grinder 750W,Home & Kitchen,1,3208,3208,CUST-66310,App
UK-2026-100024,2026-01-15,South,Chennai,Sunscreen SPF50,Beauty,1,560,560,CUST-81170,App
UK-2026-104561,2026-06-21,South,Kochi,Smart Watch X2,Electronics,3,4593,13779,CUST-65542,App
UK-2026-100237,2026-01-10,West,Surat,Denim Jacket,Fashion,1,2203,2203,CUST-96908,App
UK-2026-102568,2026-04-17,West,Surat,Bluetooth Speaker Mini,Electronics,1,1460,1460,CUST-42155,App
UK-2026-103813,2026-05-12,Central,Bhopal,Electric Kettle 1.5L,Home & Kitchen,1,1044,1044,CUST-32166,Marketplace
UK-2026-100691,2026-01-09,West,Surat,Noise-Cancelling Headphones,Electronics,1,8677,8677,CUST-70194,App
UK-2026-101782,2026-03-16,South,Bengaluru,Mirrorless Camera Lite,Electronics,1,27797,27797,CUST-76878,App
UK-2026-103956,2026-05-13,North,Noida,Electric Kettle 1.5L,Home & Kitchen,2,1108,2216,CUST-40493,Marketplace
UK-2026-101085,2026-02-03,North,Delhi,  Modern Wall Clock,Home & Kitchen,3,801,2403,CUST-89368,App
UK-2026-101853,2026-03-26,Central,Nagpur,Slim Fit Jeans,Fashion,1,1580,1580,CUST-79226,Website
UK-2026-102321,2026-04-06,West,Mumbai,Matte Lipstick Set,Beauty,1,936,936,CUST-24523,App
UK-2026-100338,2026-01-20,North,Chandigarh,Air Fryer 5L,Home & Kitchen,2,5485,10970,CUST-82140,Website
UK-2026-104121,2026-06-16,East,Patna,Running Sneakers,Fashion,1,2877,2877,CUST-36923,App
UK-2026-104774,2026-06-03,South,Chennai,Power Bank 20000mAh,Electronics,1,1802,1802,CUST-31348,Marketplace
UK-2026-101818,13-03-26,South,Chennai,Running Sneakers,Fashion,1,2835,2835,CUST-57096,Website
UK-2026-104386,2026-06-30,East,Guwahati,Smart Watch X2,Electronics,1,4392,4392,CUST-35354,App
UK-2026-100551,2026-01-25,West,Pune,Mixer Grinder 750W,Home & Kitchen,4,3351,13404,CUST-95082,Website
UK-2026-104758,2026-06-22,North,Chandigarh,Yoga Mat Pro,Sports,1,1195,1195,CUST-43523,Marketplace
UK-2026-100472,2026-01-26,East,Guwahati,Robot Vacuum R7,Home & Kitchen,1,18221,18221,CUST-52619,App
UK-2026-104902,2026-06-23,West,Ahmedabad,Slim Fit Jeans,Fashion,1,1592,1592,CUST-83741,App
UK-2026-101462,2026-03-13,South,Kochi,Wireless Earbuds Pro,Electronics,1,3139,3139,CUST-71347,App
UK-2026-100700,2026-01-02,North,Chandigarh,Face Wash Combo,Beauty,2,444,888,CUST-41525,Marketplace
UK-2026-103635,2026-05-26,South,Chennai,Air Fryer 5L,Home & Kitchen,1,5653,5653,CUST-33894,Marketplace
UK-2026-103038,2026-04-25,North,Gurugram,Wireless Earbuds Pro,Electronics,1,2894,2894,CUST-19269,App
UK-2026-103027,2026-04-03,Central,Nagpur,Gym Gloves,Sports,2,514,1028,CUST-45867,App
UK-2026-102207,2026-03-14,South,Kochi,Denim Jacket,Fashion,1,2125,2125,CUST-54466,Marketplace
UK-2026-102257,2026-04-10,West,Surat,Makeup Brush Set,Beauty,2,1263,2526,CUST-19875,Website
UK-2026-102443,2026-04-26,North,Delhi,Ethnic Dupatta,Fashion,1,498,498,CUST-84408,App
UK-2026-101806,2026-03-30,North,Noida,Ultrabook Air 14,Electronics,3,29160,87480,CUST-30888,Website
UK-2026-103307,2026-05-30,North,Gurugram,Air Fryer 5L,Home & Kitchen,2,5622,11244,CUST-66109,Website
UK-2026-103724,2026-05-20,East,Kolkata,Non-Stick Cookware Set,Home & Kitchen,2,3027,6054,CUST-42016,Marketplace
UK-2026-103096,2026-05-15,West,Surat,Wireless Earbuds Pro,Electronics,1,2920,2920,CUST-61128,App
UK-2026-103805,2026-05-29,West,Surat,Noise-Cancelling Headphones,Electronics,1,8780,8780,CUST-67127,Marketplace
UK-2026-102491,2026-04-21,North,Delhi,Cotton Bedsheet Set   ,Home & Kitchen,1,1349,1349,CUST-38964,Website
UK-2026-103842,2026-05-26,West,Mumbai,Silk Saree,Fashion,2,3611,7222,CUST-31478,App
UK-2026-100307,2026-01-07,West,Pune,Sunscreen SPF50,Beauty,1,570,570,CUST-90143,App
UK-2026-103236,2026-05-09,South,Hyderabad,Denim Jacket,Fashion,1,2265,2265,CUST-90072,Website
UK-2026-103709,2026-05-25,West,Mumbai,Dinner Set 24pc,Home & Kitchen,1,2424,2424,CUST-61393,App
UK-2026-102452,2026-04-09,East,Calcutta,Modern Wall Clock,Home & Kitchen,1,812,812,CUST-45487,Marketplace
UK-2026-101684,2026-03-23,Central,Raipur,Wireless Earbuds Pro,Electronics,2,3016,,CUST-41525,Website
UK-2026-103668,2026-05-27,West,Surat,Football Size 5,Sports,1,883,883,CUST-53381,Website
UK-2026-103998,2026-05-04,Central,Indore,Cotton Kurta Set,Fashion,2,1342,2684,CUST-82603,App
UK-2026-103606,2026-05-07,West,Surat,Face Wash Combo,Beauty,2,455,910,CUST-66805,App
UK-2026-102715,2026-04-13,West,Mumbai,Denim Jacket,Fashion,1,2147,2147,CUST-40605,Marketplace
UK-2026-100248,2026-01-28,North,Noida,Gym Gloves,Sports,1,522,522,CUST-91309,Website
UK-2026-103716,2026-05-10,Central,Bhopal,43-inch Smart TV,Electronics,1,24966,24966,CUST-33821,Marketplace
UK-2026-103322,03/05/2026,East,Patna,Running Sneakers,Fashion,2,2690,5380,CUST-55613,App
UK-2026-103763,2026-05-29,West,Pune,Face Wash Combo,Beauty,1,467,467,CUST-74286,App
UK-2026-101152,2026-02-24,South,kochi,Face Wash Combo,Beauty,1,441,441,CUST-20361,App
UK-2026-104535,2026-06-13,West,Pune,Power Bank 20000mAh,Electronics,1,1833,1833,CUST-27738,Marketplace
UK-2026-101694,2026-03-31,South,Hyderabad,Smart Watch X2,Electronics,1,4653,4653,CUST-42995,App
UK-2026-102956,2026-04-22,East,Bhubaneswar,Mixer Grinder 750W,Home & Kitchen,1,3203,3203,CUST-26321,Website
UK-2026-102037,"Mar 11, 2026",South,Bengaluru,43-inch Smart TV,Electronics,1,26468,26468,CUST-15018,App
UK-2026-100179,2026-01-06,South,Hyderabad,Face Wash Combo,Beauty,2,470,940,CUST-49028,App
UK-2026-101506,2026-03-28,South,Hyderabad,Adjustable Dumbbells 15kg,Sports,2,4974,9948,CUST-73578,Marketplace
UK-2026-100176,2026-01-30,West,Mumbai,Noise-Cancelling Headphones,Electronics,2,9090,18180,CUST-51962,App
UK-2026-101039,2026-02-05,South,Hyderabad,Silk Saree,Fashion,1,3451,3451,CUST-58389,Website
UK-2026-104439,2026-06-08,West,Pune,Matte Lipstick Set,Beauty,1,908,908,CUST-98862,Website
UK-2026-104692,2026-06-12,South,Bengaluru,Denim Jacket,Fashion,1,2291,2291,CUST-43523,Marketplace
UK-2026-102545,2026-04-10,Central,Indore,Ultrabook Air 14,Electronics,1,30388,30388,CUST-81315,Marketplace
UK-2026-104397,2026-06-12,North,Gurugram,Silk Saree,Fashion,2,3508,7016,CUST-59555,App
UK-2026-104129,2026-06-05,East,Patna,Non-Stick Cookware Set,Home & Kitchen,2,2760,5520,CUST-76717,Website
UK-2026-101508,2026-03-27,West,Surat,Face Wash Combo,Beauty,2,470,940,CUST-56861,Website
UK-2026-101965,2026-03-31,South,Bengaluru,Air Fryer 5L,Home & Kitchen,2,5539,11078,CUST-89124,Website
UK-2026-101223,2026-02-22,North,Gurugram,Ethnic Dupatta,Fashion,1,486,486,CUST-97302,App
UK-2026-101713,2026-03-21,Central,Nagpur,Electric Kettle 1.5L,Home & Kitchen,2,1102,2204,CUST-34728,App
UK-2026-102111,2026-03-28,North,Delhi,Cotton Bedsheet Set,Home & Kitchen,1,1444,1444,CUST-26675,App
UK-2026-102140,2026-03-20,West,Ahmedabad,Foldable Treadmill T2,Sports,1,24050,24050,CUST-92051,App
UK-2026-104077,2026-06-19,East,Patna,Denim Jacket,Fashion,1,2111,2111,CUST-58700,Website
UK-2026-101707,2026-03-13,East,Guwahati,Smart Watch X2,Electronics,1,4275,4275,CUST-33944,App
UK-2026-101612,2026-03-28,South,Hyderabad,Ethnic Dupatta,Fashion,1,519,519,CUST-21402,Website
UK-2026-100337,2026-01-03,North,New Delhi,Formal Shirt,Fashion,1,1152,1152,CUST-40882,App
UK-2026-104861,2026-06-01,West,Ahmedabad,Vitamin C Serum,Beauty,,709,709,CUST-82093,Website
UK-2026-103337,2026-05-10,West,Mumbai,Cotton Kurta Set,Fashion,1,1300,1300,CUST-35625,App
UK-2026-102915,2026-04-03,South,Hyderabad,Formal Shirt,Fashion,1,1095,1095,CUST-12014,Website
UK-2026-101652,2026-03-07,North,Gurugram,Formal Shirt,Fashion,3,1080,3240,CUST-65880,App
UK-2026-104134,2026-06-20,East,Bhubaneswar,Matte Lipstick Set,Beauty,1,892,892,CUST-68635,App
UK-2026-101017,2026-02-01,South,Hyderabad,Ethnic Dupatta,Fashion,1,493,493,CUST-74207,App
UK-2026-102712,2026-04-26,North,Gurugram,Slim Fit Jeans,Fashion,1,1538,1538,CUST-41345,App
UK-2026-102110,2026-03-25,West,Surat,Ultrabook Air 14,Electronics,1,28750,28750,CUST-30690,Marketplace
UK-2026-102304,2026-04-27,South,Bengaluru,Cricket Bat English Willow,Sports,1,9391,9391,CUST-35978,Marketplace
UK-2026-103056,2026-04-02,South,Hyderabad,Leather Wallet,Fashion,1,890,890,CUST-76359,App
UK-2026-104770,2026-06-28,North,Gurugram,Silk Saree,Fashion,1,3580,3580,CUST-66805,App
UK-2026-104731,2026-06-29,North,Chandigarh,Foldable Treadmill T2,Sports,,24467,24467,CUST-77646,App
UK-2026-101127,2026-02-25,South,Cochin,Ethnic Dupatta,Fashion,2,501,1002,CUST-43963,App
UK-2026-104484,2026-06-17,West,Ahmedabad,Yoga Mat Pro,Sports,2,1232,2464,CUST-56403,App
UK-2026-104969,04/06/2026,North,Gurugram,Cricket Bat English Willow,Sports,4,8961,35844,CUST-62925,Website
UK-2026-104324,2026-06-20,North,Gurugram,Electric Kettle 1.5L,Home & Kitchen,1,1068,1068,CUST-61001,App
UK-2026-103587,2026-05-03,West,Pune,Cotton Kurta Set,Fashion,1,1323,1323,CUST-66453,Website
UK-2026-104358,2026-06-30,South,Bengaluru,Dinner Set 24pc,Home & Kitchen,2,2489,4978,CUST-76157,Marketplace
UK-2026-101624,2026-03-05,North,Gurugram,Noise-Cancelling Headphones,Electronics,2,8893,17786,CUST-54186,App
UK-2026-103173,2026-05-03,South,Hyderabad,wireless earbuds pro,Electronics,1,3146,3146,CUST-19275,App
UK-2026-102697,2026-04-30,South,Chennai,Ultrabook Air 14,Electronics,1,30652,30652,CUST-36117,Marketplace
UK-2026-103143,2026-05-29,North,Gurugram,Dinner Set 24pc,Home & Kitchen,3,2514,7542,CUST-47724,Marketplace
UK-2026-102029,2026-03-31,Central,Indore,Cycling Helmet,Sports,1,1583,1583,CUST-82785,App
UK-2026-103008,2026-04-09,Central,Bhopal,Makeup Brush Set,Beauty,1,1348,1348,CUST-39912,App
UK-2026-102164,2026-03-15,South,Bengaluru,Wireless Earbuds Pro,Electronics,1,2971,2971,CUST-20966,Marketplace
UK-2026-101822,2026-03-20,North,Chandigarh,Ethnic Dupatta,Fashion,1,477,477,CUST-58896,App
UK-2026-102451,2026-04-07,South,Cochin,43-inch Smart TV,Electronics,2,25094,50188,CUST-20012,Website
UK-2026-102602,2026-04-25,East,Bhubaneswar,43-inch Smart TV,Electronics,1,25373,25373,CUST-68028,Marketplace
UK-2026-104591,2026-06-24,North,Chandigarh,Matte Lipstick Set,Beauty,1,924,924,CUST-34197,App
UK-2026-103561,2026-05-21,North,GGN,Wireless Earbuds Pro,Electronics,3,3017,9051,CUST-62925,App
UK-2026-101571,2026-03-05,East,Bhubaneswar,Cycling Helmet,Sports,1,1626,1626,CUST-96703,Website
UK-2026-101125,2026-02-21,Central,Bhopal,Silk Saree,Fashion,2,3340,6680,CUST-83741,App
UK-2026-103503,2026-05-18,East,Bhubaneswar,Wireless Earbuds Pro,Electronics,4,3071,12284,CUST-69183,Marketplace
UK-2026-102860,2026-04-12,North,Noida,Cotton Kurta Set,Fashion,1,1241,1241,CUST-93204,App
UK-2026-100171,2026-01-02,North,Delhi,Noise-Cancelling Headphones,Electronics,1,8971,8971,CUST-45469,Website
UK-2026-104552,29-06-26,West,Ahmedabad,Cricket Bat English Willow,Sports,1,8835,8835,CUST-93149,App
UK-2026-100846,2026-02-07,South,Bengaluru,Ultrabook Air 14,Electronics,1,29328,29328,CUST-34095,App
UK-2026-101139,2026-02-20,West,Ahmedabad,Electric Kettle 1.5L,Home & Kitchen,1,1130,1130,CUST-78577,Website
UK-2026-103284,2026-05-27,West,Mumbai,Bluetooth Speaker Mini,Electronics,2,1569,3138,CUST-75934,App
UK-2026-104998,2026-06-13,South,Kochi,Air Fryer 5L,Home & Kitchen,2,5400,10800,CUST-43640,Website
UK-2026-102283,2026-04-02,East,Guwahati,Eau de Parfum 100ml,Beauty,1,1964,1964,CUST-23068,App
UK-2026-101920,2026-03-31,West,Ahmedabad,Beard Grooming Kit,Beauty,1,950,950,CUST-23059,App
UK-2026-100385,02-01-26,North,Gurugram,Running Sneakers,Fashion,2,2679,5358,CUST-50689,App
UK-2026-101400,2026-02-20,East,Guwahati,Denim Jacket,Fashion,1,2278,2278,CUST-47315,Website
UK-2026-103953,2026-05-21,South,Hyderabad,Vitamin C Serum,Beauty,1,702,702,CUST-45487,App
UK-2026-104892,2026-06-18,South,Hyderabad,Ethnic Dupatta,Fashion,2,524,1048,CUST-27992,Marketplace
UK-2026-104950,2026-06-12,South,Bengaluru,Eau de Parfum 100ml,Beauty,1,1959,1959,CUST-49829,Website
UK-2026-101067,2026-02-09,West,Ahmedabad,Vitamin C Serum,Beauty,1,702,702,CUST-97899,App
UK-2026-104947,2026-06-13,West,Mumbai,Foldable Treadmill T2,Sports,1,26059,26059,CUST-25514,App
UK-2026-104269,2026-06-22,South,Bengaluru,Silk Saree,Fashion,2,3643,7286,CUST-54527,App
UK-2026-101231,2026-02-25,West,Pune,Denim Jacket,Fashion,2,2209,4418,CUST-54403,Website
UK-2026-101770,2026-03-22,,Hyderabad,Modern Wall Clock,Home & Kitchen,1,825,825,CUST-29408,App
UK-2026-103406,2026-05-12,North,Delhi,Electric Kettle 1.5L,Home & Kitchen,1,1085,1085,CUST-20741,Website
UK-2026-104369,2026-06-30,Central,Bhopal,Electric Kettle 1.5L,Home & Kitchen,2,1048,2096,CUST-13694,Marketplace
UK-2026-103726,2026-05-06,South,Bengaluru,Ethnic Dupatta,Fashion,1,501,501,CUST-22192,Marketplace
UK-2026-101688,2026-03-16,West,Pune,43-inch Smart TV,Electronics,1,24931,24931,CUST-70398,Marketplace
UK-2026-102903,2026-04-19,East,Patna,Electric Kettle 1.5L,Home & Kitchen,1,1147,1147,CUST-73909,Website
UK-2026-101530,2026-03-29,Central,Bhopal,Cotton Bedsheet Set,Home & Kitchen,1,1438,1438,CUST-20656,App
UK-2026-100715,2026-01-05,North,Noida,Wireless Earbuds Pro,Electronics,1,3075,3075,CUST-90893,App
UK-2026-100518,2026-01-24,North,Gurugram,Silk Saree,Fashion,1,3483,3483,CUST-77335,App
UK-2026-104149,2026-06-20,East,Bhubaneswar,Ultrabook Air 14,Electronics,1,30861,30861,CUST-61447,Marketplace
UK-2026-100119,2026-01-08,North,Gurugram,Silk Saree,Fashion,2,3634,7268,CUST-78429,Website
UK-2026-101428,2026-02-07,North,Noida,Badminton Racket Set,Sports,1,2581,2581,CUST-18835,Marketplace
UK-2026-100429,2026-01-01,West,Pune,Running Sneakers,Fashion,-1,2911,2911,CUST-97030,App
UK-2026-101616,2026-03-27,North,Chandigarh,Air Fryer 5L,Home & Kitchen,1,5446,5446,CUST-82244,App
UK-2026-104984,2026-06-23,Central,Raipur,Formal Shirt,Fashion,1,1090,1090,CUST-93714,App
UK-2026-102449,2026-04-09,North,Chandigarh,Cricket Bat English Willow,Sports,2,8825,17650,CUST-55182,App
UK-2026-103939,2026-05-31,South,Kochi,Vitamin C Serum,Beauty,1,693,693,CUST-21211,App
UK-2026-103718,2026-05-11,South,Bengaluru,Face Wash Combo,Beauty,1,452,452,CUST-24987,Website
UK-2026-102315,2026-04-04,East,Bhubaneswar,Football Size 5,Sports,1,861,861,CUST-90929,Marketplace
UK-2026-104813,2026-06-02,South,Kochi,Ionic Hair Dryer,Beauty,2,1988,3976,CUST-73023,App
UK-2026-100455,2026-01-26,North,Noida,Power Bank 20000mAh,Electronics,1,1805,1805,CUST-55126,App
UK-2026-100308,2026-01-12,North,New Delhi,Modern Wall Clock,Home & Kitchen,1,772,772,CUST-45736,App
UK-2026-102474,2026-04-25,East,Bhubaneswar,Yoga Mat Pro,Sports,1,1240,1240,CUST-26475,App
UK-2026-102455,2026-04-25,North,Gurugram,Football Size 5,Sports,2,890,1780,CUST-32994,Marketplace
UK-2026-100639,2026-01-17,West,Pune,Power Bank 20000mAh,Electronics,1,1736,"₹1,736",CUST-26781,App
UK-2026-101537,2026-03-19,North,Gurugram,Dinner Set 24pc,Home & Kitchen,1,2519,2519,CUST-22408,Marketplace
UK-2026-101699,2026-03-30,South,Kochi,Face Wash Combo,Beauty,2,453,906,CUST-76878,App
UK-2026-104045,2026-06-08,East,Kolkata,Bluetooth Speaker Mini,Electronics,1,1448,1448,CUST-95761,App
UK-2026-102819,2026-04-01,North,Noida,Smart Watch X2,Electronics,1,4595,4595,CUST-97597,App
UK-2026-103350,2026-05-24,South,Kochi,Sunscreen SPF50,Beauty,2,524,1048,CUST-96423,Website
UK-2026-100341,2026-01-14,East,Guwahati,Cricket Bat English Willow,Sports,1,8635,8635,CUST-71124,Website
UK-2026-104871,2026-06-07,West,Surat,Non-Stick Cookware Set,Home & Kitchen,2,2777,5554,CUST-58316,App
UK-2026-100465,2026-01-12,South,Cochin,Noise-Cancelling Headphones,Electronics,2,9421,18842,CUST-95455,Marketplace
UK-2026-104741,2026-06-30,Central,Bhopal,Robot Vacuum R7,Home & Kitchen,2,18723,37446,CUST-76980,Website
UK-2026-102244,2026-04-30,North,Gurugram,Gym Gloves,Sports,1,514,514,CUST-69719,Marketplace
UK-2026-100067,2026-01-04,East,Bhubaneswar,Denim Jacket,Fashion,2,2306,4612,CUST-53471,Website
UK-2026-100640,2026-01-15,East,Bhubaneswar,Foldable Treadmill T2,Sports,1,25178,"₹25,178",CUST-48406,Website
UK-2026-100516,25-01-26,Central,Bhopal,Robot Vacuum R7,Home & Kitchen,1,18167,18167,CUST-70048,Marketplace
UK-2026-104449,2026-06-26,Central,Indore,Smart Watch X2,Electronics,1,4556,4556,CUST-22846,Website
UK-2026-101081,2026-02-19,South,Kochi,Silk Saree,Fashion,2,3651,7302,CUST-54805,App
UK-2026-103113,2026-05-01,Central,Nagpur,Electric Kettle 1.5L,Home & Kitchen,1,1046,1046,CUST-57670,Website
UK-2026-102197,2026-03-17,West,Pune,Eau de Parfum 100ml,Beauty,2,2075,4150,CUST-23024,App
UK-2026-104461,2026-06-10,West,Mumbai,Mirrorless Camera Lite,Electronics,2,29758,59516,CUST-54500,App
UK-2026-101553,2026-03-10,West,Mumbai,Cricket Bat English Willow,Sports,1,9415,9415,CUST-90072,Website
UK-2026-104141,2026-06-13,East,Guwahati,Yoga Mat Pro,Sports,3,1239,3717,CUST-64126,App
UK-2026-102892,2026-04-09,North,Gurugram,Bluetooth Speaker Mini,Electronics,1,1504,1504,CUST-84238,App
UK-2026-101562,2026-03-04,North,Delhi,Cycling Helmet,Sports,2,1541,3082,CUST-85691,Marketplace
UK-2026-104265,2026-06-06,South,Kochi,Modern Wall Clock,Home & Kitchen,2,822,1644,CUST-11963,App
UK-2026-100751,2026-02-22,South,Kochi,Electric Kettle 1.5L,Home & Kitchen,1,1076,1076,CUST-31478,Marketplace
UK-2026-104221,2026-06-26,West,Bombay,Yoga Mat Pro,Sports,2,1259,2518,CUST-74207,Marketplace
UK-2026-100414,2026-01-30,South,Bengaluru,Running Sneakers,Fashion,1,2876,2876,CUST-58866,App
UK-2026-101809,2026-03-14,East,Bhubaneswar,Wireless Earbuds Pro,Electronics,1,2943,2943,CUST-77486,Website
UK-2026-103257,2026-05-24,North,Gurugram,Cotton Kurta Set,Fashion,0,1350,1350,CUST-63192,App
UK-2026-100716,2026-01-17,North,Gurugram,Ultrabook Air 14,Electronics,1,29343,29343,CUST-60402,App
UK-2026-100123,2026-01-01,South,Chennai,Ultrabook Air 14,Electronics,1,29767,29767,CUST-81043,App
UK-2026-101653,2026-03-23,South,Bangalore,Cricket Bat English Willow,Sports,1,9203,9203,CUST-82649,Website
UK-2026-103625,2026-05-06,West,Pune,Wireless Earbuds Pro,Electronics,2,3003,6006,CUST-83586,Marketplace
UK-2026-104472,2026-06-03,South,Bengaluru,Mixer Grinder 750W,Home & Kitchen,1,3382,3382,CUST-86015,App
UK-2026-102490,2026-04-13,North,Noida,Badminton Racket Set,Sports,1,2487,2487,CUST-32526,Website
UK-2026-103882,2026-05-17,South,Chennai,43-inch Smart TV,Electronics,1,26442,26442,CUST-97687,App
UK-2026-104065,2026-06-19,West,Pune,Mixer Grinder 750W,Home & Kitchen,1,3169,,CUST-22111,App
UK-2026-100191,2026-01-19,North,Gurugram,Cotton Kurta Set,Fashion,2,1316,2632,CUST-78991,App
UK-2026-102262,2026-04-21,West,Mumbai,Leather Wallet,Fashion,1,922,922,CUST-31391,App
UK-2026-101488,2026-03-15,West,Surat,Robot Vacuum R7,Home & Kitchen,2,18480,36960,CUST-65782,Marketplace
UK-2026-101889,2026-03-16,North,Delhi,Denim Jacket,Fashion,2,2249,4498,CUST-51147,App
UK-2026-101370,2026-02-01,East,Kolkata,Slim Fit Jeans,Fashion,2,1588,3176,CUST-33944,App
UK-2026-102386,2026-04-02,South,Hyderabad,Slim Fit Jeans,Fashion,1,1657,1657,CUST-81043,App
UK-2026-102432,2026-04-06,East,Patna,Electric Kettle 1.5L,Home & Kitchen,1,1113,1113,CUST-48737,Website
UK-2026-102538,2026-04-21,South,BLR,Electric Kettle 1.5L,Home & Kitchen,2,1137,2274,CUST-41345,App
UK-2026-101880,2026-03-02,South,Kochi,Mixer Grinder 750W,Home & Kitchen,4,3294,13176,CUST-25440,Website
UK-2026-102125,2026-03-08,Central,Indore,Electric Kettle 1.5L,Home & Kitchen,1,1091,1091,CUST-57448,Website
UK-2026-104952,2026-06-05,Central,Nagpur,Air Fryer 5L,Home & Kitchen,1,5475,5475,CUST-50781,App
UK-2026-102400,2026-04-23,East,Kolkata,Ionic Hair Dryer,Beauty,2,1822,3644,CUST-72915,App
UK-2026-102161,2026-03-10,Central,Bhopal,Face Wash Combo,Beauty,2,446,892,CUST-97242,App
UK-2026-102859,16-04-26,Central,Indore,Leather Wallet,Fashion,1,910,910,CUST-21099,Website
UK-2026-102030,2026-03-11,North,Gurugram,Matte Lipstick Set,Beauty,3,926,2778,CUST-22111,App
UK-2026-101839,23/03/2026,North,Delhi,Formal Shirt,Fashion,1,1141,1141,CUST-64804,Marketplace
UK-2026-101086,2026-02-01,North,Chandigarh,Cotton Bedsheet Set,Home & Kitchen,3,1355,,CUST-49708,App
UK-2026-101599,2026-03-03,West,Mumbai,Badminton Racket Set,Sports,1,2585,2585,CUST-17387,App
UK-2026-100818,2026-02-15,East,Bhubaneswar,Cotton Kurta Set,Fashion,3,1267,3801,CUST-81328,App
UK-2026-104895,2026-06-05,West,Surat,Denim Jacket,Fashion,-2,2285,2285,CUST-35767,Marketplace
UK-2026-104378,2026-06-18,South,Bengaluru,Slim Fit Jeans,Fashion,1,1618,1618,CUST-46262,Website
UK-2026-103310,2026-05-05,South,Bengaluru,Power Bank 20000mAh,Electronics,-1,1834,1834,CUST-31263,Website
UK-2026-104410,"Jun 30, 2026",North,Chandigarh,Adjustable Dumbbells 15kg,Sports,2,4971,9942,CUST-27877,App
UK-2026-102352,2026-04-09,South,Hyderabad,Makeup Brush Set,Beauty,2,1288,2576,CUST-99661,App
UK-2026-100767,2026-02-13,Central,Bhopal,Beard Grooming Kit,Beauty,1,1024,1024,CUST-15014,App
UK-2026-103332,2026-05-28,West,Ahmedabad,Silk Saree,Fashion,1,3608,3608,CUST-77870,App
UK-2026-100034,2026-01-25,Central,Raipur,Ultrabook Air 14,Electronics,1,29538,29538,CUST-27205,App
UK-2026-103402,2026-05-31,East,Patna,Badminton Racket Set,Sports,1,2559,2559,CUST-72376,Website
UK-2026-104532,2026-06-11,North,Delhi,Non-Stick Cookware Set,Home & Kitchen,1,2977,2977,CUST-39853,Website
UK-2026-101804,2026-03-27,Central,Nagpur,Badminton Racket Set,Sports,4,2380,9520,CUST-85750,Website
UK-2026-100840,2026-02-02,North,Delhi,Matte Lipstick Set,Beauty,2,889,1778,CUST-53622,Website
UK-2026-103418,2026-05-02,Central,Nagpur,Badminton Racket Set,Sports,2,2569,5138,CUST-25397,App
UK-2026-104139,"Jun 6, 2026",East,Guwahati,Robot Vacuum R7,Home & Kitchen,2,19000,38000,CUST-33144,Website
UK-2026-104859,2026-06-04,North,Chandigarh,Power Bank 20000mAh,Electronics,1,1752,1752,CUST-89310,App
UK-2026-100833,2026-02-06,Central,Bhopal,Electric Kettle 1.5L,Home & Kitchen,1,1104,1104,CUST-29445,App
UK-2026-103639,2026-05-07,West,Mumbai,Ultrabook Air 14,Electronics,1,29414,29414,CUST-93277,Website
UK-2026-102542,2026-04-30,West,Ahmedabad,Badminton Racket Set,Sports,3,2596,7788,CUST-43990,Website
UK-2026-104949,2026-06-24,West,Ahmedabad,Robot Vacuum R7,Home & Kitchen,1,19207,19207,CUST-95761,App
UK-2026-100619,2026-01-07,South,Hyderabad,Adjustable Dumbbells 15kg,Sports,1,4848,4848,CUST-99403,App
UK-2026-104942,2026-06-22,South,Bangalore,Ultrabook Air 14,Electronics,1,29726,29726,CUST-32769,Marketplace
UK-2026-102090,2026-03-25,West,Pune,Wireless Earbuds Pro,Electronics,1,2995,2995,CUST-19539,Marketplace
UK-2026-102376,2026-04-29,North,Delhi,Gym Gloves,Sports,2,518,"1,036.00",CUST-25867,App
UK-2026-100201,2026-01-05,West,Pune,Eau de Parfum 100ml,Beauty,1,1978,1978,CUST-90878,App
UK-2026-101592,13-03-26,South,Hyderabad,Power Bank 20000mAh,Electronics,1,1758,1758,CUST-83239,App
UK-2026-100494,20/01/2026,West,Pune,Beard Grooming Kit,Beauty,1,971,971,CUST-19480,App
UK-2026-101746,2026-03-24,South,Kochi,Cotton Kurta Set,Fashion,1,1341,1341,CUST-31263,App
UK-2026-102846,2026-04-14,South,Hyderabad,Ultrabook Air 14,Electronics,1,29502,29502,CUST-38537,Marketplace
UK-2026-103827,2026-05-25,West,Ahmedabad,Sunscreen SPF50,Beauty,3,536,1608,CUST-67849,App
UK-2026-101417,01/02/2026,North,Noida,Wireless Earbuds Pro,Electronics,2,2923,5846,CUST-65136,Website
UK-2026-104742,2026-06-21,North,Noida,Cycling Helmet,Sports,4,1642,6568,CUST-12052,App
UK-2026-102422,2026-04-27,Central,Nagpur,Mixer Grinder 750W,Home & Kitchen,1,3388,3388,CUST-43968,Website
UK-2026-100406,"Jan 12, 2026",South,Hyderabad,Leather Wallet,Fashion,1,927,927,CUST-83741,App
UK-2026-102552,2026-04-07,South,Kochi,43-inch Smart TV,Electronics,2,26178,52356,CUST-91548,App
UK-2026-103764,2026-05-04,North,Delhi,Bluetooth Speaker Mini,Electronics,1,1456,1456,CUST-39326,Marketplace
UK-2026-104005,2026-05-10,West,Ahmedabad,Modern Wall Clock,Home & Kitchen,1,796,796,CUST-61128,Website
UK-2026-104607,2026-06-16,West,Ahmedabad,Mixer Grinder 750W,Home & Kitchen,2,3441,6882,CUST-88958,App
UK-2026-102351,2026-04-28,Central,Nagpur,Badminton Racket Set,Sports,1,2515,2515,CUST-33551,Website
UK-2026-102541,2026-04-01,North,Noida,Slim Fit Jeans,Fashion,2,1536,3072,CUST-25440,Marketplace
UK-2026-100120,2026-01-28,South,Hyderabad,Running Sneakers,Fashion,1,2715,2715,CUST-48737,App
UK-2026-100325,2026-01-10,North,Noida,Face Wash Combo,Beauty,4,442,1768,CUST-93795,Website
UK-2026-103582,2026-05-20,East,Bhubaneswar,Foldable Treadmill T2,Sports,2,26086,52172,CUST-84349,App
UK-2026-101977,2026-03-06,West,Pune,Mixer Grinder 750W,Home & Kitchen,,3199,3199,CUST-56726,Marketplace
UK-2026-104910,2026-06-14,South,Bengaluru,Noise-Cancelling Headphones,Electronics,1,9307,9307,CUST-82629,App
UK-2026-104833,2026-06-22,South,Hyderabad,Vitamin C Serum,Beauty,1,700,700,CUST-33551,App
UK-2026-101012,21-02-26,East,Guwahati,Wireless Earbuds Pro,Electronics,1,3147,3147,CUST-68635,Website
UK-2026-104291,2026-06-23,East,Bhubaneswar,Cycling Helmet,Sports,1,1609,1609,CUST-80005,Marketplace
UK-2026-101784,2026-03-23,North,Chandigarh,Silk Saree,Fashion,1,3524,3524,CUST-81328,Marketplace
UK-2026-103925,2026-05-16,North,Gurugram,Denim Jacket,Fashion,1,2236,2236,CUST-89454,Marketplace
UK-2026-102685,2026-04-09,Central,Bhopal,Formal Shirt,Fashion,1,1092,1092,CUST-87678,Website
UK-2026-100052,2026-01-26,East,Kolkata,Football Size 5,Sports,1,943,943,CUST-12114,Website
UK-2026-103620,2026-05-10,South,Hyderabad,Badminton Racket Set,Sports,1,2418,2418,CUST-94801,App
UK-2026-104101,2026-06-19,North,Noida,Non-Stick Cookware Set,Home & Kitchen,1,2871,2871,CUST-35346,Website
UK-2026-101248,2026-02-02,West,Surat,43-inch Smart TV,Electronics,1,26933,26933,CUST-47939,Website
UK-2026-103784,2026-05-03,South,Chennai,Badminton Racket Set,Sports,1,2496,2496,CUST-44268,Website
UK-2026-101474,2026-03-01,South,Bengaluru,Slim Fit Jeans,Fashion,1,1554,1554,CUST-67019,Website
UK-2026-104163,2026-06-15,West,Ahmedabad,Wireless Earbuds Pro,Electronics,2,2927,5854,CUST-10609,Marketplace
UK-2026-101986,2026-03-29,West,Ahmedabad,Ethnic Dupatta,Fashion,1,486,486,CUST-44548,App
UK-2026-101472,2026-03-02,West,Ahmedabad,Beard Grooming Kit,Beauty,2,982,1964,CUST-66355,App
UK-2026-101718,2026-03-18,North,Chandigarh,Mirrorless Camera Lite,Electronics,2,29041,58082,CUST-74942,Marketplace
UK-2026-102012,2026-03-03,West,Mumbai,Sunscreen SPF50,Beauty,1,547,547,CUST-25241,App
UK-2026-102415,2026-04-04,Central,Raipur,Cotton Kurta Set,Fashion,1,1257,1257,CUST-61961,App
UK-2026-104506,2026-06-03,South,Hyderabad,Modern Wall Clock,Home & Kitchen,1,763,763,CUST-90597,App
UK-2026-100570,2026-01-26,Central,Bhopal,Non-Stick Cookware Set,Home & Kitchen,1,2777,2777,CUST-86005,Website
UK-2026-100764,16/02/2026,North,Gurugram,Noise-Cancelling Headphones,Electronics,1,8926,8926,CUST-33447,Website
UK-2026-104388,2026-06-02,Central,Bhopal,Beard Grooming Kit,Beauty,2,1031,2062,CUST-92084,Website
UK-2026-100936,2026-02-27,North,Gurugram,Wireless Earbuds Pro,Electronics,4,2912,11648,CUST-76160,App
UK-2026-100300,2026-01-03,North,Chandigarh,Air Fryer 5L,Home & Kitchen,1,5668,5668,CUST-73593,Marketplace
UK-2026-101007,2026-02-04,South,Chennai,Cricket Bat English Willow,Sports,1,8595,8595,CUST-36432,App
UK-2026-103088,2026-04-25,South,Chennai,Power Bank 20000mAh,Electronics,1,1837,1837,CUST-49601,Marketplace
UK-2026-100842,2026-02-12,West,Pune,Gym Gloves,Sports,1,519,519,CUST-65996,Website
UK-2026-104296,2026-06-17,East,Kolkata,Bluetooth Speaker Mini,Electronics,1,1474,1474,CUST-55711,Marketplace
UK-2026-102757,2026-04-09,North,Noida,Wireless Earbuds Pro,Electronics,3,3123,9369,CUST-82785,App
UK-2026-101817,2026-03-15,North,Noida,Electric Kettle 1.5L,Home & Kitchen,2,1077,2154,CUST-88958,App
UK-2026-101029,2026-02-14,West,Mumbai,Smart Watch X2,Electronics,2,4630,9260,CUST-33478,Website
UK-2026-102353,2026-04-21,Central,Bhopal,Mirrorless Camera Lite,Electronics,2,27678,55356,CUST-26670,App
UK-2026-100401,2026-01-29,North,Gurugram,Leather Wallet,Fashion,1,926,926,CUST-99844,Website
UK-2026-102503,2026-04-29,West,Surat,Formal Shirt,Fashion,1,1117,1117,CUST-69042,App
UK-2026-102180,2026-03-26,Central,Nagpur,43-inch Smart TV,Electronics,1,25180,25180,CUST-70913,Marketplace
UK-2026-101961,2026-03-18,North,Noida,Bluetooth Speaker Mini,Electronics,1,1493,1493,CUST-35379,App
UK-2026-104359,2026-06-10,South,Bengaluru,Vitamin C Serum,Beauty,2,725,1450,CUST-74701,Marketplace
UK-2026-103860,2026-05-31,Central,Bhopal,Beard Grooming Kit,Beauty,1,1009,1009,CUST-38535,App
UK-2026-101754,2026-03-15,South,Chennai,Noise-Cancelling Headphones,Electronics,3,9007,"27,021.00",CUST-61143,Marketplace
UK-2026-104368,2026-06-12,South,Hyderabad,Air Fryer 5L,Home & Kitchen,1,5569,5569,CUST-61102,App
UK-2026-100583,2026-01-29,West,Pune,Eau de Parfum 100ml,Beauty,0,1955,1955,CUST-60306,App
UK-2026-104127,2026-06-25,South,Madras,Wireless Earbuds Pro,Electronics,1,3052,3052,CUST-54753,App
UK-2026-103228,2026-05-04,South,Kochi,Noise-Cancelling Headphones,Electronics,1,8636,8636,CUST-91660,Marketplace
UK-2026-104971,2026-06-17,West,Surat,Beard Grooming Kit,Beauty,1,1027,1027,CUST-35280,Website
UK-2026-101021,2026-02-03,North,Delhi,Yoga Mat Pro,Sports,2,1214,2428,CUST-78830,Website
UK-2026-101628,2026-03-12,North,Delhi,Mixer Grinder 750W,Home & Kitchen,1,3177,3177,CUST-75934,Website
UK-2026-101325,2026-02-23,North,Gurugram,Dinner Set 24pc,Home & Kitchen,1,2380,2380,CUST-83383,Website
UK-2026-103496,2026-05-15,West,Surat,Silk Saree,Fashion,1,3346,3346,CUST-48848,Website
UK-2026-103822,2026-05-23,North,Delhi,Sunscreen SPF50,Beauty,1,533,533,CUST-74477,Website
UK-2026-101973,2026-03-04,North,Chandigarh,Dinner Set 24pc,Home & Kitchen,,2585,2585,CUST-22148,App
UK-2026-100593,2026-01-28,West,Surat,Wireless Earbuds Pro,Electronics,1,2941,2941,CUST-18583,Marketplace
UK-2026-100677,2026-01-10,Central,Nagpur,Cricket Bat English Willow,Sports,1,8625,8625,CUST-56570,App
UK-2026-104521,"Jun 29, 2026",West,Pune,Wireless Earbuds Pro,Electronics,1,3140,3140,CUST-23697,App
UK-2026-104820,2026-06-09,North,Delhi,Sunscreen SPF50,Beauty,2,528,1056,CUST-91814,App
UK-2026-103251,2026-05-19,South,Chennai,Mirrorless Camera Lite,Electronics,1,29179,29179,CUST-71052,App
UK-2026-100241,2026-01-06,Central,Bhopal,Slim Fit Jeans,Fashion,3,1662,4986,CUST-76757,App
UK-2026-102066,2026-03-03,South,Chennai,Yoga Mat Pro,Sports,1,1156,1156,CUST-19221,Website
UK-2026-101397,2026-02-04,North,Delhi,Wireless Earbuds Pro,Electronics,1,3045,3045,CUST-12715,App
UK-2026-103752,2026-05-08,South,Cochin,Cotton Kurta Set,Fashion,1,1271,1271,CUST-64983,App
UK-2026-101047,2026-02-06,East,Bhubaneswar,Beard Grooming Kit,Beauty,1,973,973,CUST-97534,App
UK-2026-103775,2026-05-15,North,Delhi,Noise-Cancelling Headphones,Electronics,1,8779,8779,CUST-28340,App
UK-2026-101689,2026-03-30,East,Guwahati,Wireless Earbuds Pro,Electronics,3,3085,9255,CUST-60759,App
UK-2026-103730,2026-05-18,South,Bengaluru,robot vacuum r7,Home & Kitchen,1,19750,19750,CUST-53476,Website
UK-2026-101952,2026-03-11,North,Gurugram,Noise-Cancelling Headphones,Electronics,1,8550,8550,CUST-79156,App
UK-2026-100437,2026-01-14,West,Pune,Ethnic Dupatta,Fashion,1,490,490,CUST-96889,App
UK-2026-102034,2026-03-09,North,Delhi,Ultrabook Air 14,Electronics,3,29217,87651,CUST-23680,Website
UK-2026-103688,2026-05-27,Central,Indore,Ultrabook Air 14,Electronics,1,29354,29354,CUST-45469,Website
UK-2026-103777,2026-05-21,North,Noida,Wireless Earbuds Pro,Electronics,1,3035,3035,CUST-69075,Website
UK-2026-104319,01/06/2026,North,Noida,Slim Fit Jeans,Fashion,4,1573,6292,CUST-66725,App
UK-2026-103595,2026-05-15,North,Gurugram,Ethnic Dupatta,Fashion,2,498,996,CUST-57207,Website
UK-2026-102007,2026-03-12,South,Cochin,Running Sneakers,Fashion,2,2918,5836,CUST-69761,Website
UK-2026-101110,2026-02-23,South,Chennai,43-inch Smart TV,Electronics,1,25953,25953,CUST-34826,App
UK-2026-102681,2026-04-18,East,Guwahati,Makeup Brush Set,Beauty,1,1246,1246,CUST-61410,App
UK-2026-104064,2026-06-11,North,Noida,Electric Kettle 1.5L,Home & Kitchen,,1116,2232,CUST-26674,Website
UK-2026-103028,2026-04-17,West,Pune,Slim Fit Jeans,Fashion,1,1632,1632,CUST-10958,App
UK-2026-103762,2026-05-28,West,Surat,Non-Stick Cookware Set,Home & Kitchen,3,2884,8652,CUST-55411,Marketplace
UK-2026-104035,2026-06-24,West,Ahmedabad,Denim Jacket,Fashion,1,2199,2199,CUST-28655,Website
UK-2026-102237,2026-03-08,North,Noida,Face Wash Combo,Beauty,,440,440,CUST-41836,App
UK-2026-104320,2026-06-08,East,Patna,Eau de Parfum 100ml,Beauty,2,2016,4032,CUST-17523,Website
UK-2026-103230,2026-05-12,South,Kochi,Electric Kettle 1.5L,Home & Kitchen,1,1072,1072,CUST-97805,Website
UK-2026-104841,2026-06-08,West,Ahmedabad,Ultrabook Air 14,Electronics,2,29405,58810,CUST-34983,App
UK-2026-104693,2026-06-29,North,Noida,Bluetooth Speaker Mini,Electronics,3,1504,,CUST-19967,Website
UK-2026-102343,2026-04-16,South,Bengaluru,43-inch Smart TV,Electronics,2,25853,51706,CUST-38454,Marketplace
UK-2026-101246,2026-02-25,South,Bengaluru,Mirrorless Camera Lite,Electronics,1,28726,28726,CUST-93203,App
UK-2026-102238,2026-03-13,South,Kochi,Bluetooth Speaker Mini,Electronics,1,1488,1488,CUST-53563,Marketplace
UK-2026-104335,2026-06-15,West,Pune,Ionic Hair Dryer,Beauty,2,1836,3672,CUST-28306,Website
UK-2026-100456,2026-01-24,West,Mumbai,Silk Saree,Fashion,2,3472,6944,CUST-47110,Website
UK-2026-100330,2026-01-25,South,Hyderabad,Formal Shirt,Fashion,1,1134,1134,CUST-15294,Website
UK-2026-102816,2026-04-02,South,Hyderabad,Eau de Parfum 100ml,Beauty,1,1983,1983,CUST-43208,Marketplace
UK-2026-100896,2026-02-12,West,Ahmedabad,Ethnic Dupatta,Fashion,1,475,475,CUST-62163,App
UK-2026-100009,2026-01-12,North,Chandigarh,Eau de Parfum 100ml,Beauty,3,2055,6165,CUST-73578,Website
UK-2026-102894,2026-04-12,South,Kochi,Noise-Cancelling Headphones,Electronics,1,9094,9094,CUST-58700,App
UK-2026-101915,2026-03-13,Central,Nagpur,Robot Vacuum R7,Home & Kitchen,1,18521,18521,CUST-69739,App
UK-2026-102378,2026-04-28,South,Hyderabad,Cotton Kurta Set,Fashion,1,1276,1276,CUST-19967,Website
UK-2026-103252,2026-05-26,East,Patna,Formal Shirt,Fashion,3,1142,3426,CUST-12868,Website
UK-2026-102923,2026-04-25,West,Ahmedabad,Mixer Grinder 750W,Home & Kitchen,1,3156,3156,CUST-90212,Marketplace
UK-2026-104144,2026-06-24,North,Noida,Eau de Parfum 100ml,Beauty,2,2033,4066,CUST-49829,Website
UK-2026-104187,2026-06-08,West,Surat,Badminton Racket Set,Sports,1,2465,2465,CUST-36848,App
UK-2026-104404,2026-06-21,South,Kochi,Badminton Racket Set,Sports,2,2527,5054,CUST-83682,App
UK-2026-103458,2026-05-03,North,Chandigarh,Slim Fit Jeans,Fashion,1,1670,1670,CUST-40262,Marketplace
UK-2026-101458,2026-03-31,North,Gurugram,Dinner Set 24pc,Home & Kitchen,3,2403,7209,CUST-78183,App
UK-2026-101716,2026-03-11,East,Guwahati,Vitamin C Serum,Beauty,1,716,716,CUST-32195,App
UK-2026-100786,2026-02-28,North,Noida,Leather Wallet,Fashion,1,921,921,CUST-52624,Marketplace
UK-2026-102662,2026-04-15,South,Kochi,Foldable Treadmill T2,Sports,1,25747,25747,CUST-54623,App
UK-2026-101173,2026-02-20,Central,Bhopal,Mirrorless Camera Lite,Electronics,1,29038,29038,CUST-29816,App
UK-2026-104328,18/06/2026,Central,Nagpur,Cotton Bedsheet Set,Home & Kitchen,1,1383,1383,CUST-46262,Website
UK-2026-104260,2026-06-25,West,Ahmedabad,Cotton Kurta Set,Fashion,1,1349,1349,CUST-60306,Marketplace
UK-2026-104740,2026-06-06,North,Noida,Ionic Hair Dryer,Beauty,1,1860,1860,CUST-23855,App
UK-2026-101431,2026-02-04,West,Mumbai,Leather Wallet,Fashion,1,894,894,CUST-56193,App
UK-2026-101262,2026-02-12,Central,  Nagpur,Dinner Set 24pc,Home & Kitchen,1,2510,2510,CUST-53732,Website
UK-2026-102289,2026-04-25,North,Noida,Cycling Helmet,Sports,1,1582,1582,CUST-33418,Website
UK-2026-103295,2026-05-18,North,Gurugram,Ionic Hair Dryer,Beauty,1,1955,1955,CUST-86289,App
UK-2026-102127,2026-03-21,North,Delhi,Wireless Earbuds Pro,Electronics,1,3000,3000,CUST-92572,App
UK-2026-102761,2026-04-21,South,Hyderabad,Denim Jacket,Fashion,2,2200,4400,CUST-85968,Website
UK-2026-103647,2026-05-31,Central,Indore,Wireless Earbuds Pro,Electronics,1,3140,3140,CUST-93239,App
UK-2026-102856,2026-04-26,South,Hyderabad,Noise-Cancelling Headphones,Electronics,1,8906,8906,CUST-88464,App
UK-2026-100386,04-01-26,North,Noida,Cotton Kurta Set,Fashion,1,1304,1304,CUST-52771,App
UK-2026-104938,2026-06-17,North,Delhi   ,Ionic Hair Dryer,Beauty,1,1950,1950,CUST-19921,Marketplace
UK-2026-103392,2026-05-27,East,Patna,Ultrabook Air 14,Electronics,1,28925,28925,CUST-87574,Marketplace
UK-2026-101475,2026-03-23,West,Mumbai,Yoga Mat Pro,Sports,2,1211,2422,CUST-35493,Website
UK-2026-102683,2026-04-07,Central,Indore,Dinner Set 24pc,Home & Kitchen,1,2585,2585,CUST-70251,Website
UK-2026-100943,2026-02-22,West,Mumbai,Sunscreen SPF50,Beauty,2,567,1134,CUST-43640,App
UK-2026-101286,2026-02-17,North,Gurugram,Face Wash Combo,Beauty,3,454,1362,CUST-32885,App
UK-2026-102619,2026-04-22,South,Hyderabad,Cricket Bat English Willow,Sports,1,8610,8610,CUST-32166,Marketplace
UK-2026-102285,2026-04-30,North,Delhi,Matte Lipstick Set,Beauty,1,883,883,CUST-60156,Website
UK-2026-102705,2026-04-19,Central,Nagpur,Noise-Cancelling Headphones,Electronics,1,9060,9060,CUST-81478,Website
UK-2026-104460,2026-06-19,West,Ahmedabad,Slim Fit Jeans,Fashion,1,1654,1654,CUST-71544,Marketplace
UK-2026-104948,2026-06-05,West,Ahmedabad,Cotton Kurta Set,Fashion,2,1342,2684,CUST-37739,Website
UK-2026-101480,2026-03-16,South,Hyderabad,Electric Kettle 1.5L,Home & Kitchen,1,1072,1072,CUST-77759,Website
UK-2026-100417,2026-01-24,South,Kochi,Leather Wallet,Fashion,2,933,1866,CUST-70016,App
UK-2026-103017,2026-04-30,North,Noida,Mirrorless Camera Lite,Electronics,1,29105,29105,CUST-80839,Website
UK-2026-102526,2026-04-06,North,Noida,Ultrabook Air 14,Electronics,1,30166,"₹30,166",CUST-10609,Website
UK-2026-100391,2026-01-02,South,Hyderabad,Gym Gloves,Sports,1,519,519,CUST-92487,Marketplace
UK-2026-102678,2026-04-23,South,Hyderabad,Modern Wall Clock,Home & Kitchen,3,765,2295,CUST-41697,App
UK-2026-104318,2026-06-12,South,Bangalore,Formal Shirt,Fashion,1,1093,1093,CUST-14343,Website
UK-2026-100122,2026-01-12,West,Surat,Ethnic Dupatta,Fashion,1,478,478,CUST-31128,Website
UK-2026-103637,2026-05-12,West,Mumbai,Cotton Kurta Set,Fashion,2,1338,2676,CUST-36868,App
UK-2026-104633,2026-06-06,South,Chennai,Eau de Parfum 100ml,Beauty,2,1964,3928,CUST-22940,Website
UK-2026-101362,2026-02-17,Central,Nagpur,Power Bank 20000mAh,Electronics,1,1828,1828,CUST-70474,Marketplace
UK-2026-103339,2026-05-15,North,Chandigarh,Ultrabook Air 14,Electronics,1,30179,30179,CUST-70048,App
UK-2026-102233,2026-03-03,North,Gurugram,Ultrabook Air 14,Electronics,1,30961,30961,CUST-31391,App
UK-2026-101913,2026-03-31,North,Gurugram,Yoga Mat Pro,Sports,2,1219,2438,CUST-70401,App
UK-2026-101141,2026-02-24,South,Hyderabad,Formal Shirt,Fashion,1,1085,1085,CUST-27374,Website
UK-2026-101484,2026-03-09,South,Bengaluru,Badminton Racket Set,Sports,1,2514,2514,CUST-88265,Website
UK-2026-102243,2026-04-03,Central,Raipur,ELECTRIC KETTLE 1.5L,Home & Kitchen,1,1050,1050,CUST-41770,App
UK-2026-103982,2026-05-19,West,Pune,Ionic Hair Dryer,Beauty,1,1988,1988,CUST-40132,App
UK-2026-102024,2026-03-18,East,Bhubaneswar,Mirrorless Camera Lite,Electronics,1,29447,29447,CUST-54186,Website
UK-2026-100854,2026-02-24,South,Hyderabad,Makeup Brush Set,Beauty,1,1274,1274,CUST-15333,App
UK-2026-103112,2026-05-05,North,Delhi,Cricket Bat English Willow,Sports,1,8549,8549,CUST-57812,Website
UK-2026-101259,2026-02-03,North,Noida,43-inch Smart TV,Electronics,,26362,26362,CUST-32646,Marketplace
UK-2026-103387,2026-05-07,South,Kochi,Smart Watch X2,Electronics,1,4380,4380,CUST-10491,Marketplace
UK-2026-104433,2026-06-07,North,Chandigarh,Noise-Cancelling Headphones,Electronics,1,8844,8844,CUST-76955,Marketplace
UK-2026-100686,2026-01-30,North,Noida,Cricket Bat English Willow,Sports,3,9298,27894,CUST-87260,Website
UK-2026-104520,2026-06-03,North,Chandigarh,Adjustable Dumbbells 15kg,Sports,1,5142,5142,CUST-57527,Website
UK-2026-101779,2026-03-07,West,Surat,Bluetooth Speaker Mini,Electronics,1,1509,1509,CUST-35767,Marketplace
UK-2026-103420,2026-05-11,South,Bengaluru,Power Bank 20000mAh,Electronics,1,1773,1773,CUST-48737,App
UK-2026-104226,2026-06-16,West,Ahmedabad,Matte Lipstick Set,Beauty,1,861,861,CUST-74357,App
UK-2026-100608,2026-01-29,South,Kochi,Slim Fit Jeans,Fashion,1,1557,1557,CUST-15693,App
UK-2026-103016,2026-04-09,West,Ahmedabad,Yoga Mat Pro,Sports,1,1192,1192,CUST-86951,Marketplace
UK-2026-103345,2026-05-04,North,Delhi,Formal Shirt,Fashion,1,1051,1051,CUST-79309,Marketplace
UK-2026-101015,2026-02-03,East,Bhubaneswar,Adjustable Dumbbells 15kg,Sports,1,5032,5032,CUST-76798,App
UK-2026-104473,2026-06-15,East,Guwahati,Ionic Hair Dryer,Beauty,1,1927,1927,CUST-20704,Website
UK-2026-100114,2026-01-25,South,Hyderabad,Denim Jacket,Fashion,1,2201,2201,CUST-97318,App
UK-2026-103471,2026-05-08,East,Kolkata,43-inch Smart TV,Electronics,1,27162,27162,CUST-37030,App
UK-2026-102648,2026-04-13,South,Bengaluru,Denim Jacket,Fashion,1,2247,2247,CUST-76722,App
UK-2026-103411,2026-05-05,North,Gurugram,Formal Shirt,Fashion,2,1090,2180,CUST-32480,Marketplace
UK-2026-101489,2026-03-31,Central,Nagpur,Ionic Hair Dryer,Beauty,1,1912,1912,CUST-16959,Marketplace
UK-2026-103575,2026-05-17,South,Bengaluru,Cricket Bat English Willow,Sports,2,9233,18466,CUST-56652,Website
UK-2026-103226,2026-05-29,North,Noida,Football Size 5,Sports,1,867,867,CUST-46354,Website
UK-2026-100253,2026-01-06,South,Cochin,Modern Wall Clock,Home & Kitchen,1,760,760,CUST-70048,App
UK-2026-101213,2026-02-15,West,Mumbai,Face Wash Combo,Beauty,1,464,464,CUST-55812,Website
UK-2026-100969,2026-02-15,Central,Nagpur,Power Bank 20000mAh,Electronics,1,1864,1864,CUST-23282,Website
UK-2026-103796,2026-05-13,West,Pune,Vitamin C Serum,Beauty,1,734,734,CUST-81807,Website
UK-2026-104602,2026-06-23,North,Chandigarh,Eau de Parfum 100ml,Beauty,1,2074,2074,CUST-76160,App
UK-2026-103353,2026-05-01,West,Mumbai,Robot Vacuum R7,Home & Kitchen,1,19712,19712,CUST-68635,Website
UK-2026-102472,2026-04-16,West,Surat,Slim Fit Jeans,Fashion,1,1650,1650,CUST-75338,Website
UK-2026-104150,2026-06-26,North,Chandigarh,Silk Saree,Fashion,2,3502,7004,CUST-12982,Website
UK-2026-102120,2026-03-25,Central,Nagpur,Cycling Helmet,Sports,1,1665,1665,CUST-32195,App
UK-2026-101931,2026-03-28,Central,Bhopal,Bluetooth Speaker Mini,Electronics,1,1429,1429,CUST-61282,Marketplace
UK-2026-103005,2026-04-04,West,Bombay,Power Bank 20000mAh,Electronics,3,1847,5541,CUST-85765,App
UK-2026-102896,2026-04-08,West,Ahmedabad,cotton kurta set,Fashion,1,1323,1323,CUST-73002,Website
UK-2026-102444,2026-04-01,West,Pune,Eau de Parfum 100ml,Beauty,1,2071,2071,CUST-76181,Website
UK-2026-103650,2026-05-31,West,Ahmedabad,Ultrabook Air 14,Electronics,2,30430,60860,CUST-19064,Website
UK-2026-103414,2026-05-17,West,Mumbai,Wireless Earbuds Pro,Electronics,1,2994,2994,CUST-74779,Marketplace
UK-2026-103971,2026-05-25,West,Pune,43-inch Smart TV,Electronics,1,25782,25782,CUST-72075,Marketplace
UK-2026-100511,2026-01-18,Central,Bhopal,Wireless Earbuds Pro,Electronics,2,3046,6092,CUST-22148,App
UK-2026-103202,2026-05-09,Central,Indore,Ionic Hair Dryer,Beauty,1,1923,"₹1,923",CUST-36432,App
UK-2026-100683,2026-01-04,Central,Nagpur,Gym Gloves,Sports,1,518,518 INR,CUST-48848,App
UK-2026-103321,2026-05-13,Central,Indore,Leather Wallet,Fashion,1,936,936,CUST-30610,Marketplace
UK-2026-103729,2026-05-20,West,Ahmedabad,Non-Stick Cookware Set,Home & Kitchen,1,2790,2790,CUST-84281,Marketplace
UK-2026-104042,2026-06-04,South,Hyderabad,43-inch Smart TV,Electronics,1,27017,27017,CUST-92592,Marketplace
UK-2026-100134,2026-01-09,West,Mumbai,Dinner Set 24pc,Home & Kitchen,2,2378,4756,CUST-12937,App
UK-2026-100748,2026-02-13,North,Gurugram,Air Fryer 5L,Home & Kitchen,2,5642,11284,CUST-99178,App
UK-2026-103656,2026-05-30,Central,Raipur,Formal Shirt,Fashion,2,1087,2174,CUST-74207,Website
UK-2026-102325,2026-04-26,South,Chennai,Power Bank 20000mAh,Electronics,1,1752,1752,CUST-17469,Marketplace
UK-2026-101375,2026-02-07,South,Bengaluru,Mirrorless Camera Lite,Electronics,3,29511,88533,CUST-23331,App
UK-2026-100033,2026-01-12,Central,Raipur,Ionic Hair Dryer,Beauty,1,1945,1945,CUST-81170,Website
UK-2026-102793,2026-04-22,Central,Indore,Electric Kettle 1.5L,Home & Kitchen,1,1124,1124,CUST-55827,App
UK-2026-103032,2026-04-10,,Ahmedabad,Denim Jacket,Fashion,2,2264,4528,CUST-54182,Website
UK-2026-102861,2026-04-05,South,Kochi,Smart Watch X2,Electronics,2,4507,9014,CUST-80910,App
UK-2026-101449,2026-02-12,Central,Bhopal,Badminton Racket Set,Sports,1,2381,2381,CUST-99336,App
UK-2026-102240,2026-03-15,East,Patna,Electric Kettle 1.5L,Home & Kitchen,1,1047,1047,CUST-26670,App
UK-2026-104538,2026-06-09,South,Kochi,Smart Watch X2,Electronics,3,4320,12960,CUST-66003,App
UK-2026-102594,2026-04-10,Central,Raipur,Silk Saree,Fashion,2,3605,7210,CUST-66341,Website
UK-2026-103268,2026-05-09,East,Kolkata,Badminton Racket Set,Sports,1,2453,2453,CUST-32885,Website
UK-2026-102461,2026-04-04,South,Kochi,Vitamin C Serum,Beauty,1,689,689,CUST-93149,App
UK-2026-100293,2026-01-02,South,Hyderabad,43-inch Smart TV,Electronics,2,26984,53968,CUST-73876,Website
UK-2026-104370,2026-06-10,West,Pune,Non-Stick Cookware Set,Home & Kitchen,4,2905,11620,CUST-15912,Marketplace
UK-2026-102333,2026-04-15,North,Noida,Wireless Earbuds Pro,Electronics,2,3125,6250,CUST-26321,Marketplace
UK-2026-102204,2026-03-05,North,Noida,Slim Fit Jeans,Fashion,1,1673,1673,CUST-10958,App
UK-2026-100125,2026-01-20,Central,Nagpur,Robot Vacuum R7,Home & Kitchen,1,19223,19223,CUST-25211,Website
UK-2026-104060,2026-06-01,East,Patna,Dinner Set 24pc,Home & Kitchen,2,2581,5162,CUST-60724,Marketplace
UK-2026-102015,2026-03-26,West,Ahmedabad,Makeup Brush Set,Beauty,3,1236,3708,CUST-69536,App
UK-2026-101360,2026-02-24,West,Pune,Cotton Bedsheet Set,Home & Kitchen,2,1462,2924,CUST-83505,App
UK-2026-100939,2026-02-10,Central,Nagpur,cricket bat english willow,Sports,2,9123,18246,CUST-14916,Marketplace
UK-2026-101629,2026-03-14,South,Bengaluru,Air Fryer 5L,Home & Kitchen,1,5323,5323,CUST-39288,App
UK-2026-100742,2026-02-12,South,Bengaluru,Modern Wall Clock,Home & Kitchen,1,820,820,CUST-20966,Website
UK-2026-103529,2026-05-12,East,Patna,Ethnic Dupatta,Fashion,1,521,521,CUST-67596,App
UK-2026-101367,2026-02-21,East,Kolkata,Wireless Earbuds Pro,Electronics,1,3015,3015,CUST-34648,Marketplace
UK-2026-102854,2026-04-19,West,Surat,Leather Wallet,Fashion,1,942,942,CUST-11149,Website
UK-2026-101195,2026-02-24,West,Mumbai,Wireless Earbuds Pro,Electronics,2,3129,6258,CUST-98226,App
UK-2026-100813,2026-02-13,East,Guwahati,Electric Kettle 1.5L,Home & Kitchen,,1138,1138,CUST-28365,Website
UK-2026-101458,2026-03-31,North,Gurugram,Dinner Set 24pc,Home & Kitchen,3,2403,7209,CUST-78183,App
UK-2026-103930,2026-05-25,West,Mumbai,Cotton Kurta Set,Fashion,3,1357,4071,CUST-17326,Website
UK-2026-102886,2026-04-13,Central,Nagpur,Smart Watch X2,Electronics,1,4534,4534,CUST-17155,Marketplace
UK-2026-103856,2026-05-05,Central,Raipur,Noise-Cancelling Headphones,Electronics,2,9100,18200,CUST-53979,Website
UK-2026-102824,2026-04-29,West,Mumbai,Running Sneakers,Fashion,1,2810,2810,CUST-86015,App
UK-2026-103227,2026-05-18,North,Gurugram,Silk Saree,Fashion,1,3593,3593,CUST-37320,App
UK-2026-103312,2026-05-13,West,Ahmedabad,Mixer Grinder 750W,Home & Kitchen,1,3397,3397,CUST-15333,Marketplace
UK-2026-102265,2026-04-22,North,Gurugram,Ultrabook Air 14,Electronics,1,28876,28876,CUST-57582,Marketplace
UK-2026-102925,2026-04-28,North,Delhi,Ultrabook Air 14,Electronics,4,30594,122376,CUST-78429,App
UK-2026-100809,2026-02-04,South,Hyderabad,Mixer Grinder 750W,Home & Kitchen,1,3419,3419,CUST-57664,App
UK-2026-101872,2026-03-02,South,Chennai,Ultrabook Air 14,Electronics,2,29381,58762,CUST-71544,Website
UK-2026-104721,2026-06-10,South,Chennai,Sunscreen SPF50,Beauty,4,545,2180,CUST-55411,Website
UK-2026-101354,2026-02-03,West,Ahmedabad,Ionic Hair Dryer,Beauty,1,1905,1905,CUST-45726,App
UK-2026-104351,2026-06-16,South,Hyderabad,Cotton Kurta Set,Fashion,1,1359,1359,CUST-14916,App
UK-2026-104162,2026-06-02,South,Kochi,Wireless Earbuds Pro,Electronics,1,2979,2979,CUST-53934,App
UK-2026-100387,2026-01-16,North,Gurugram,Denim Jacket,Fashion,1,2219,2219,CUST-24391,App
UK-2026-103399,2026-05-30,South,Kochi,Cycling Helmet,Sports,2,1558,3116,CUST-69885,App
UK-2026-101918,2026-03-18,West,Surat,Beard Grooming Kit,Beauty,2,959,1918,CUST-49995,App
UK-2026-101852,2026-03-08,South,Bengaluru,Cricket Bat English Willow,Sports,1,9207,9207,CUST-69231,App
UK-2026-104725,2026-06-18,West,Surat,Noise-Cancelling Headphones,Electronics,2,8760,17520,CUST-73572,Website
UK-2026-100382,2026-01-17,West,Pune,Denim Jacket,Fashion,1,2193,2193,CUST-87090,Website
UK-2026-101693,2026-03-03,Central,Bhopal,Ionic Hair Dryer,Beauty,1,1984,1984,CUST-21099,App
UK-2026-102208,2026-03-23,South,Hyderabad,Badminton Racket Set,Sports,1,2421,2421,CUST-36868,Website
UK-2026-102935,2026-04-07,North,Chandigarh,Bluetooth Speaker Mini,Electronics,2,1476,2952,CUST-90359,App
UK-2026-102302,2026-04-11,North,Delhi,Formal Shirt,Fashion,1,1079,1079,CUST-24391,App
UK-2026-103915,2026-05-26,North,Delhi,Sunscreen SPF50,Beauty,1,525,525,CUST-55438,App
UK-2026-104825,2026-06-15,South,Bengaluru,Cotton Kurta Set,Fashion,1,1312,1312,CUST-83586,Website
UK-2026-101467,2026-03-22,South,Hyderabad,Silk Saree,Fashion,1,3505,3505,CUST-12114,Website
UK-2026-102501,2026-04-07,East,Patna,Slim Fit Jeans,Fashion,1,1626,"₹1,626",CUST-97534,App
UK-2026-101908,2026-03-31,South,Chennai,Formal Shirt,Fashion,1,1093,1093,CUST-74712,App
UK-2026-102380,2026-04-29,East,Guwahati,Slim Fit Jeans,Fashion,1,1538,1538,CUST-45866,App
UK-2026-102655,2026-04-14,West,Ahmedabad,Cycling Helmet,Sports,1,1610,1610,CUST-67998,Website
UK-2026-103368,2026-05-03,South,Cochin,Adjustable Dumbbells 15kg,Sports,2,5246,10492,CUST-80519,App
UK-2026-103801,2026-05-18,South,Hyderabad,Matte Lipstick Set,Beauty,2,899,1798,CUST-94464,Marketplace
UK-2026-102910,2026-04-21,North,Noida,Ultrabook Air 14,Electronics,1,31012,31012,CUST-69266,App
UK-2026-102692,2026-04-29,North,Gurugram,Slim Fit Jeans,Fashion,4,1604,6416,CUST-43056,Website
UK-2026-103854,2026-05-15,West,Pune,43-inch Smart TV,Electronics,1,26246,26246,CUST-57934,Website
UK-2026-101294,2026-02-19,South,Chennai,Dinner Set 24pc,Home & Kitchen,1,2402,2402,CUST-84385,App
UK-2026-103545,14/05/2026,West,Mumbai,Face Wash Combo,Beauty,1,452,452,CUST-70016,Marketplace
UK-2026-104235,2026-06-07,West,Ahmedabad,Smart Watch X2,Electronics,2,4377,8754,CUST-95647,App
UK-2026-102139,2026-03-17,East,Guwahati,Smart Watch X2,Electronics,1,4386,4386,CUST-81504,App
UK-2026-103434,2026-05-13,North,Chandigarh,Mirrorless Camera Lite,Electronics,1,28765,28765,CUST-43219,App
UK-2026-100079,2026-01-09,South,Chennai,Mirrorless Camera Lite,Electronics,1,30362,30362,CUST-67690,Website
UK-2026-104751,2026-06-10,South,Kochi,Ionic Hair Dryer,Beauty,1,1860,1860,CUST-67944,App
UK-2026-103960,2026-05-27,West,Ahmedabad,Ethnic Dupatta,Fashion,2,500,1000,CUST-28843,App
UK-2026-103927,2026-05-10,South,Hyderabad,Yoga Mat Pro,Sports,1,1219,1219,CUST-98850,App
UK-2026-103221,2026-05-05,South,Bengaluru,Cotton Bedsheet Set,Home & Kitchen,2,1461,2922,CUST-18488,Marketplace
UK-2026-103025,2026-04-04,Central,Bhopal,Running Sneakers,Fashion,1,2727,2727,CUST-25889,Website
UK-2026-103343,2026-05-14,South,Kochi,Mirrorless Camera Lite,Electronics,1,29145,29145,CUST-19519,Website
UK-2026-102528,2026-04-22,West,Mumbai,Power Bank 20000mAh,Electronics,1,1793,1793,CUST-53089,Website
UK-2026-102984,2026-04-12,North,Gurugram,Beard Grooming Kit,Beauty,1,1046,1046,CUST-78583,App
UK-2026-102611,2026-04-09,West,Pune,Wireless Earbuds Pro,Electronics,1,3137,3137,CUST-16124,Marketplace
UK-2026-101201,2026-02-08,East,Calcutta,Face Wash Combo,Beauty,1,448,448,CUST-85320,Marketplace
UK-2026-102466,2026-04-08,Central,Bhopal,Bluetooth Speaker Mini,Electronics,1,1546,1546,CUST-26073,Website
UK-2026-100621,2026-01-12,West,Mumbai,Eau de Parfum 100ml,Beauty,2,2045,"4,090.00",CUST-77870,Marketplace
UK-2026-103125,2026-05-17,West,Mumbai,Running Sneakers,Fashion,2,2675,5350,CUST-84631,Marketplace
UK-2026-102481,2026-04-28,North,Chandigarh,Slim Fit Jeans,Fashion,1,1542,1542,CUST-43914,Website
UK-2026-100525,2026-01-26,Central,Indore,Non-Stick Cookware Set,Home & Kitchen,,2834,8502,CUST-49181,App
UK-2026-103313,2026-05-12,West,Ahmedabad,Makeup Brush Set,Beauty,1,1339,1339,CUST-90024,App
UK-2026-101099,2026-02-27,West,Pune,Matte Lipstick Set,Beauty,1,902,902,CUST-74477,App
UK-2026-103382,2026-05-10,North,Delhi,Football Size 5,Sports,2,925,1850,CUST-74719,Website
UK-2026-102165,2026-03-14,West,Pune,Modern Wall Clock,Home & Kitchen,1,804,804,CUST-48188,Website
UK-2026-102268,2026-04-18,East,Patna,Cycling Helmet,Sports,1,1631,1631,CUST-28340,Website
UK-2026-103946,2026-05-18,East,Guwahati,Wireless Earbuds Pro,Electronics,1,2936,2936,CUST-53476,App
UK-2026-102357,2026-04-12,West,Ahmedabad,Wireless Earbuds Pro,Electronics,1,3083,3083,CUST-82171,Marketplace
UK-2026-102799,2026-04-08,North,Noida,Ultrabook Air 14,Electronics,1,29051,29051,CUST-65066,App
UK-2026-103014,2026-04-16,East,Bhubaneswar,Mixer Grinder 750W,Home & Kitchen,1,3435,3435,CUST-10707,App
UK-2026-100080,2026-01-18,West,Surat,Matte Lipstick Set,Beauty,1,855,855,CUST-13184,Marketplace
UK-2026-100580,2026-01-02,East,Guwahati,Ultrabook Air 14,Electronics,1,29896,29896,CUST-92301,Marketplace
UK-2026-104585,2026-06-13,Central,Indore,Bluetooth Speaker Mini,Electronics,1,1495,1495,CUST-60824,Marketplace
UK-2026-101899,2026-03-20,North,Chandigarh,Ultrabook Air 14,Electronics,1,31298,31298,CUST-22022,App
UK-2026-103193,2026-05-12,South,Kochi,Non-Stick Cookware Set,Home & Kitchen,1,2985,2985,CUST-12761,Website
UK-2026-100032,2026-01-14,Central,Bhopal,Silk Saree,Fashion,1,3394,3394,CUST-12014,Website
UK-2026-104993,2026-06-14,South,Madras,Cotton Bedsheet Set,Home & Kitchen,1,1345,1345,CUST-26808,App
UK-2026-101524,2026-03-03,South,Bengaluru,Ethnic Dupatta,Fashion,1,482,482,CUST-60180,Website
UK-2026-104156,2026-06-26,West,Pune,Badminton Racket Set,Sports,1,2463,2463,CUST-44625,App
UK-2026-101774,2026-03-09,North,Noida,Ionic Hair Dryer,Beauty,1,1845,1845,CUST-39769,App
UK-2026-104711,2026-06-08,North,Gurugram,Mixer Grinder 750W,Home & Kitchen,1,3202,3202,CUST-83239,App
UK-2026-100378,2026-01-28,North,Delhi,Bluetooth Speaker Mini,Electronics,1,1501,1501,CUST-29409,App
UK-2026-103007,2026-04-06,Central,Nagpur,Noise-Cancelling Headphones,Electronics,1,8919,8919,CUST-47939,Marketplace
UK-2026-103401,2026-05-09,West,Pune,Denim Jacket,Fashion,1,2177,2177,CUST-92522,Marketplace
UK-2026-100906,2026-02-24,North,Delhi,Power Bank 20000mAh,Electronics,2,1819,3638,CUST-16959,Marketplace
UK-2026-100301,2026-01-10,,Ahmedabad,Ethnic Dupatta,Fashion,1,486,486,CUST-88852,Marketplace
UK-2026-101903,2026-03-22,South,Kochi,Denim Jacket,Fashion,1,2171,2171,CUST-94207,Marketplace
UK-2026-103379,2026-05-20,North,Chandigarh,Eau de Parfum 100ml,Beauty,1,2067,2067,CUST-76181,Marketplace
UK-2026-101703,2026-03-29,East,Kolkata,Face Wash Combo,Beauty,1,454,454,CUST-21723,App
UK-2026-103706,2026-05-02,Central,Indore,Smart Watch X2,Electronics,3,4362,13086,CUST-62258,Marketplace
UK-2026-101132,2026-02-27,West,Pune,Denim Jacket,Fashion,1,2145,2145,CUST-84631,Marketplace
UK-2026-104921,2026-06-07,East,Bhubaneswar,Smart Watch X2,Electronics,,4314,4314,CUST-12982,Website
UK-2026-103097,2026-05-08,West,Surat,Modern Wall Clock,Home & Kitchen,1,779,779,CUST-59140,App
UK-2026-101174,2026-02-24,West,Mumbai,Leather Wallet,Fashion,1,912,912,CUST-54562,App
UK-2026-103180,2026-05-07,West,Ahmedabad,Dinner Set 24pc,Home & Kitchen,1,2517,2517,CUST-28843,App
UK-2026-101867,2026-03-02,North,Delhi,Ethnic Dupatta,Fashion,1,483,483,CUST-25867,App
UK-2026-100351,2026-01-25,South,Chennai,Mirrorless Camera Lite,Electronics,1,29043,29043,CUST-96316,Marketplace
UK-2026-101151,2026-02-05,North,Chandigarh,Robot Vacuum R7,Home & Kitchen,1,18243,18243,CUST-86951,App
UK-2026-101349,2026-02-19,North,Noida,Running Sneakers,Fashion,3,2892,8676,CUST-47496,Marketplace
UK-2026-103203,2026-05-04,North,Delhi,Gym Gloves,Sports,1,515,515,CUST-77330,Website
UK-2026-102348,2026-04-18,North,Noida,Slim Fit Jeans,Fashion,,1635,1635,CUST-30789,App
UK-2026-101502,2026-03-28,Central,Indore,43-inch Smart TV,Electronics,1,26486,26486,CUST-40943,Website
UK-2026-102771,2026-04-30,East,Patna,43-inch Smart TV,Electronics,-2,25928,25928,CUST-80702,Website
UK-2026-100553,2026-01-12,South,Chennai,Silk Saree,Fashion,1,3643,3643,CUST-19528,App
UK-2026-101035,2026-02-19,South,Hyderabad,Leather Wallet,Fashion,1,919,919,CUST-74169,App
UK-2026-100820,2026-02-21,South,Bengaluru,Smart Watch X2,Electronics,1,4448,4448,CUST-21099,App
UK-2026-100726,2026-02-10,North,Gurugram,Formal Shirt,Fashion,1,1062,1062,CUST-74201,App
UK-2026-101642,2026-03-27,North,Delhi,Cotton Kurta Set,Fashion,1,1242,1242,CUST-39912,Marketplace
UK-2026-103006,2026-04-04,North,Delhi,Dinner Set 24pc,Home & Kitchen,1,2586,2586,CUST-57664,App
UK-2026-102906,"Apr 8, 2026",North,Noida,Mixer Grinder 750W,Home & Kitchen,1,3235,3235,CUST-85177,App
UK-2026-102642,2026-04-28,South,Bengaluru,Ultrabook Air 14,Electronics,2,29756,59512,CUST-90376,Marketplace
UK-2026-100192,2026-01-12,West,Mumbai,Noise-Cancelling Headphones,Electronics,2,8965,17930,CUST-90597,Marketplace
UK-2026-103680,2026-05-17,Central,Raipur,Cotton Bedsheet Set,Home & Kitchen,1,1467,1467,CUST-99661,App
UK-2026-100209,2026-01-25,West,Ahmedabad,Yoga Mat Pro,Sports,3,1230,3690,CUST-38886,Website
UK-2026-102855,2026-04-12,North,Gurugram,43-inch Smart TV,Electronics,2,25460,50920,CUST-60917,App
UK-2026-104681,2026-06-25,North,Gurugram,RUNNING SNEAKERS,Fashion,2,2748,5496,CUST-86137,App
UK-2026-102298,2026-04-26,Central,Bhopal,Modern Wall Clock,Home & Kitchen,2,837,1674,CUST-61134,App
UK-2026-100556,2026-01-06,West,Mumbai,Cotton Bedsheet Set,Home & Kitchen,2,1459,2918,CUST-44751,Marketplace
UK-2026-103833,2026-05-19,South,Chennai,Beard Grooming Kit,Beauty,3,985,2955,CUST-51014,Website
UK-2026-103500,2026-05-09,,Pune,Cricket Bat English Willow,Sports,1,8766,8766,CUST-47235,Marketplace
UK-2026-101078,2026-02-01,South,Madras,Foldable Treadmill T2,Sports,2,24121,48242,CUST-73876,Website
UK-2026-101337,2026-02-26,North,Delhi,Beard Grooming Kit,Beauty,2,987,1974,CUST-95647,Website
UK-2026-101975,2026-03-12,West,Surat,Silk Saree,Fashion,1,3495,3495,CUST-18807,App
UK-2026-103895,2026-05-30,South,Hyderabad,Power Bank 20000mAh,Electronics,1,1741,1741,CUST-61773,App
UK-2026-102309,2026-04-13,Central,Bhopal,Modern Wall Clock,Home & Kitchen,1,816,816,CUST-58300,Marketplace
UK-2026-100895,2026-02-18,Central,Indore,Sunscreen SPF50,Beauty,2,532,1064,CUST-16483,App
UK-2026-102784,2026-04-10,,Chennai,Cotton Bedsheet Set,Home & Kitchen,1,1353,1353,CUST-80553,App
UK-2026-101659,2026-03-30,North,Delhi,  Formal Shirt,Fashion,1,1137,1137,CUST-74498,Marketplace
UK-2026-103192,2026-05-16,East,Patna,43-inch Smart TV,Electronics,1,25735,25735,CUST-76539,Website
UK-2026-104043,2026-06-17,West,Pune,Silk Saree,Fashion,1,3473,3473,CUST-27949,Marketplace
UK-2026-102133,2026-03-16,East,Kolkata,Cricket Bat English Willow,Sports,1,9061,9061,CUST-26970,Website
UK-2026-104578,2026-06-13,North,Chandigarh,Wireless Earbuds Pro,Electronics,1,3099,3099,CUST-69075,Marketplace
UK-2026-102592,2026-04-23,North,Delhi,Electric Kettle 1.5L,Home & Kitchen,1,1129,1129,CUST-83497,Website
UK-2026-103735,2026-05-04,Central,Raipur,Vitamin C Serum,Beauty,1,702,702,CUST-74477,Marketplace
UK-2026-102926,2026-04-02,East,Guwahati,Cotton Bedsheet Set,Home & Kitchen,1,1362,1362,CUST-66310,Website
UK-2026-100439,2026-01-08,,Ahmedabad,43-inch Smart TV,Electronics,1,24774,24774,CUST-41648,Marketplace
UK-2026-101756,2026-03-16,North,Gurugram,Eau de Parfum 100ml,Beauty,2,1997,3994,CUST-19269,Website
UK-2026-101999,2026-03-06,South,Kochi,Mirrorless Camera Lite,Electronics,1,29866,29866,CUST-26497,App
UK-2026-101339,2026-02-23,Central,Indore,Ethnic Dupatta,Fashion,1,486,486,CUST-78949,Website
UK-2026-103346,2026-05-28,West,Surat,Foldable Treadmill T2,Sports,1,24855,24855,CUST-91616,App
UK-2026-101683,2026-03-30,West,Mumbai,Slim Fit Jeans,Fashion,1,1609,1609,CUST-78165,App
UK-2026-100088,2026-01-31,North,Delhi,Vitamin C Serum,Beauty,3,697,2091,CUST-64834,Website
UK-2026-101390,2026-02-03,East,Patna,Slim Fit Jeans,Fashion,1,1533,1533,CUST-30888,Website
UK-2026-104777,2026-06-30,North,Gurugram,Makeup Brush Set,Beauty,2,1303,2606,CUST-50647,App
UK-2026-100257,2026-01-29,East,Calcutta,Cycling Helmet,Sports,1,1533,1533,CUST-96733,App
UK-2026-100815,2026-02-09,North,Noida,Face Wash Combo,Beauty,3,447,1341,CUST-72376,Website
UK-2026-102918,2026-04-03,North,Gurugram,Wireless Earbuds Pro,Electronics,1,3022,3022,CUST-96225,Marketplace
UK-2026-100862,2026-02-05,Central,Nagpur,Ethnic Dupatta,Fashion,1,523,523,CUST-39884,App
UK-2026-100729,2026-02-25,North,Chandigarh,Silk Saree,Fashion,1,3604,3604,CUST-36848,App
UK-2026-104981,2026-06-28,South,Chennai,Dinner Set 24pc,Home & Kitchen,1,2548,2548,CUST-76757,App
UK-2026-101656,11/03/2026,Central,Indore,Ultrabook Air 14,Electronics,1,28585,28585,CUST-28043,Website
UK-2026-101293,2026-02-05,North,Noida,Robot Vacuum R7,Home & Kitchen,1,19449,19449,CUST-68905,Marketplace
UK-2026-102274,2026-04-17,South,Bengaluru,Cotton Kurta Set,Fashion,1,1318,1318,CUST-31549,App
UK-2026-100592,2026-01-17,North,Gurugram,Leather Wallet,Fashion,2,917,1834,CUST-23068,App
UK-2026-102149,2026-03-10,North,Noida,Slim Fit Jeans,Fashion,1,1595,1595,CUST-27374,Website
UK-2026-103243,2026-05-02,South,Hyderabad,Modern Wall Clock,Home & Kitchen,2,801,1602,CUST-70789,Marketplace
UK-2026-104146,2026-06-08,North,Delhi,Noise-Cancelling Headphones,Electronics,1,9009,9009,CUST-65880,App
UK-2026-100698,2026-01-25,North,Chandigarh,Robot Vacuum R7,Home & Kitchen,1,18364,18364,CUST-85700,Website
UK-2026-103373,2026-05-26,West,Mumbai,Sunscreen SPF50,Beauty,1,524,524,CUST-32885,App
UK-2026-103263,2026-05-01,North,Chandigarh,Denim Jacket,Fashion,1,2204,2204,CUST-73890,Website
UK-2026-104698,2026-06-09,South,Hyderabad,Formal Shirt,Fashion,1,1058,1058,CUST-20194,Marketplace
UK-2026-101441,2026-02-15,West,Surat,Power Bank 20000mAh,Electronics,2,1868,3736,CUST-22982,App
UK-2026-100017,2026-01-07,South,Cochin,Smart Watch X2,Electronics,1,4407,4407,CUST-89310,App
UK-2026-100487,2026-01-01,North,Chandigarh,Mirrorless Camera Lite,Electronics,1,28535,28535,CUST-25989,Website
UK-2026-100964,2026-02-28,East,Bhubaneswar,Gym Gloves,Sports,2,474,948,CUST-22432,Website
UK-2026-102147,2026-03-12,South,Kochi,Formal Shirt,Fashion,1,1073,1073,CUST-46150,Website
UK-2026-101501,2026-03-10,South,Kochi,Cotton Bedsheet Set,Home & Kitchen,1,1361,1361,CUST-35493,Website
UK-2026-101992,2026-03-25,North,Gurugram,Silk Saree,Fashion,1,3453,3453,CUST-83221,App
UK-2026-101523,2026-03-20,West,Pune,43-inch Smart TV,Electronics,2,26295,52590,CUST-73830,Marketplace
UK-2026-104384,2026-06-26,South,Kochi,43-inch Smart TV,Electronics,1,24921,24921,CUST-88265,Marketplace
UK-2026-102097,2026-03-26,East,Patna,Cotton Kurta Set,Fashion,1,1301,1301,CUST-18835,Website
UK-2026-104661,2026-06-28,South,Kochi,Eau de Parfum 100ml,Beauty,3,2029,6087,CUST-46608,Marketplace
UK-2026-104966,2026-06-24,South,Hyderabad,Silk Saree,Fashion,1,3636,3636,CUST-84254,App
UK-2026-101049,2026-02-22,North,Chandigarh,Dinner Set 24pc,Home & Kitchen,1,2592,2592,CUST-69761,App
UK-2026-103562,2026-05-27,South,Chennai,43-inch Smart TV,Electronics,1,26555,26555,CUST-95685,Website
UK-2026-101627,2026-03-27,South,Hyderabad,Formal Shirt,Fashion,1,1086,1086,CUST-49995,App
UK-2026-100803,2026-02-26,North,Noida,Air Fryer 5L,Home & Kitchen,2,5271,10542,CUST-32195,App
UK-2026-103079,21/04/2026,West,Mumbai,Eau de Parfum 100ml,Beauty,1,2004,2004,CUST-82034,App
UK-2026-104169,2026-06-03,West,Surat,Ultrabook Air 14,Electronics,1,28950,28950,CUST-80545,App
UK-2026-102725,2026-04-19,West,Surat,Slim Fit Jeans,Fashion,1,1545,1545,CUST-32992,App
UK-2026-100007,2026-01-18,West,Surat,Cricket Bat English Willow,Sports,2,9324,18648,CUST-56801,Website
UK-2026-103524,2026-05-29,West,Surat,Robot Vacuum R7,Home & Kitchen,1,19664,19664,CUST-11548,Website
UK-2026-104526,"Jun 20, 2026",North,Gurugram,Beard Grooming Kit,Beauty,1,972,972,CUST-98512,Website
UK-2026-101749,2026-03-06,South,bengaluru,Running Sneakers,Fashion,1,2720,2720,CUST-71570,App
UK-2026-103699,2026-05-14,North,Gurgaon,Silk Saree,Fashion,1,3382,3382,CUST-81867,App
UK-2026-104786,2026-06-30,North,Chandigarh,Badminton Racket Set,Sports,1,2550,2550,CUST-19346,Marketplace
UK-2026-103142,2026-05-01,South,Bengaluru,Cotton Kurta Set,Fashion,2,1287,2574,CUST-14827,App
UK-2026-104660,2026-06-15,North,New Delhi,Power Bank 20000mAh,Electronics,1,1851,1851,CUST-88265,Website
UK-2026-100354,2026-01-04,West,Pune,43-inch Smart TV,Electronics,1,26706,26706,CUST-45736,App
UK-2026-102434,2026-04-08,West,Pune,Makeup Brush Set,Beauty,1,1274,1274,CUST-58580,Website
UK-2026-100286,2026-01-29,South,Chennai,Beard Grooming Kit,Beauty,1,992,992,CUST-43828,App
UK-2026-104885,2026-06-11,North,Chandigarh,Running Sneakers,Fashion,2,2927,5854,CUST-29389,Marketplace
UK-2026-101958,2026-03-23,South,Hyderabad,Noise-Cancelling Headphones,Electronics,1,9361,9361,CUST-51043,App
UK-2026-102057,2026-03-17,North,Delhi,Mirrorless Camera Lite,Electronics,1,29362,29362,CUST-13809,App
UK-2026-104822,2026-06-19,North,Noida,Wireless Earbuds Pro,Electronics,3,2884,8652,CUST-59405,Marketplace
UK-2026-100190,2026-01-08,South,Bengaluru,Makeup Brush Set,Beauty,1,1239,1239,CUST-40584,Website
UK-2026-103086,"Apr 6, 2026",West,Pune,Cotton Bedsheet Set,Home & Kitchen,1,1400,1400,CUST-29408,App
UK-2026-103047,2026-04-12,South,Hyderabad,Ethnic Dupatta,Fashion,1,504,504,CUST-56364,Website
UK-2026-100596,2026-01-22,South,Kochi,Badminton Racket Set,Sports,1,2420,2420,CUST-96303,Marketplace
UK-2026-100357,2026-01-16,East,Guwahati,Air Fryer 5L,Home & Kitchen,3,5770,17310,CUST-92592,App
UK-2026-103338,2026-05-19,West,Surat,Leather Wallet,Fashion,1,920,920,CUST-78551,Website
UK-2026-104632,2026-06-06,North,Noida,Robot Vacuum R7,Home & Kitchen,1,18744,18744,CUST-75512,App
UK-2026-104773,2026-06-25,North,Gurugram,Adjustable Dumbbells 15kg,Sports,1,5121,5121,CUST-25793,Website
UK-2026-103314,2026-05-15,East,Calcutta,Cricket Bat English Willow,Sports,1,8953,8953,CUST-54582,App
UK-2026-100461,2026-01-03,South,Cochin,Badminton Racket Set,Sports,1,2424,2424,CUST-85639,App
UK-2026-103107,19/05/2026,Central,Bhopal,Power Bank 20000mAh,Electronics,1,1724,1724,CUST-48047,Marketplace
UK-2026-101000,2026-02-25,South,Hyderabad,Running Sneakers,Fashion,1,2768,2768,CUST-94729,App
UK-2026-102612,2026-04-06,South,Bengaluru,Wireless Earbuds Pro,Electronics,2,3088,6176,CUST-67920,App
UK-2026-103022,2026-04-14,West,Mumbai,Smart Watch X2,Electronics,1,4466,4466,CUST-48406,Website
UK-2026-104647,2026-06-15,South,Chennai,Cotton Kurta Set,Fashion,1,1312,1312,CUST-36469,Website
UK-2026-101051,2026-02-05,Central,Bhopal,Silk Saree,Fashion,1,3661,3661,CUST-99649,App
UK-2026-101944,2026-03-04,South,Hyderabad,Noise-Cancelling Headphones,Electronics,3,8846,26538,CUST-14093,Website
UK-2026-101959,20-03-26,North,Noida,Wireless Earbuds Pro,Electronics,1,3139,3139,CUST-40584,Marketplace
UK-2026-103754,2026-05-11,North,Chandigarh,Modern Wall Clock,Home & Kitchen,1,812,812,CUST-17338,App
UK-2026-103749,2026-05-04,South,Kochi,Running Sneakers,Fashion,1,2670,2670,CUST-26675,Marketplace
UK-2026-100431,2026-01-19,South,Kochi,Silk Saree,Fashion,1,3440,3440,CUST-32134,Website
UK-2026-103965,2026-05-03,North,Gurugram,Mirrorless Camera Lite,Electronics,2,28965,57930,CUST-13341,App
UK-2026-100269,2026-01-25,North,Gurugram,Leather Wallet,Fashion,1,901,901,CUST-30789,App
UK-2026-104912,2026-06-02,North,Noida,Electric Kettle 1.5L,Home & Kitchen,3,1084,3252,CUST-25397,App
UK-2026-103160,2026-05-15,North,Delhi,Denim Jacket,Fashion,1,2149,2149,CUST-21830,App
UK-2026-102495,2026-04-15,Central,Bhopal,Mirrorless Camera Lite,Electronics,-2,29156,29156,CUST-74286,Marketplace
UK-2026-101569,2026-03-19,West,Ahmedabad,Ionic Hair Dryer,Beauty,2,1980,3960,CUST-60533,App
UK-2026-103361,2026-05-18,West,Mumbai,Leather Wallet,Fashion,1,941,941,CUST-67127,App
UK-2026-104326,2026-06-01,West,Ahmedabad,Mixer Grinder 750W,Home & Kitchen,1,3257,3257,CUST-96889,App
UK-2026-104906,2026-06-02,Central,Bhopal,43-inch Smart TV,Electronics,2,25906,51812 INR,CUST-19672,App
UK-2026-101654,2026-03-12,South,Kochi,Denim Jacket,Fashion,1,2194,2194,CUST-15333,App
UK-2026-101191,2026-02-22,North,Gurugram,Silk Saree,Fashion,1,3352,3352,CUST-73909,App
UK-2026-103883,2026-05-15,West,Surat,Leather Wallet,Fashion,1,876,876,CUST-12761,App
UK-2026-103369,2026-05-24,South,Chennai,Slim Fit Jeans,Fashion,1,1544,1544,CUST-22408,App
UK-2026-103466,2026-05-19,North,Noida,Eau de Parfum 100ml,Beauty,1,2066,2066,CUST-78991,Website
UK-2026-104379,2026-06-13,South,Kochi,Running Sneakers,Fashion,1,2870,2870,CUST-96225,Website
UK-2026-102617,2026-04-26,West,Ahmedabad,Cricket Bat English Willow,Sports,1,9291,9291,CUST-25939,App
UK-2026-101722,2026-03-31,South,Kochi,Wireless Earbuds Pro,Electronics,1,2885,2885,CUST-47724,App
UK-2026-101805,2026-03-25,East,Kolkata,Wireless Earbuds Pro,Electronics,1,2868,2868,CUST-43042,Marketplace
UK-2026-103687,2026-05-30,South,Hyderabad,Ultrabook Air 14,Electronics,2,29185,58370,CUST-22432,App
UK-2026-103279,2026-05-14,South,Chennai,Gym Gloves,Sports,2,517,1034,CUST-96561,Website
UK-2026-102280,2026-04-02,North,Chandigarh,Non-Stick Cookware Set,Home & Kitchen,,2920,2920,CUST-89773,App
UK-2026-100330,2026-01-25,South,Hyderabad,Formal Shirt,Fashion,1,1134,1134,CUST-15294,Website
UK-2026-100787,2026-02-01,West,Mumbai,Electric Kettle 1.5L,Home & Kitchen,1,1101,1101,CUST-72891,App
UK-2026-100740,2026-02-05,Central,Indore,Foldable Treadmill T2,Sports,1,24310,24310,CUST-26579,Marketplace
UK-2026-103265,2026-05-25,North,Gurugram,Adjustable Dumbbells 15kg,Sports,-1,5110,5110,CUST-75049,App
UK-2026-103191,2026-05-04,South,Kochi,Slim Fit Jeans,Fashion,2,1550,3100,CUST-60533,Website
UK-2026-104869,2026-06-07,West,Pune,Air Fryer 5L,Home & Kitchen,2,5624,11248,CUST-97210,Marketplace
UK-2026-102842,2026-04-07,South,Hyderabad,Bluetooth Speaker Mini,Electronics,1,1458,1458,CUST-10900,Marketplace
UK-2026-104093,2026-06-18,North,Gurugram,Running Sneakers,Fashion,2,2805,5610,CUST-56458,App
UK-2026-101016,2026-02-16,North,Chandigarh,43-inch Smart TV,Electronics,1,24711,24711,CUST-92051,Website
UK-2026-104509,2026-06-07,South,Chennai,MATTE LIPSTICK SET,Beauty,1,910,910,CUST-34841,App
UK-2026-100690,2026-01-14,West,Mumbai,Cotton Kurta Set,Fashion,1,1293,1293,CUST-87490,Website
UK-2026-101928,2026-03-31,South,Hyderabad,Bluetooth Speaker Mini,Electronics,1,1490,1490,CUST-32994,Website
UK-2026-100867,25/02/2026,North,Chandigarh,Cricket Bat English Willow,Sports,1,9408,9408,CUST-25241,Website
UK-2026-103512,2026-05-01,West,Surat   ,Mixer Grinder 750W,Home & Kitchen,1,3163,3163,CUST-77646,Website
UK-2026-103235,2026-05-01,West,Mumbai,Makeup Brush Set,Beauty,1,1348,1348,CUST-93977,Website
UK-2026-101850,2026-03-24,South,Kochi,Cotton Bedsheet Set,Home & Kitchen,1,1407,1407,CUST-61482,Website
UK-2026-103182,2026-05-24,South,Hyderabad,Air Fryer 5L,Home & Kitchen,1,5525,5525,CUST-53313,App
UK-2026-103613,2026-05-01,East,Bhubaneswar,Electric Kettle 1.5L,Home & Kitchen,1,1127,1127,CUST-80012,Website
UK-2026-103831,2026-05-21,East,Patna,Non-Stick Cookware Set,Home & Kitchen,1,2881,2881,CUST-77392,Marketplace
UK-2026-100720,2026-01-24,South,Kochi,Running Sneakers,Fashion,1,2671,2671,CUST-46640,App
UK-2026-101459,2026-03-29,South,Kochi,Wireless Earbuds Pro,Electronics,2,2970,5940,CUST-56193,Marketplace
UK-2026-103881,2026-05-08,South,Chennai,Foldable Treadmill T2,Sports,1,24896,24896,CUST-19275,App
UK-2026-102682,2026-04-24,West,Mumbai,Silk Saree,Fashion,2,3525,7050,CUST-39218,App
UK-2026-102122,2026-03-15,Central,Indore,Power Bank 20000mAh,Electronics,1,1724,1724,CUST-76166,App
UK-2026-103624,2026-05-05,South,Hyderabad,Ethnic Dupatta,Fashion,3,504,1512,CUST-94051,Website
UK-2026-104970,2026-06-26,South,Kochi,Sunscreen SPF50,Beauty,2,572,1144,CUST-88525,App
UK-2026-103240,2026-05-27,South,Kochi,43-inch Smart TV,Electronics,1,26578,26578,CUST-65964,Website
UK-2026-101618,2026-03-18,South,Bengaluru,Leather Wallet,Fashion,1,864,864,CUST-77990,Marketplace
UK-2026-102044,2026-03-20,North,Delhi,Gym Gloves,Sports,2,498,996,CUST-81876,Marketplace
UK-2026-103929,2026-05-02,West,Ahmedabad,Cycling Helmet,Sports,2,1582,3164,CUST-39108,App
UK-2026-104608,2026-06-07,,Chandigarh,Leather Wallet,Fashion,1,941,941,CUST-39288,App
UK-2026-102504,2026-04-04,South,Hyderabad,Gym Gloves,Sports,1,486,486,CUST-56764,App
UK-2026-104237,2026-06-29,South,Kochi,Wireless Earbuds Pro,Electronics,1,3118,3118,CUST-36845,App
UK-2026-102952,07-04-26,West,Mumbai,Makeup Brush Set,Beauty,2,1335,2670,CUST-82024,App
UK-2026-102286,2026-04-01,North,Gurugram,Mirrorless Camera Lite,Electronics,3,30231,90693,CUST-78744,App
UK-2026-103697,2026-05-20,East,Guwahati,Vitamin C Serum,Beauty,3,696,2088,CUST-90024,App
UK-2026-103987,2026-05-23,North,Chandigarh,Cotton Kurta Set,Fashion,3,1274,3822,CUST-12080,App
UK-2026-101224,2026-02-27,South,Bengaluru,Non-Stick Cookware Set,Home & Kitchen,1,2777,2777,CUST-81628,App
UK-2026-100632,2026-01-15,South,Hyderabad,Face Wash Combo,Beauty,1,429,429,CUST-93239,App
UK-2026-104700,2026-06-14,South,Chennai,Cycling Helmet,Sports,1,1609,1609,CUST-30705,App
UK-2026-103609,2026-05-08,North,GURUGRAM,Mixer Grinder 750W,Home & Kitchen,1,3241,3241,CUST-48188,App
UK-2026-102680,2026-04-10,Central,Bhopal,Non-Stick Cookware Set,Home & Kitchen,1,2947,2947,CUST-21641,Website
UK-2026-102582,2026-04-11,West,Pune,Adjustable Dumbbells 15kg,Sports,1,5241,5241,CUST-25192,Website
UK-2026-104023,2026-06-01,West,Mumbai,Bluetooth Speaker Mini,Electronics,1,1462,1462,CUST-85770,Marketplace
UK-2026-103451,2026-05-23,North,Noida,Formal Shirt,Fashion,1,1051,1051,CUST-39769,Website
UK-2026-101387,2026-02-08,West,Surat,Ionic Hair Dryer,Beauty,1,1858,1858,CUST-92084,App
UK-2026-101070,2026-02-08,West,Surat,Beard Grooming Kit,Beauty,2,979,1958,CUST-15330,App
UK-2026-102954,2026-04-02,South,Hyderabad,Wireless Earbuds Pro,Electronics,2,3064,6128,CUST-24016,Website
UK-2026-103510,2026-05-04,Central,Nagpur,Sunscreen SPF50,Beauty,1,556,556,CUST-73002,Website
UK-2026-100561,2026-01-20,South,Bengaluru,Dinner Set 24pc,Home & Kitchen,1,2393,2393,CUST-92051,App
UK-2026-100047,2026-01-01,South,Hyderabad,Sunscreen SPF50,Beauty,1,528,528,CUST-95069,Website
UK-2026-104126,2026-06-22,Central,Raipur,Gym Gloves,Sports,1,488,488,CUST-90725,Website
UK-2026-104848,2026-06-05,North,Gurugram,Makeup Brush Set,Beauty,1,1272,1272,CUST-63600,Marketplace
UK-2026-102515,2026-04-09,Central,Indore,Eau de Parfum 100ml,Beauty,1,2092,2092,CUST-90644,Website
UK-2026-100448,2026-01-30,South,Bengaluru,Makeup Brush Set,Beauty,1,1259,1259,CUST-99773,App
UK-2026-103585,2026-05-26,South,Chennai,43-inch Smart TV,Electronics,1,26187,26187,CUST-23282,Marketplace
UK-2026-101921,2026-03-17,South,Chennai,Cotton Kurta Set,Fashion,1,1332,1332,CUST-17387,Marketplace
UK-2026-100744,2026-02-25,South,Bengaluru,NON-STICK COOKWARE SET,Home & Kitchen,1,3016,3016,CUST-45231,Website
UK-2026-100795,2026-02-04,West,Ahmedabad,Noise-Cancelling Headphones,Electronics,1,8749,8749,CUST-13599,Website
UK-2026-103865,2026-05-27,North,Noida,Mirrorless Camera Lite,Electronics,1,29150,29150,CUST-43914,Marketplace
UK-2026-103470,2026-05-30,West,Mumbai,Silk Saree,Fashion,1,3630,3630,CUST-50689,App
UK-2026-100828,2026-02-28,North,Noida,Bluetooth Speaker Mini,Electronics,1,1555,1555,CUST-70990,Website
UK-2026-101978,2026-03-10,North,Chandigarh,Foldable Treadmill T2,Sports,1,25609,25609,CUST-66591,Website
UK-2026-103951,2026-05-13,West,Pune,Denim Jacket,Fashion,3,2102,6306,CUST-88730,Marketplace
UK-2026-101761,2026-03-09,North,Noida,Air Fryer 5L,Home & Kitchen,1,5652,5652,CUST-39525,App
UK-2026-102106,2026-03-13,North,Chandigarh,Foldable Treadmill T2,Sports,2,24618,49236,CUST-10215,App
UK-2026-101836,2026-03-25,West,Mumbai,Ethnic Dupatta,Fashion,1,476,476,CUST-47409,Marketplace
UK-2026-104306,2026-06-28,South,Bengaluru,Makeup Brush Set,Beauty,1,1284,1284,CUST-87574,Website
UK-2026-104710,2026-06-16,,Pune,Non-Stick Cookware Set,Home & Kitchen,1,2890,2890,CUST-31997,Website
UK-2026-103490,2026-05-30,North,Noida,Ultrabook Air 14,Electronics,1,29009,29009,CUST-85755,Marketplace
UK-2026-101691,2026-03-09,North,Gurugram,43-inch Smart TV,Electronics,1,25274,25274,CUST-93255,Website
UK-2026-101157,2026-02-14,East,Patna,Ultrabook Air 14,Electronics,1,31345,31345,CUST-96733,Marketplace
UK-2026-102975,2026-04-27,West,Ahmedabad,Wireless Earbuds Pro,Electronics,1,2982,2982,CUST-17013,App
UK-2026-100416,2026-01-10,North,Chandigarh,Cotton Kurta Set,Fashion,1,1267,1267,CUST-21696,App
UK-2026-104531,2026-06-05,North,Noida,Beard Grooming Kit,Beauty,2,1005,2010,CUST-57020,App
UK-2026-101480,2026-03-16,South,Hyderabad,Electric Kettle 1.5L,Home & Kitchen,1,1072,1072,CUST-77759,Website
UK-2026-103526,2026-05-02,North,Delhi,Foldable Treadmill T2,Sports,1,24355,24355,CUST-45567,App
UK-2026-100380,2026-01-22,West,Ahmedabad,Cycling Helmet,Sports,1,1646,1646,CUST-56949,App
UK-2026-101392,2026-02-14,South,Hyderabad,Yoga Mat Pro,Sports,1,1150,1150,CUST-43828,Website
UK-2026-100888,2026-02-02,East,Guwahati,Smart Watch X2,Electronics,4,4640,18560,CUST-74842,App
UK-2026-103810,2026-05-24,South,Hyderabad,Denim Jacket,Fashion,1,2251,2251,CUST-66003,App
UK-2026-104347,2026-06-26,South,Chennai,Smart Watch X2,Electronics,4,4450,17800,CUST-70768,Marketplace
UK-2026-103879,2026-05-30,Central,Nagpur,Wireless Earbuds Pro,Electronics,1,3122,3122,CUST-80259,App
UK-2026-100953,2026-02-18,North,Chandigarh,Wireless Earbuds Pro,Electronics,1,3060,3060,CUST-74477,Website
UK-2026-100025,2026-01-22,West,Pune,Badminton Racket Set,Sports,1,2512,2512,CUST-74207,App
UK-2026-102587,2026-04-30,East,Patna,Denim Jacket,Fashion,1,2183,2183,CUST-40262,Website
UK-2026-101281,2026-02-28,South,Hyderabad,Ultrabook Air 14,Electronics,4,30905,123620,CUST-92084,App
UK-2026-100415,2026-01-02,South,Kochi,Ultrabook Air 14,Electronics,3,30948,92844,CUST-90252,App
UK-2026-104550,2026-06-23,West,Surat,Air Fryer 5L,Home & Kitchen,1,5760,5760,CUST-29075,App
UK-2026-104842,20-06-26,West,Ahmedabad,Slim Fit Jeans,Fashion,1,1562,1562,CUST-13334,Marketplace
UK-2026-100228,2026-01-18,South,Chennai,Non-Stick Cookware Set,Home & Kitchen,2,2966,5932,CUST-90929,Website
UK-2026-102635,2026-04-16,West,Mumbai,Yoga Mat Pro,Sports,3,1199,3597,CUST-20741,Marketplace
UK-2026-101280,2026-02-20,South,Chennai,Cotton Bedsheet Set,Home & Kitchen,1,1435,1435,CUST-68028,Marketplace
UK-2026-104011,2026-05-13,North,Noida,Gym Gloves,Sports,2,503,1006,CUST-40922,App
UK-2026-101061,2026-02-08,East,Kolkata,Ultrabook Air 14,Electronics,2,29181,58362,CUST-20635,App
UK-2026-101190,2026-02-16,North,Noida,Adjustable Dumbbells 15kg,Sports,1,5014,5014,CUST-26708,App
UK-2026-103715,2026-05-14,Central,Raipur,Slim Fit Jeans,Fashion,1,1661,1661,CUST-17269,App
UK-2026-104479,2026-06-22,West,Surat,Bluetooth Speaker Mini,Electronics,2,1432,2864,CUST-68915,Marketplace
UK-2026-104544,22-06-26,South,Chennai,Makeup Brush Set,Beauty,1,1303,1303,CUST-61143,Website
UK-2026-102583,2026-04-17,East,Patna,Slim Fit Jeans,Fashion,1,1623,1623,CUST-53325,Website
UK-2026-104454,2026-06-23,West,Surat,Silk Saree,Fashion,1,3661,3661,CUST-14229,Website
UK-2026-102236,2026-03-29,West,Pune,43-inch Smart TV,Electronics,2,27271,54542,CUST-15481,App
UK-2026-104298,2026-06-29,,Pune,Football Size 5,Sports,1,865,865,CUST-65935,Website
UK-2026-100517,2026-01-23,West,Ahmedabad,43-inch Smart TV,Electronics,1,25250,25250,CUST-62290,Marketplace
UK-2026-104151,2026-06-14,Central,Raipur,Ethnic Dupatta,Fashion,1,486,486,CUST-25221,Marketplace
UK-2026-104776,2026-06-28,West,Ahmedabad,Wireless Earbuds Pro,Electronics,1,3099,3099,CUST-40275,Website
UK-2026-102151,2026-03-04,South,Kochi,Robot Vacuum R7,Home & Kitchen,1,18441,18441,CUST-97687,App
UK-2026-100976,2026-02-11,South,Bangalore,Badminton Racket Set,Sports,1,2540,2540,CUST-14093,App
UK-2026-101181,2026-02-23,West,Pune,Eau de Parfum 100ml,Beauty,1,1928,1928,CUST-32247,Website
UK-2026-102457,2026-04-14,North,Chandigarh,Ionic Hair Dryer,Beauty,1,1841,1841,CUST-98761,Marketplace
UK-2026-104332,2026-06-12,South,Chennai,Running Sneakers,Fashion,1,2726,2726,CUST-25494,Marketplace
UK-2026-101083,2026-02-13,South,Kochi,Non-Stick Cookware Set,Home & Kitchen,3,2918,8754,CUST-64992,Marketplace
UK-2026-102629,2026-04-06,East,Patna,Air Fryer 5L,Home & Kitchen,2,5610,11220,CUST-85603,Website
UK-2026-103841,2026-05-31,West,Pune,Smart Watch X2,Electronics,2,4686,9372,CUST-84254,App
UK-2026-101701,2026-03-22,South,Bengaluru,Vitamin C Serum,Beauty,1,699,699,CUST-92808,Marketplace
UK-2026-103494,2026-05-16,North,Gurugram,Running Sneakers,Fashion,2,2673,5346,CUST-22630,Website
UK-2026-100777,2026-02-17,South,Bengaluru,Bluetooth Speaker Mini,Electronics,1,1431,1431,CUST-76757,Marketplace
UK-2026-101605,2026-03-30,South,Cochin,Sunscreen SPF50,Beauty,2,555,1110,CUST-82371,App
UK-2026-104928,2026-06-10,North,Chandigarh,Non-Stick Cookware Set,Home & Kitchen,1,2969,2969,CUST-32994,Marketplace
UK-2026-102052,2026-03-04,South,Bengaluru,Robot Vacuum R7,Home & Kitchen,1,18659,18659,CUST-69798,App
UK-2026-100297,2026-01-04,Central,Indore,Leather Wallet,Fashion,1,865,865,CUST-10889,Website
UK-2026-101166,2026-02-09,Central,Nagpur,Mirrorless Camera Lite,Electronics,1,28838,28838,CUST-54403,App
UK-2026-101815,2026-03-22,Central,Nagpur,Sunscreen SPF50,Beauty,1,550,550,CUST-18338,App
UK-2026-103319,2026-05-28,South,Bengaluru,Mirrorless Camera Lite,Electronics,1,29031,29031,CUST-58652,App
UK-2026-104629,2026-06-20,South,Bengaluru,Air Fryer 5L,Home & Kitchen,2,5249,10498,CUST-66355,Marketplace
UK-2026-100016,2026-01-06,West,Ahmedabad,Face Wash Combo,Beauty,2,460,920,CUST-81552,App
UK-2026-104327,2026-06-27,Central,Nagpur,Leather Wallet,Fashion,3,913,2739,CUST-10380,Marketplace
UK-2026-100486,2026-01-22,West,Mumbai,43-inch Smart TV,Electronics,-1,26804,107216,CUST-61447,App
UK-2026-101766,2026-03-18,South,Chennai,Gym Gloves,Sports,1,479,479,CUST-55812,Marketplace
UK-2026-102786,2026-04-08,Central,Bhopal,Formal Shirt,Fashion,1,1072,1072,CUST-78183,Website
UK-2026-100388,2026-01-17,West,Surat,Badminton Racket Set,Sports,1,2602,2602,CUST-27949,Website
UK-2026-104209,2026-06-28,Central,Bhopal,Non-Stick Cookware Set,Home & Kitchen,1,2966,,CUST-62885,App
UK-2026-103713,2026-05-07,Central,Bhopal,Matte Lipstick Set,Beauty,1,924,924,CUST-56165,App
UK-2026-103608,2026-05-29,South,Hyderabad,43-inch Smart TV,Electronics,2,26409,52818,CUST-77777,Website
UK-2026-103832,2026-05-13,South,Hyderabad,Mixer Grinder 750W,Home & Kitchen,1,3424,3424,CUST-84254,Marketplace
UK-2026-102943,2026-04-09,North,Chandigarh,Sunscreen SPF50,Beauty,2,550,1100,CUST-15014,Website
UK-2026-104314,2026-06-07,East,Kolkata,Electric Kettle 1.5L,Home & Kitchen,1,1151,1151,CUST-25129,Website
UK-2026-103185,2026-05-31,North,Noida,Bluetooth Speaker Mini,Electronics,1,1467,,CUST-95666,Website
UK-2026-101006,2026-02-06,South,Kochi,Ethnic Dupatta,Fashion,1,496,496,CUST-52315,App
UK-2026-100772,2026-02-19,North,Chandigarh,Smart Watch X2,Electronics,1,4346,4346,CUST-41140,Marketplace
UK-2026-104498,2026-06-07,Central,Bhopal,Dinner Set 24pc,Home & Kitchen,2,2617,5234,CUST-73850,Marketplace
UK-2026-102981,2026-04-10,South,Hyderabad,Smart Watch X2,Electronics,1,4657,4657,CUST-28306,Marketplace
UK-2026-104978,2026-06-08,East,Kolkata,Mirrorless Camera Lite,Electronics,1,28440,28440,CUST-54127,Marketplace
UK-2026-102209,2026-03-20,South,Chennai,Electric Kettle 1.5L,Home & Kitchen,3,1089,3267,CUST-49285,App
UK-2026-104856,2026-06-18,West,Pune,Noise-Cancelling Headphones,Electronics,1,9161,9161,CUST-75917,App
UK-2026-104967,2026-06-28,West,Surat,Running Sneakers,Fashion,1,2848,2848,CUST-38268,App
UK-2026-104285,2026-06-18,South,Hyderabad,Adjustable Dumbbells 15kg,Sports,2,4856,9712,CUST-25769,Website
UK-2026-100579,2026-01-12,West,Pune,Eau de Parfum 100ml,Beauty,1,2077,2077,CUST-67998,App
UK-2026-100043,2026-01-03,West,Mumbai,Non-Stick Cookware Set,Home & Kitchen,4,2805,11220,CUST-99518,Marketplace
UK-2026-100603,2026-01-21,North,Gurugram,Slim Fit Jeans,Fashion,2,1626,3252,CUST-26685,Website
UK-2026-104058,2026-06-28,South,Hyderabad,Leather Wallet,Fashion,1,877,877,CUST-59405,Website
UK-2026-104905,2026-06-13,,Surat,Ethnic Dupatta,Fashion,1,483,483,CUST-96561,Marketplace
UK-2026-104756,2026-06-20,West,Ahmedabad,Ethnic Dupatta,Fashion,1,519,519,CUST-46215,Marketplace
UK-2026-102409,2026-04-01,West,Pune,Mirrorless Camera Lite,Electronics,1,28975,28975,CUST-33608,Website
UK-2026-103328,2026-05-11,South,Chennai,Leather Wallet,Fashion,1,857,857,CUST-56458,App
UK-2026-102095,2026-03-29,East,Kolkata,Ultrabook Air 14,Electronics,3,29292,87876,CUST-55817,Website
UK-2026-104734,2026-06-27,North,Delhi,Power Bank 20000mAh,Electronics,1,1853,1853,CUST-33470,Website
UK-2026-101969,2026-03-02,Central,Bhopal,Ethnic Dupatta,Fashion,2,504,1008,CUST-86619,App
UK-2026-100823,2026-02-01,North,Delhi,Bluetooth Speaker Mini,Electronics,1,1547,1547,CUST-78638,Marketplace
UK-2026-100635,2026-01-04,North,Delhi,Leather Wallet,Fashion,1,858,858,CUST-45469,Website
UK-2026-101267,2026-02-01,East,Patna,Foldable Treadmill T2,Sports,1,25603,25603,CUST-53849,Marketplace
UK-2026-100529,2026-01-28,West,Pune,Foldable Treadmill T2,Sports,1,25299,25299,CUST-78183,Marketplace
UK-2026-100275,2026-01-08,South,Bangalore,Air Fryer 5L,Home & Kitchen,1,5258,5258,CUST-28843,Website
UK-2026-101020,2026-02-04,South,Hyderabad,Power Bank 20000mAh,Electronics,2,1875,3750,CUST-71347,App
UK-2026-100126,2026-01-08,North,Gurugram,Air Fryer 5L,Home & Kitchen,1,5397,5397,CUST-15014,Marketplace
UK-2026-102934,2026-04-23,West,Mumbai,Slim Fit Jeans,Fashion,2,1598,3196,CUST-79156,Website
UK-2026-102406,2026-04-15,North,Noida,Non-Stick Cookware Set,Home & Kitchen,1,2942,2942,CUST-67927,App
UK-2026-100157,2026-01-26,East,Patna,Cotton Bedsheet Set,Home & Kitchen,-1,1407,1407,CUST-85740,Website
UK-2026-103611,2026-05-18,North,Gurugram,Yoga Mat Pro,Sports,1,1189,1189 INR,CUST-37736,Marketplace
UK-2026-102377,2026-04-01,South,Chennai,Bluetooth Speaker Mini,Electronics,2,1474,2948,CUST-85603,Marketplace
UK-2026-104706,2026-06-17,West,Pune,Noise-Cancelling Headphones,Electronics,1,9418,9418,CUST-54229,Website
UK-2026-101092,2026-02-07,South,Bengaluru,Cotton Kurta Set,Fashion,1,1287,1287,CUST-85700,App
UK-2026-103995,2026-05-20,West,Pune,Slim Fit Jeans,Fashion,1,1614,1614,CUST-33342,App
UK-2026-101403,2026-02-26,South,Kochi,Wireless Earbuds Pro,Electronics,1,2980,2980,CUST-57020,Marketplace
UK-2026-103431,2026-05-26,North,Chandigarh,Modern Wall Clock,Home & Kitchen,2,812,1624,CUST-69830,Marketplace
UK-2026-103068,2026-04-02,South,Hyderabad,Cotton Bedsheet Set,Home & Kitchen,2,1332,2664,CUST-20347,App
UK-2026-104451,2026-06-17,North,Noida,Bluetooth Speaker Mini,Electronics,1,1515,1515,CUST-67547,Marketplace
UK-2026-102095,2026-03-29,East,Kolkata,Ultrabook Air 14,Electronics,3,29292,87876,CUST-55817,Website
UK-2026-104958,2026-06-19,West,Pune,Beard Grooming Kit,Beauty,1,962,962,CUST-92870,Website
UK-2026-102729,2026-04-18,West,Pune,Makeup Brush Set,Beauty,1,1345,1345,CUST-38266,App
UK-2026-102403,2026-04-02,East,Patna,Robot Vacuum R7,Home & Kitchen,2,19125,38250,CUST-22630,App
UK-2026-101335,2026-02-23,North,Delhi,Mirrorless Camera Lite,Electronics,2,30358,60716,CUST-21162,Website
UK-2026-103323,2026-05-28,North,Noida,Ultrabook Air 14,Electronics,3,29601,88803 INR,CUST-55817,Website
UK-2026-101720,2026-03-20,North,Gurugram,Cycling Helmet,Sports,1,1561,1561,CUST-41157,Website
UK-2026-104459,2026-06-29,North,Delhi,Slim Fit Jeans,Fashion,2,1669,3338,CUST-26475,Marketplace
UK-2026-104305,2026-06-09,West,Ahmedabad,Smart Watch X2,Electronics,2,4649,9298,CUST-92483,Marketplace
UK-2026-103689,2026-05-06,West,Mumbai,Mixer Grinder 750W,Home & Kitchen,1,3459,3459,CUST-73850,App
UK-2026-102085,2026-03-25,Central,Indore,Modern Wall Clock,Home & Kitchen,2,828,1656,CUST-87589,Website
UK-2026-102232,2026-03-08,South,Kochi,Leather Wallet,Fashion,1,868,868,CUST-53998,Marketplace
UK-2026-100898,2026-02-24,Central,Raipur,Running Sneakers,Fashion,1,2696,2696,CUST-79582,App
UK-2026-104279,2026-06-01,North,Noida,Mixer Grinder 750W,Home & Kitchen,2,3183,6366,CUST-29518,Marketplace
UK-2026-101954,2026-03-29,South,Bengaluru,Mirrorless Camera Lite,Electronics,1,30157,30157,CUST-26073,App
UK-2026-104879,2026-06-13,South,Bengaluru,Cotton Bedsheet Set,Home & Kitchen,1,1404,1404,CUST-53325,App
UK-2026-101929,2026-03-30,East,Guwahati,Foldable Treadmill T2,Sports,1,25830,,CUST-49579,App
UK-2026-102241,2026-04-01,North,Chandigarh,Mixer Grinder 750W,Home & Kitchen,1,3381,3381,CUST-70477,Website
UK-2026-104853,2026-06-09,West,Mumbai,Smart Watch X2,Electronics,1,4291,4291,CUST-58211,Website
UK-2026-104974,2026-06-02,West,Ahmedabad,Leather Wallet,Fashion,1,903,903,CUST-67199,Website
UK-2026-104422,2026-06-04,West,Mumbai,43-inch Smart TV,Electronics,1,26879,26879,CUST-93714,Website
UK-2026-100331,2026-01-19,South,Kochi,43-inch Smart TV,Electronics,1,26646,26646,CUST-97534,Marketplace
UK-2026-102773,2026-04-05,North,Delhi,Smart Watch X2,Electronics,1,4388,4388,CUST-44548,App
UK-2026-100379,2026-01-21,South,Chennai,Cotton Bedsheet Set,Home & Kitchen,1,1372,1372,CUST-37608,App
UK-2026-100062,2026-01-03,North,Noida,Mixer Grinder 750W,Home & Kitchen,2,3417,6834,CUST-35888,Website
UK-2026-103430,2026-05-16,West,Ahmedabad,Noise-Cancelling Headphones,Electronics,1,9117,9117,CUST-35406,Marketplace
UK-2026-102287,2026-04-19,South,Cochin,Adjustable Dumbbells 15kg,Sports,1,4934,4934,CUST-27388,Marketplace
UK-2026-104549,2026-06-19,South,Hyderabad,Gym Gloves,Sports,1,519,519,CUST-99782,Website
UK-2026-104750,2026-06-01,South,Hyderabad,Electric Kettle 1.5L,Home & Kitchen,3,1114,3342,CUST-28915,App
UK-2026-100222,2026-01-06,North,Noida,Denim Jacket,Fashion,-1,2182,2182,CUST-43382,Website
UK-2026-101169,2026-02-04,South,Kochi,Yoga Mat Pro,Sports,1,1231,1231,CUST-70383,Website
UK-2026-104429,2026-06-04,West,Pune,Modern Wall Clock,Home & Kitchen,1,809,809,CUST-48062,Marketplace
UK-2026-103517,2026-05-13,West,Surat,Mirrorless Camera Lite,Electronics,2,28864,57728,CUST-68256,Website
UK-2026-104459,2026-06-29,North,Delhi,Slim Fit Jeans,Fashion,2,1669,3338,CUST-26475,Marketplace
UK-2026-103356,"May 7, 2026",South,Chennai,Wireless Earbuds Pro,Electronics,1,2975,2975,CUST-23680,Marketplace
UK-2026-100346,2026-01-30,North,Delhi,Dinner Set 24pc,Home & Kitchen,2,2546,5092,CUST-67849,Website
UK-2026-102487,2026-04-23,Central,Indore,Ionic Hair Dryer,Beauty,1,1973,1973,CUST-60402,App
UK-2026-101228,2026-02-23,,Mumbai,Bluetooth Speaker Mini,Electronics,2,1531,3062,CUST-11729,App
UK-2026-104782,2026-06-02,West,Surat,Ionic Hair Dryer,Beauty,2,1982,3964,CUST-66725,Website
UK-2026-102677,2026-04-06,South,Bengaluru,Mirrorless Camera Lite,Electronics,1,28416,28416,CUST-29048,Website
UK-2026-102261,2026-04-17,North,Delhi,Ionic Hair Dryer,Beauty,1,1919,1919,CUST-78949,App
UK-2026-103229,2026-05-18,Central,Indore,Wireless Earbuds Pro,Electronics,1,2909,,CUST-24987,App
UK-2026-101807,2026-03-20,North,Delhi,Power Bank 20000mAh,Electronics,1,1863,1863,CUST-55817,Marketplace
UK-2026-103090,2026-04-06,South,Bengaluru,Adjustable Dumbbells 15kg,Sports,1,4762,4762,CUST-42016,Marketplace
UK-2026-104031,2026-06-20,Central,Bhopal,Power Bank 20000mAh,Electronics,1,1795,1795,CUST-14250,App
UK-2026-100170,2026-01-14,North,Chandigarh,Running Sneakers,Fashion,1,2903,2903,CUST-43484,Website
UK-2026-102673,2026-04-08,East,Bhubaneswar,Robot Vacuum R7,Home & Kitchen,4,18127,72508,CUST-61961,Marketplace
UK-2026-103065,2026-04-27,North,Chandigarh,Cycling Helmet,Sports,1,1678,1678,CUST-26377,Marketplace
UK-2026-102609,2026-04-27,Central,Raipur,Badminton Racket Set,Sports,1,2589,2589,CUST-70251,Website
UK-2026-102004,2026-03-27,South,Chennai,Slim Fit Jeans,Fashion,1,1676,1676,CUST-46762,Website
UK-2026-103232,2026-05-03,West,Mumbai,Ionic Hair Dryer,Beauty,1,1991,1991,CUST-37030,Website
UK-2026-103013,2026-04-14,East,Patna,Leather Wallet,Fashion,1,891,891,CUST-22846,Website
UK-2026-102142,2026-03-03,South,Kochi,Wireless Earbuds Pro,Electronics,1,2931,2931,CUST-53182,App
UK-2026-102349,2026-04-06,South,Kochi,Bluetooth Speaker Mini,Electronics,1,1537,1537,CUST-78429,App
UK-2026-102847,2026-04-04,North,Delhi,Cycling Helmet,Sports,2,1527,3054,CUST-91660,App
UK-2026-101602,2026-03-19,West,Ahmedabad,Ultrabook Air 14,Electronics,1,30480,30480,CUST-82649,App
UK-2026-103435,2026-05-12,North,Noida,Ionic Hair Dryer,Beauty,1,1816,1816,CUST-15333,Website
UK-2026-104329,2026-06-06,West,Ahmedabad,Running Sneakers,Fashion,1,2872,2872,CUST-45736,Website
UK-2026-100666,2026-01-06,South,Hyderabad,Noise-Cancelling Headphones,Electronics,1,8788,8788,CUST-16466,Marketplace
UK-2026-103336,2026-05-18,South,Chennai,Air Fryer 5L,Home & Kitchen,2,5321,10642,CUST-36033,Marketplace
UK-2026-100238,2026-01-31,South,Chennai,Electric Kettle 1.5L,Home & Kitchen,1,1074,1074,CUST-44135,App
UK-2026-100802,2026-02-01,West,Mumbai,Formal Shirt,Fashion,1,1088,1088,CUST-19064,App
UK-2026-102397,2026-04-16,West,Ahmedabad,Dinner Set 24pc,Home & Kitchen,1,2497,2497,CUST-75875,Website
UK-2026-100440,2026-01-25,North,Gurugram,Denim Jacket,Fashion,1,2193,2193,CUST-56570,App
UK-2026-103876,2026-05-17,West,Ahmedabad,Leather Wallet,Fashion,1,874,874,CUST-57934,App
UK-2026-102875,2026-04-10,East,Guwahati,Bluetooth Speaker Mini,Electronics,1,1530,1530,CUST-10900,Website
UK-2026-102423,2026-04-27,South,Bengaluru,Running Sneakers,Fashion,1,2786,2786,CUST-30205,Marketplace
UK-2026-104018,2026-05-13,North,Chandigarh,Mirrorless Camera Lite,Electronics,1,27696,27696,CUST-24266,Marketplace
UK-2026-104945,2026-06-16,North,Chandigarh,Electric Kettle 1.5L,Home & Kitchen,1,1113,1113,CUST-86951,App
UK-2026-103026,2026-04-07,South,Hyderabad,Mirrorless Camera Lite,Electronics,1,28352,28352,CUST-88965,Marketplace
UK-2026-104120,2026-06-03,West,Pune,Electric Kettle 1.5L,Home & Kitchen,1,1054,1054,CUST-50689,Website
UK-2026-103218,2026-05-17,South,Kochi,Formal Shirt,Fashion,1,1154,1154,CUST-11724,Marketplace
UK-2026-104596,2026-06-04,North,Delhi,Noise-Cancelling Headphones,Electronics,1,9279,9279,CUST-85781,Website
UK-2026-103269,2026-05-29,West,Mumbai,Vitamin C Serum,Beauty,1,715,715,CUST-42155,App
UK-2026-104038,2026-06-05,East,Patna,Bluetooth Speaker Mini,Electronics,2,1464,2928,CUST-26675,Website
UK-2026-101365,2026-02-09,South,Bengaluru,Running Sneakers,Fashion,1,2914,2914,CUST-10361,App
UK-2026-103454,2026-05-12,East,Bhubaneswar,Noise-Cancelling Headphones,Electronics,2,9216,18432,CUST-60759,App
UK-2026-102815,2026-04-18,,Bengaluru,Mirrorless Camera Lite,Electronics,1,27803,27803,CUST-82244,Website
UK-2026-103594,2026-05-21,South,Hyderabad,Silk Saree,Fashion,1,3570,3570,CUST-98862,App
UK-2026-103935,2026-05-08,West,Mumbai,Bluetooth Speaker Mini,Electronics,2,1436,2872,CUST-65782,Marketplace
UK-2026-100356,2026-01-07,South,Bengaluru,Denim Jacket,Fashion,4,2146,8584,CUST-96303,App
UK-2026-100730,2026-02-07,South,Madras,Cycling Helmet,Sports,4,1559,6236,CUST-92205,Website
UK-2026-104855,2026-06-29,Central,Bhopal,Dinner Set 24pc,Home & Kitchen,1,2508,2508,CUST-52180,App
UK-2026-104922,2026-06-25,Central,Raipur,Modern Wall Clock,Home & Kitchen,1,813,813,CUST-87292,App
UK-2026-102385,2026-04-13,West,Mumbai,Ethnic Dupatta,Fashion,1,475,475,CUST-77990,Website
UK-2026-100947,2026-02-13,West,Pune,Leather Wallet,Fashion,1,917,917,CUST-70538,App
UK-2026-103847,2026-05-07,West,Ahmedabad,Non-Stick Cookware Set,Home & Kitchen,1,2939,"2,939.00",CUST-19683,App
UK-2026-100664,2026-01-14,North,Chandigarh,Formal Shirt,Fashion,1,1148,1148,CUST-75752,Marketplace
UK-2026-104946,2026-06-04,Central,Nagpur   ,Bluetooth Speaker Mini,Electronics,2,1478,2956,CUST-27622,Marketplace
UK-2026-103829,2026-05-06,West,Ahmedabad,Silk Saree,Fashion,,3339,6678,CUST-35929,Marketplace
UK-2026-100453,2026-01-29,West,Pune,Ionic Hair Dryer,Beauty,4,1905,7620,CUST-95347,App
UK-2026-103947,2026-05-10,North,Gurugram,Cotton Bedsheet Set,Home & Kitchen,1,1394,1394,CUST-18461,Marketplace
UK-2026-100789,2026-02-22,Central,Bhopal,Air Fryer 5L,Home & Kitchen,1,5265,5265,CUST-33502,Website
UK-2026-102330,2026-04-03,East,Bhubaneswar,Ultrabook Air 14,Electronics,1,30486,30486,CUST-68629,Marketplace
UK-2026-100814,2026-02-12,West,Pune,Power Bank 20000mAh,Electronics,1,1820,1820,CUST-68888,Website
UK-2026-104393,2026-06-17,South,Bengaluru,Ionic Hair Dryer,Beauty,2,1893,3786,CUST-92608,Website
UK-2026-101112,2026-02-02,West,Pune,Cotton Kurta Set,Fashion,1,1358,1358,CUST-62414,App
UK-2026-104525,2026-06-28,Central,Indore,Sunscreen SPF50,Beauty,1,534,534,CUST-63409,App
UK-2026-101073,2026-02-21,East,Guwahati,Ultrabook Air 14,Electronics,1,29239,29239,CUST-43990,App
UK-2026-100951,2026-02-17,Central,Indore,Gym Gloves,Sports,,505,505,CUST-80519,App
UK-2026-103855,2026-05-29,South,Hyderabad,Robot Vacuum R7,Home & Kitchen,1,18248,18248,CUST-93205,Website
UK-2026-101910,2026-03-01,West,Ahmedabad,Ethnic Dupatta,Fashion,3,514,1542,CUST-99879,App
UK-2026-102026,2026-03-20,North,Noida,Ultrabook Air 14,Electronics,2,28656,57312,CUST-23182,Marketplace
UK-2026-103844,2026-05-15,North,Delhi,Running Sneakers,Fashion,2,2665,5330,CUST-99358,App
UK-2026-102588,2026-04-16,Central,Nagpur,43-inch Smart TV,Electronics,2,25120,50240,CUST-87677,App
UK-2026-102305,2026-04-22,West,Mumbai,Leather Wallet,Fashion,1,880,880,CUST-67690,Marketplace
UK-2026-101136,2026-02-24,South,Hyderabad,Formal Shirt,Fashion,1,1103,1103,CUST-62942,App
UK-2026-100036,2026-01-13,North,Chandigarh,Denim Jacket,Fashion,1,2131,2131,CUST-37320,Marketplace
UK-2026-103209,2026-05-22,South,Chennai,Denim Jacket,Fashion,1,2177,2177,CUST-91814,App
UK-2026-101350,2026-02-25,West,Mumbai,Gym Gloves,Sports,1,479,479,CUST-22393,App
UK-2026-102063,2026-03-07,West,Ahmedabad,Dinner Set 24pc,Home & Kitchen,1,2415,2415,CUST-12393,Website
UK-2026-101971,2026-03-08,East,Kolkata,Leather Wallet,Fashion,1,879,879,CUST-62481,Website
UK-2026-102381,2026-04-18,East,Guwahati,Robot Vacuum R7,Home & Kitchen,2,18099,36198,CUST-94293,Website
UK-2026-103858,2026-05-24,South,Kochi,Smart Watch X2,Electronics,1,4716,4716,CUST-52771,App
UK-2026-100272,2026-01-09,East,Kolkata,Noise-Cancelling Headphones,Electronics,1,9060,9060,CUST-80225,App
UK-2026-101724,2026-03-04,Central,Raipur,Bluetooth Speaker Mini,Electronics,1,1546,1546,CUST-81628,App
UK-2026-100885,2026-02-09,North,Delhi,Makeup Brush Set,Beauty,2,1307,2614,CUST-76584,App
UK-2026-102370,2026-04-10,North,Noida,Denim Jacket,Fashion,2,2198,4396,CUST-67135,Marketplace
UK-2026-104953,2026-06-26,East,Kolkata,Power Bank 20000mAh,Electronics,1,1848,1848,CUST-16841,App
UK-2026-103950,2026-05-18,East,Patna,Football Size 5,Sports,-1,888,888,CUST-76407,Website
UK-2026-104860,2026-06-11,East,Guwahati,Mirrorless Camera Lite,Electronics,1,28904,28904,CUST-23045,Marketplace
UK-2026-102717,2026-04-05,North,Gurugram,Noise-Cancelling Headphones,Electronics,1,8590,8590,CUST-22192,Website
UK-2026-102179,2026-03-12,Central,Indore,Football Size 5,Sports,1,887,887,CUST-85297,Website
UK-2026-101555,2026-03-26,North,GGN,Denim Jacket,Fashion,2,2198,4396,CUST-32569,Website
UK-2026-102473,2026-04-08,North,Chandigarh,Air Fryer 5L,Home & Kitchen,1,5704,5704,CUST-28769,App
UK-2026-104118,16/06/2026,East,Kolkata,Slim Fit Jeans,Fashion,1,1629,1629,CUST-13841,App
UK-2026-104483,2026-06-10,West,Ahmedabad,Badminton Racket Set,Sports,1,2509,2509,CUST-60570,Marketplace
UK-2026-103531,2026-05-03,West,Ahmedabad,43-inch Smart TV,Electronics,3,25343,76029,CUST-83234,Website
UK-2026-102130,2026-03-27,Central,Nagpur,Bluetooth Speaker Mini,Electronics,1,1438,1438,CUST-62181,Website
UK-2026-100037,2026-01-15,West,Pune,Mirrorless Camera Lite,Electronics,1,28232,28232,CUST-98680,Website
UK-2026-102486,2026-04-26,South,Kochi,Ethnic Dupatta,Fashion,2,521,1042,CUST-74719,App
UK-2026-102275,2026-04-10,South,Chennai,Formal Shirt,Fashion,1,1113,1113,CUST-58896,App
UK-2026-102072,2026-03-19,North,Delhi,Makeup Brush Set,Beauty,1,1252,1252,CUST-87405,Website
UK-2026-104234,2026-06-13,West,Mumbai,Badminton Racket Set,Sports,1,2413,2413,CUST-46651,App
UK-2026-102977,2026-04-24,North,Chandigarh,Ultrabook Air 14,Electronics,1,29329,29329,CUST-28375,App
UK-2026-103870,2026-05-30,Central,Raipur,Running Sneakers,Fashion,3,2662,7986,CUST-61011,Website
UK-2026-100651,2026-01-04,North,Chandigarh,Football Size 5,Sports,1,923,923,CUST-21830,Website
UK-2026-104597,2026-06-16,East,Kolkata,Ethnic Dupatta,Fashion,1,511,511,CUST-56813,App
UK-2026-102123,07-03-26,West,Surat,Leather Wallet,Fashion,3,913,2739,CUST-59555,Marketplace
UK-2026-102156,2026-03-06,North,Chandigarh,Cotton Bedsheet Set,Home & Kitchen,1,1454,1454,CUST-10380,App
UK-2026-103825,2026-05-12,South,Hyderabad,Noise-Cancelling Headphones,Electronics,1,8672,8672,CUST-77335,Marketplace
UK-2026-104341,2026-06-21,West,Mumbai,Electric Kettle 1.5L,Home & Kitchen,3,1063,3189,CUST-28340,Website
UK-2026-102102,2026-03-16,East,Kolkata,Electric Kettle 1.5L,Home & Kitchen,1,1152,1152,CUST-78503,App
UK-2026-102192,2026-03-02,South,Hyderabad,Air Fryer 5L,Home & Kitchen,2,5666,11332,CUST-58581,App
UK-2026-101179,2026-02-07,South,Bengaluru,Makeup Brush Set,Beauty,2,1351,2702,CUST-97687,Website
UK-2026-100287,2026-01-24,North,Noida,Silk Saree,Fashion,2,3421,6842,CUST-38886,App
UK-2026-103188,2026-05-17,South,Kochi,Non-Stick Cookware Set,Home & Kitchen,1,2758,2758,CUST-18158,Website
UK-2026-102463,2026-04-24,South,Hyderabad,Formal Shirt,Fashion,1,1132,1132,CUST-96196,Marketplace
UK-2026-103066,2026-04-12,East,Patna,Cotton Kurta Set,Fashion,1,1336,1336,CUST-23919,Marketplace
UK-2026-104292,2026-06-04,West,Ahmedabad,Cricket Bat English Willow,Sports,1,9201,9201,CUST-33707,App
UK-2026-101843,2026-03-27,North,Noida,43-inch Smart TV,Electronics,1,26240,26240,CUST-91495,Marketplace
UK-2026-101668,2026-03-25,South,Kochi,Noise-Cancelling Headphones,Electronics,1,9092,9092 INR,CUST-44151,Marketplace
UK-2026-101105,2026-02-10,South,Hyderabad,Badminton Racket Set,Sports,2,2606,,CUST-32134,Marketplace
UK-2026-100246,2026-01-17,East,Patna,Air Fryer 5L,Home & Kitchen,3,5433,16299,CUST-84857,App
UK-2026-100980,2026-02-03,East,Bhubaneswar,Formal Shirt,Fashion,2,1139,2278,CUST-93004,App
UK-2026-100225,2026-01-19,West,Surat,Face Wash Combo,Beauty,1,451,451,CUST-25397,App
UK-2026-102779,2026-04-28,Central,Nagpur,Vitamin C Serum,Beauty,1,668,668,CUST-90132,Website
UK-2026-104621,2026-06-05,West,Surat,Badminton Racket Set,Sports,1,2567,2567,CUST-29737,Website
UK-2026-100763,2026-02-19,North,Gurugram,Ultrabook Air 14,Electronics,3,30577,91731,CUST-53025,App
UK-2026-102010,2026-03-11,South,Chennai,Non-Stick Cookware Set,Home & Kitchen,2,2880,5760 INR,CUST-70941,App
UK-2026-102046,"Mar 28, 2026",West,Surat,Power Bank 20000mAh,Electronics,2,1771,3542,CUST-23045,App
UK-2026-100728,2026-02-16,South,Kochi,43-inch Smart TV,Electronics,1,26811,26811,CUST-13694,App
UK-2026-103540,2026-05-14,North,Chandigarh,Slim Fit Jeans,Fashion,3,1628,4884,CUST-90893,App
UK-2026-100644,28/01/2026,North,Gurugram,Modern Wall Clock,Home & Kitchen,1,761,761,CUST-76290,App
UK-2026-104450,2026-06-14,East,Kolkata,Leather Wallet,Fashion,1,864,864,CUST-99358,Website
UK-2026-104669,2026-06-01,West,Surat,Noise-Cancelling Headphones,Electronics,1,9332,9332,CUST-66156,Website
UK-2026-103176,2026-05-10,South,Bengaluru,Football Size 5,Sports,1,899,899,CUST-56739,App
UK-2026-104208,2026-06-10,East,Patna,Leather Wallet,Fashion,1,907,907,CUST-97247,Website
UK-2026-100358,2026-01-19,South,Chennai,Denim Jacket,Fashion,1,2272,2272,CUST-40617,Website
UK-2026-101338,2026-02-07,North,Chandigarh,Sunscreen SPF50,Beauty,1,532,532,CUST-77205,Website
UK-2026-103315,2026-05-31,South,Hyderabad,Matte Lipstick Set,Beauty,1,873,873,CUST-15445,App
UK-2026-102105,2026-03-15,East,Kolkata,Mirrorless Camera Lite,Electronics,1,29301,29301,CUST-67427,App
UK-2026-104970,2026-06-26,South,Kochi,Sunscreen SPF50,Beauty,2,572,1144,CUST-88525,App
UK-2026-104623,04-06-26,North,Noida,Mixer Grinder 750W,Home & Kitchen,1,3384,3384,CUST-41648,App
UK-2026-102511,2026-04-25,West,Mumbai,Power Bank 20000mAh,Electronics,1,1711,1711,CUST-13694,Website
UK-2026-100256,2026-01-26,North,Gurugram,Makeup Brush Set,Beauty,2,1290,2580,CUST-87653,App
UK-2026-100225,2026-01-19,West,Surat,Face Wash Combo,Beauty,1,451,451,CUST-25397,App
UK-2026-100164,2026-01-08,South,Cochin,Bluetooth Speaker Mini,Electronics,2,1520,3040,CUST-15014,App
UK-2026-102622,2026-04-03,South,Hyderabad,Cotton Kurta Set,Fashion,2,1243,2486,CUST-53979,Website
UK-2026-102303,2026-04-16,North,Gurugram,Yoga Mat Pro,Sports,1,1141,1141,CUST-77335,Marketplace
UK-2026-102904,2026-04-14,North,Noida,Cotton Kurta Set,Fashion,1,1340,1340,CUST-98509,Website
UK-2026-103067,2026-04-30,West,Ahmedabad,Adjustable Dumbbells 15kg,Sports,1,5061,5061,CUST-53313,Website
UK-2026-102955,2026-04-05,South,Chennai,Sunscreen SPF50,Beauty,2,531,1062,CUST-94997,Website
UK-2026-100309,2026-01-13,,Guwahati,Cycling Helmet,Sports,1,1677,1677,CUST-62674,Marketplace
UK-2026-100983,2026-02-24,West,Surat,Robot Vacuum R7,Home & Kitchen,1,19678,19678,CUST-78168,App
UK-2026-102812,"Apr 30, 2026",South,Chennai,Robot Vacuum R7,Home & Kitchen,4,18617,74468,CUST-87090,Website
UK-2026-102064,2026-03-28,North,Chandigarh,Electric Kettle 1.5L,Home & Kitchen,1,1076,1076,CUST-26579,Website
UK-2026-100849,2026-02-04,South,Kochi,Ultrabook Air 14,Electronics,3,30991,92973,CUST-15445,Website
UK-2026-103578,2026-05-09,West,Surat,Wireless Earbuds Pro,Electronics,2,2957,5914,CUST-24099,Marketplace
UK-2026-100139,2026-01-22,East,Bhubaneswar,Eau de Parfum 100ml   ,Beauty,1,1991,1991,CUST-13841,Website
UK-2026-100918,2026-02-24,Central,Indore,Air Fryer 5L,Home & Kitchen,-2,5296,5296,CUST-12653,App
UK-2026-102533,16/04/2026,South,Kochi,Cotton Bedsheet Set,Home & Kitchen,1,1375,1375,CUST-66483,Website
UK-2026-101406,2026-02-17,West,Mumbai,Denim Jacket,Fashion,1,2224,2224,CUST-89773,App
UK-2026-104604,2026-06-17,South,Chennai,Bluetooth Speaker Mini,Electronics,1,1457,1457,CUST-97834,Website
UK-2026-104030,2026-06-30,South,Hyderabad,Slim Fit Jeans,Fashion,1,1627,1627,CUST-32646,Website
UK-2026-103592,14/05/2026,West,Mumbai,Denim Jacket,Fashion,1,2242,2242,CUST-12095,Website
UK-2026-100581,"Jan 13, 2026",Central,Bhopal,Running Sneakers,Fashion,1,2754,2754,CUST-54229,Marketplace
UK-2026-102404,2026-04-17,West,Mumbai,Leather Wallet,Fashion,1,911,911,CUST-59841,Website
UK-2026-100913,2026-02-03,Central,Nagpur,Dinner Set 24pc,Home & Kitchen,1,2444,2444,CUST-69993,Website
UK-2026-101577,2026-03-15,South,Hyderabad,Smart Watch X2,Electronics,1,4420,4420,CUST-58481,Marketplace
UK-2026-103234,2026-05-04,Central,Indore,Denim Jacket,Fashion,4,2197,8788,CUST-33551,App
UK-2026-102334,2026-04-16,West,Ahmedabad,Robot Vacuum R7,Home & Kitchen,1,18921,18921,CUST-70194,App
UK-2026-100220,2026-01-31,Central,Raipur,Non-Stick Cookware Set,Home & Kitchen,1,2972,2972,CUST-78830,App
UK-2026-102750,2026-04-29,North,Noida,Yoga Mat Pro,Sports,1,1238,1238,CUST-45487,Website
UK-2026-104274,2026-06-30,North,Noida,Gym Gloves,Sports,3,482,1446,CUST-17117,App
UK-2026-102440,2026-04-24,East,Patna,Cotton Kurta Set,Fashion,1,1282,1282,CUST-78928,Website
UK-2026-100967,2026-02-11,North,Delhi,Cricket Bat English Willow,Sports,1,8715,8715,CUST-25308,Marketplace
UK-2026-104795,2026-06-17,West,Mumbai,Ionic Hair Dryer,Beauty,2,1843,3686,CUST-18764,Website
UK-2026-101269,2026-02-20,West,Pune,Eau de Parfum 100ml,Beauty,1,2067,,CUST-24394,App
UK-2026-102624,2026-04-13,North,Chandigarh,Electric Kettle 1.5L,Home & Kitchen,2,1066,2132,CUST-79358,Website
UK-2026-103700,2026-05-23,West,Pune,Ethnic Dupatta,Fashion,1,480,480,CUST-70941,Website
UK-2026-102405,2026-04-19,South,Hyderabad,Ionic Hair Dryer,Beauty,4,1979,7916,CUST-55593,Website
UK-2026-100851,2026-02-07,South,Hyderabad,Sunscreen SPF50,Beauty,1,532,532,CUST-35640,App
UK-2026-103395,2026-05-13,South,Kochi,Yoga Mat Pro,Sports,1,1234,1234,CUST-96423,App
UK-2026-103355,2026-05-05,West,Ahmedabad,Bluetooth Speaker Mini,Electronics,2,1529,3058,CUST-52771,Marketplace
UK-2026-100562,"Jan 6, 2026",North,Chandigarh,43-inch Smart TV,Electronics,1,26601,26601,CUST-85700,Marketplace
UK-2026-104504,2026-06-29,East,Kolkata,Robot Vacuum R7,Home & Kitchen,1,18982,18982,CUST-30240,Website
UK-2026-101076,2026-02-15,West,Pune,Ultrabook Air 14,Electronics,1,31483,31483,CUST-34716,Website
UK-2026-103523,2026-05-05,West,Pune,Electric Kettle 1.5L,Home & Kitchen,2,1125,2250,CUST-89486,App
UK-2026-100624,2026-01-27,West,Ahmedabad,Silk Saree,Fashion,1,3416,3416,CUST-82354,App
UK-2026-102460,2026-04-22,South,Bengaluru,Slim Fit Jeans,Fashion,1,1588,1588,CUST-84565,Website
UK-2026-103004,2026-04-24,North,Noida,Badminton Racket Set,Sports,1,2394,2394,CUST-68212,App
UK-2026-102263,2026-04-22,West,Surat,Badminton Racket Set,Sports,1,2621,2621,CUST-32859,App
UK-2026-103974,2026-05-16,South,Bengaluru,Non-Stick Cookware Set,Home & Kitchen,2,2795,5590,CUST-96920,App
UK-2026-104883,2026-06-21,West,Ahmedabad,Slim Fit Jeans,Fashion,1,1545,1545,CUST-12218,App
UK-2026-103329,2026-05-04,Central,Raipur,Non-Stick Cookware Set,Home & Kitchen,2,2908,5816,CUST-56458,App
UK-2026-103758,2026-05-29,Central,Indore,Mixer Grinder 750W,Home & Kitchen,1,3218,,CUST-27318,App
UK-2026-100460,2026-01-14,South,Kochi,Ionic Hair Dryer,Beauty,2,1839,3678,CUST-49028,App
UK-2026-103053,2026-04-14,North,Gurugram,Noise-Cancelling Headphones,Electronics,1,8696,8696,CUST-33944,Website
UK-2026-101336,2026-02-11,North,Noida,Vitamin C Serum,Beauty,1,686,686,CUST-87416,Marketplace
UK-2026-101980,2026-03-08,South,Bengaluru,Matte Lipstick Set,Beauty,2,887,1774,CUST-63388,Marketplace
UK-2026-103084,2026-04-01,North,Noida,Noise-Cancelling Headphones,Electronics,2,9177,18354,CUST-77809,Marketplace
UK-2026-101426,2026-02-09,West,Pune,Running Sneakers,Fashion,2,2909,5818,CUST-93205,App
UK-2026-104718,2026-06-09,West,Surat,43-inch Smart TV,Electronics,1,25440,25440,CUST-28912,App
UK-2026-101420,2026-02-22,South,Hyderabad,Ethnic Dupatta,Fashion,2,498,996,CUST-47939,Website
UK-2026-104128,2026-06-17,East,Guwahati,Ethnic Dupatta,Fashion,2,498,996,CUST-76039,Website
UK-2026-103474,2026-05-31,South,Chennai,Ultrabook Air 14,Electronics,1,28708,28708,CUST-81087,Marketplace
UK-2026-104804,2026-06-07,West,Mumbai,Dinner Set 24pc,Home & Kitchen,1,2510,2510,CUST-59841,Marketplace
UK-2026-101254,2026-02-09,Central,Raipur,Gym Gloves,Sports,1,476,476,CUST-27318,Marketplace
UK-2026-101290,2026-02-10,South,Bengaluru,Foldable Treadmill T2,Sports,1,25753,25753,CUST-31076,App
UK-2026-102808,2026-04-09,West,Mumbai,Power Bank 20000mAh,Electronics,2,1734,3468,CUST-42403,Website
UK-2026-103713,2026-05-07,Central,Bhopal,Matte Lipstick Set,Beauty,1,924,924,CUST-56165,App
UK-2026-104583,2026-06-20,South,Kochi,Non-Stick Cookware Set,Home & Kitchen,3,2993,8979,CUST-98159,App
UK-2026-103162,2026-05-01,South,Chennai,Vitamin C Serum,Beauty,1,723,723,CUST-68212,Marketplace
UK-2026-100998,2026-02-12,North,Delhi,Ethnic Dupatta,Fashion,1,499,499,CUST-41836,App
UK-2026-101953,2026-03-04,West,Ahmedabad,Cricket Bat English Willow,Sports,1,8735,8735,CUST-88763,App
UK-2026-103365,2026-05-13,Central,Nagpur,Mixer Grinder 750W,Home & Kitchen,2,3352,6704,CUST-55817,App
UK-2026-101107,2026-02-10,North,Gurugram,Badminton Racket Set,Sports,1,2535,2535,CUST-54379,App
UK-2026-100915,2026-02-05,West,Mumbai,Ultrabook Air 14,Electronics,1,30494,30494,CUST-33327,App
UK-2026-103664,2026-05-03,North,Chandigarh,Denim Jacket,Fashion,1,2205,"2,205.00",CUST-69982,Marketplace
UK-2026-101443,2026-02-11,South,Bengaluru,Ultrabook Air 14,Electronics,1,30160,30160,CUST-65935,Marketplace
UK-2026-101203,2026-02-12,South,Hyderabad,43-inch Smart TV,Electronics,1,25607,25607,CUST-47812,App
UK-2026-101582,2026-03-05,South,Hyderabad,43-inch Smart TV,Electronics,,25100,25100,CUST-22432,Marketplace
UK-2026-103891,2026-05-06,Central,Nagpur,Sunscreen SPF50,Beauty,1,536,536,CUST-37608,Website
UK-2026-100018,2026-01-18,East,Bhubaneswar,Bluetooth Speaker Mini,Electronics,2,1538,3076,CUST-62056,App
UK-2026-103889,2026-05-10,,Patna,Ionic Hair Dryer,Beauty,1,1943,1943,CUST-97805,App
UK-2026-102983,2026-04-16,North,Delhi,Silk Saree,Fashion,1,3571,3571,CUST-39399,Website
UK-2026-101450,2026-02-14,South,Bengaluru,Ethnic Dupatta,Fashion,2,517,1034,CUST-66530,Website
UK-2026-104053,2026-06-04,North,Noida,Dinner Set 24pc,Home & Kitchen,1,2542,2542,CUST-35978,Website
UK-2026-101260,2026-02-27,West,Pune,Vitamin C Serum,Beauty,1,722,722,CUST-20635,Marketplace
UK-2026-103598,2026-05-11,South,Chennai,Smart Watch X2,Electronics,1,4363,4363,CUST-87641,App
UK-2026-100311,2026-01-17,West,Ahmedabad,Formal Shirt,Fashion,1,1117,1117,CUST-88965,App
UK-2026-100660,2026-01-12,North,Chandigarh,Cotton Bedsheet Set,Home & Kitchen,1,1370,1370,CUST-90261,App
UK-2026-102843,2026-04-27,South,Chennai,Power Bank 20000mAh,Electronics,1,1743,1743,CUST-73490,Marketplace
UK-2026-104972,2026-06-25,West,AHMEDABAD,Beard Grooming Kit,Beauty,1,1026,1026,CUST-81385,Marketplace
UK-2026-104852,2026-06-10,West,Pune,Mirrorless Camera Lite,Electronics,1,28778,28778,CUST-96423,App
UK-2026-104665,2026-06-06,North,Noida,Running Sneakers,Fashion,1,2778,2778,CUST-12937,Website
UK-2026-103197,2026-05-31,South,Hyderabad,Cricket Bat English Willow,Sports,1,8889,8889,CUST-75876,Marketplace
UK-2026-102603,2026-04-23,West,Ahmedabad,Modern Wall Clock,Home & Kitchen,1,809,809,CUST-86005,Website
UK-2026-103376,2026-05-21,South,Kochi,43-inch Smart TV,Electronics,1,26854,26854,CUST-68354,Marketplace
UK-2026-103884,2026-05-31,North,Gurugram,Noise-Cancelling Headphones,Electronics,2,9189,18378,CUST-30205,App
UK-2026-104428,2026-06-01,South,Hyderabad,Robot Vacuum R7,Home & Kitchen,1,18320,18320,CUST-73997,App
UK-2026-102361,2026-04-01,North,Delhi,Slim Fit Jeans,Fashion,1,1605,1605,CUST-73578,App
UK-2026-100343,2026-01-19,South,Kochi,Cotton Bedsheet Set,Home & Kitchen,2,1397,2794,CUST-44201,App
UK-2026-102752,2026-04-15,West,Surat,Slim Fit Jeans,Fashion,1,1585,1585,CUST-57448,Website
UK-2026-101001,2026-02-21,East,Patna,Air Fryer 5L,Home & Kitchen,1,5713,5713,CUST-94877,Website
UK-2026-102532,2026-04-28,North,Noida,Non-Stick Cookware Set,Home & Kitchen,1,3022,3022,CUST-11802,App
UK-2026-101090,2026-02-17,North,Delhi,Dinner Set 24pc,Home & Kitchen,1,2585,2585,CUST-66310,App
UK-2026-101847,2026-03-04,East,Guwahati,43-inch Smart TV,Electronics,1,25333,25333,CUST-41346,Marketplace
UK-2026-100834,2026-02-13,West,Surat,Yoga Mat Pro,Sports,1,1227,1227,CUST-45336,Website
UK-2026-104850,2026-06-21,West,Pune,Makeup Brush Set,Beauty,2,1235,2470,CUST-91064,App
UK-2026-101967,2026-03-21,North,Gurugram,Ultrabook Air 14,Electronics,1,30758,30758,CUST-83505,Marketplace
UK-2026-104983,2026-06-09,Central,Bhopal,Makeup Brush Set,Beauty,1,1246,1246,CUST-34505,App
UK-2026-101606,2026-03-18,North,Delhi,Non-Stick Cookware Set,Home & Kitchen,1,2955,2955,CUST-11548,Marketplace
UK-2026-102053,2026-03-12,West,Ahmedabad,Power Bank 20000mAh,Electronics,1,1805,1805,CUST-39700,Marketplace
UK-2026-104340,2026-06-15,East,Guwahati,Badminton Racket Set,Sports,1,2607,2607,CUST-35379,App
UK-2026-103208,2026-05-08,South,Hyderabad,Face Wash Combo,Beauty,2,428,856,CUST-99563,App
UK-2026-101786,2026-03-31,West,Ahmedabad,Electric Kettle 1.5L,Home & Kitchen,2,1100,2200,CUST-29075,App
UK-2026-100389,2026-01-24,East,Bhubaneswar,Wireless Earbuds Pro,Electronics,-1,3018,3018,CUST-90252,App
UK-2026-101637,2026-03-02,South,Kochi,Eau de Parfum 100ml,Beauty,1,2059,2059,CUST-95761,Marketplace
UK-2026-101311,2026-02-28,West,Surat,Sunscreen SPF50,Beauty,1,547,547,CUST-15713,Marketplace
UK-2026-103622,2026-05-12,South,Bengaluru,Makeup Brush Set,Beauty,2,1310,2620,CUST-19672,App
UK-2026-104321,2026-06-01,Central,Bhopal,Badminton Racket Set,Sports,1,2606,2606,CUST-29445,Website
UK-2026-101161,2026-02-24,North,Gurugram,Ethnic Dupatta,Fashion,-2,499,998,CUST-60570,Website
UK-2026-103633,2026-05-08,East,Bhubaneswar,Ultrabook Air 14   ,Electronics,1,30756,30756,CUST-49579,Website
UK-2026-102706,2026-04-27,West,Mumbai,Football Size 5,Sports,2,928,1856,CUST-63503,App
UK-2026-101736,2026-03-22,West,Pune,Noise-Cancelling Headphones,Electronics,1,9434,9434,CUST-73578,Website
UK-2026-102344,2026-04-03,West,Surat,Denim Jacket,Fashion,1,2181,2181,CUST-45867,App
UK-2026-101498,2026-03-17,Central,Indore,Denim Jacket,Fashion,1,2259,2259,CUST-98296,App
UK-2026-104289,2026-06-19,East,Patna,Noise-Cancelling Headphones,Electronics,3,9011,27033,CUST-76955,Website
UK-2026-103576,2026-05-25,North,Chandigarh,Football Size 5,Sports,1,884,884,CUST-86409,Marketplace
UK-2026-103770,2026-05-01,East,Bhubaneswar,Beard Grooming Kit,Beauty,2,974,1948,CUST-42740,App
UK-2026-100881,2026-02-15,North,GGN,Ethnic Dupatta,Fashion,1,475,475,CUST-54564,App
UK-2026-102221,2026-03-21,Central,Indore,Electric Kettle 1.5L,Home & Kitchen,1,1147,1147,CUST-36845,Website
UK-2026-104341,2026-06-21,West,Mumbai,Electric Kettle 1.5L,Home & Kitchen,3,1063,3189,CUST-28340,Website
UK-2026-104392,2026-06-02,Central,Indore   ,Mirrorless Camera Lite,Electronics,1,28245,28245,CUST-51962,App
UK-2026-100653,2026-01-22,North,Chandigarh,Mixer Grinder 750W,Home & Kitchen,1,3396,3396,CUST-86752,Website
UK-2026-103546,2026-05-04,West,SURAT,Cotton Bedsheet Set,Home & Kitchen,1,1375,1375,CUST-18534,Marketplace
UK-2026-100091,2026-01-11,South,Kochi,Foldable Treadmill T2,Sports,4,24791,99164,CUST-87090,Marketplace
UK-2026-104020,2026-05-12,West,Mumbai,Modern Wall Clock,Home & Kitchen,3,803,2409,CUST-75512,Marketplace
UK-2026-102373,2026-04-10,Central,Indore,Football Size 5,Sports,1,907,907.00,CUST-46390,App
UK-2026-104893,2026-06-08,South,Kochi,Cotton Kurta Set,Fashion,1,1269,1269,CUST-47235,Website
UK-2026-102887,2026-04-04,East,Kolkata,Leather Wallet,Fashion,1,895,895,CUST-25514,Website
UK-2026-100158,2026-01-06,North,Delhi,Foldable Treadmill T2,Sports,1,24027,24027,CUST-99062,App
UK-2026-102696,2026-04-25,Central,Bhopal,Beard Grooming Kit,Beauty,2,1040,2080,CUST-16959,Website
UK-2026-101791,2026-03-28,East,Guwahati,Face Wash Combo,Beauty,3,452,1356,CUST-88525,App
UK-2026-101780,2026-03-08,North,Chandigarh,Ultrabook Air 14,Electronics,1,28833,28833,CUST-47701,Marketplace
UK-2026-103788,2026-05-07,West,Mumbai,Noise-Cancelling Headphones,Electronics,1,9161,9161,CUST-97534,Website
UK-2026-103063,2026-04-26,East,Bhubaneswar,Air Fryer 5L,Home & Kitchen,1,5475,5475,CUST-85132,App
UK-2026-102087,2026-03-13,Central,Indore,Formal Shirt,Fashion,1,1110,1110,CUST-19340,App
UK-2026-103505,2026-05-19,North,Noida,Slim Fit Jeans,Fashion,1,1560,1560,CUST-14093,App
UK-2026-100633,2026-01-18,West,Ahmedabad,Air Fryer 5L,Home & Kitchen,1,5325,5325,CUST-89741,Website
UK-2026-100692,2026-01-10,South,Hyderabad,Mirrorless Camera Lite,Electronics,2,28813,57626,CUST-25440,App
UK-2026-100049,2026-01-22,East,Patna,Matte Lipstick Set,Beauty,1,943,943,CUST-18807,App
UK-2026-100988,2026-02-26,Central,Bhopal,Mixer Grinder 750W,Home & Kitchen,3,3249,9747,CUST-78911,Marketplace
UK-2026-102951,2026-04-23,North,Delhi,Beard Grooming Kit,Beauty,2,1020,2040,CUST-93989,App
UK-2026-104703,2026-06-26,North,Chandigarh,Ionic Hair Dryer,Beauty,1,1834,,CUST-49028,App
UK-2026-101087,2026-02-11,South,Hyderabad,Air Fryer 5L,Home & Kitchen,2,5580,11160,CUST-80225,Website
UK-2026-100105,2026-01-07,South,Chennai,Cotton Kurta Set,Fashion,2,1301,2602,CUST-26674,App
UK-2026-100572,2026-01-04,East,Patna,Matte Lipstick Set,Beauty,1,913,913,CUST-76166,App
UK-2026-102000,2026-03-12,North,Delhi,Ultrabook Air 14,Electronics,1,30542,30542,CUST-66591,Marketplace
UK-2026-104897,2026-06-17,West,Pune,Leather Wallet,Fashion,1,901,901,CUST-55532,App
UK-2026-102091,2026-03-24,Central,Raipur,Running Sneakers,Fashion,1,2873,2873,CUST-30044,Website
UK-2026-100732,27-02-26,East,Kolkata,Ionic Hair Dryer,Beauty,1,1966,1966,CUST-17523,App
UK-2026-102912,2026-04-25,North,Gurugram,Formal Shirt,Fashion,2,1092,2184,CUST-93151,App
UK-2026-101429,2026-02-15,South,Hyderabad,Ultrabook Air 14,Electronics,1,31040,31040,CUST-54379,App
UK-2026-102073,2026-03-22,Central,Raipur,Leather Wallet,Fashion,1,863,863,CUST-47914,Website
UK-2026-101705,2026-03-14,South,Hyderabad,Denim Jacket,Fashion,2,2239,4478,CUST-33502,App
UK-2026-100746,"Feb 24, 2026",North,Delhi,Power Bank 20000mAh,Electronics,1,1869,1869,CUST-53453,Marketplace
UK-2026-102851,2026-04-22,West,Ahmedabad,Smart Watch X2,Electronics,2,4683,9366,CUST-16920,App
UK-2026-100189,2026-01-07,South,Hyderabad,Robot Vacuum R7,Home & Kitchen,,19365,19365,CUST-13809,Marketplace
UK-2026-101838,2026-03-18,South,Bengaluru,Ionic Hair Dryer,Beauty,2,1844,3688,CUST-97210,App
UK-2026-104387,2026-06-30,North,Delhi,Air Fryer 5L,Home & Kitchen,1,5678,5678,CUST-36312,Marketplace
UK-2026-101333,2026-02-24,West,Mumbai,Formal Shirt,Fashion,1,1149,1149,CUST-11959,Website
UK-2026-101584,2026-03-04,North,Noida,Ultrabook Air 14,Electronics,1,29926,29926,CUST-58652,App
UK-2026-102553,2026-04-18,Central,Raipur,Air Fryer 5L,Home & Kitchen,1,5519,5519,CUST-61128,App
UK-2026-104755,2026-06-10,South,Bengaluru,Leather Wallet,Fashion,1,942,942,CUST-84238,Website
UK-2026-102187,2026-03-02,South,Bengaluru,Bluetooth Speaker Mini,Electronics,1,1473,1473,CUST-65788,App
UK-2026-100092,2026-01-05,South,Chennai,Running Sneakers,Fashion,2,2665,5330,CUST-69164,App
UK-2026-104846,2026-06-30,North,Noida,Non-Stick Cookware Set,Home & Kitchen,2,3026,6052,CUST-84349,App
UK-2026-101478,2026-03-20,Central,Indore,Foldable Treadmill T2,Sports,1,23929,23929,CUST-30051,Website
UK-2026-100879,2026-02-22,West,Mumbai,Bluetooth Speaker Mini,Electronics,1,1445,"₹1,445",CUST-60156,App
UK-2026-103669,2026-05-16,Central,Raipur,Cotton Kurta Set,Fashion,1,1358,1358,CUST-56720,App
UK-2026-104519,13/06/2026,South,Bengaluru,Mirrorless Camera Lite,Electronics,1,28865,28865,CUST-47496,Marketplace
UK-2026-104907,2026-06-04,Central,Nagpur,Denim Jacket,Fashion,1,2140,2140,CUST-59140,Website
UK-2026-104790,2026-06-07,South,Chennai,Yoga Mat Pro,Sports,1,1251,1251,CUST-73957,Website
UK-2026-103923,2026-05-20,West,Ahmedabad,43-inch Smart TV,Electronics,1,27204,27204,CUST-30888,Marketplace
UK-2026-100211,2026-01-29,South,Hyderabad,Formal Shirt,Fashion,2,1093,2186,CUST-44751,Website
UK-2026-102382,2026-04-22,South,Hyderabad,Mixer Grinder 750W,Home & Kitchen,2,3440,6880,CUST-36117,App
UK-2026-100919,2026-02-03,North,Chandigarh,Makeup Brush Set,Beauty,4,1358,5432,CUST-22111,App
UK-2026-103943,2026-05-03,North,Gurugram,Denim Jacket,Fashion,1,2294,2294,CUST-89699,Website
UK-2026-100788,2026-02-05,North,Delhi,Electric Kettle 1.5L,Home & Kitchen,1,1067,1067,CUST-81552,Website
UK-2026-102832,2026-04-16,South,Hyderabad,Mirrorless Camera Lite,Electronics,1,27947,27947,CUST-16841,Website
UK-2026-104684,2026-06-20,North,GGN,Ultrabook Air 14,Electronics,3,30655,91965,CUST-75635,Marketplace
UK-2026-102264,2026-04-21,West,Ahmedabad,Air Fryer 5L,Home & Kitchen,2,5360,10720,CUST-57173,App
UK-2026-104653,2026-06-23,South,Kochi,Air Fryer 5L,Home & Kitchen,1,5516,5516,CUST-36312,App
UK-2026-100504,2026-01-20,North,Gurugram,Wireless Earbuds Pro,Electronics,1,2857,2857,CUST-70401,App
UK-2026-104627,2026-06-07,Central,Raipur,Cotton Kurta Set,Fashion,-1,1342,1342,CUST-98512,App
UK-2026-102850,2026-04-05,North,Delhi,Smart Watch X2,Electronics,2,4421,"8,842.00",CUST-16977,App
UK-2026-101411,2026-02-20,East,Kolkata,Power Bank 20000mAh,Electronics,1,1754,1754,CUST-32247,App
UK-2026-100743,2026-02-25,South,BLR,Football Size 5,Sports,2,909,1818,CUST-93277,App
UK-2026-103830,2026-05-29,Central,Nagpur,Beard Grooming Kit,Beauty,1,978,978,CUST-56949,Website
UK-2026-101923,2026-03-14,North,Chandigarh,Dinner Set 24pc,Home & Kitchen,1,2384,2384,CUST-50655,Website
UK-2026-104051,2026-06-10,West,Surat,43-inch Smart TV,Electronics,2,26458,52916,CUST-54934,Marketplace
UK-2026-102942,2026-04-23,West,Pune,Noise-Cancelling Headphones,Electronics,3,8569,25707,CUST-92580,Marketplace
UK-2026-100717,2026-01-07,South,Hyderabad,Cycling Helmet,Sports,1,1595,1595,CUST-43743,App
UK-2026-104617,2026-06-12,South,Chennai,Foldable Treadmill T2,Sports,1,24690,"24,690.00",CUST-28375,App
UK-2026-104699,2026-06-11,Central,Raipur,Bluetooth Speaker Mini,Electronics,1,1533,1533,CUST-74632,App
UK-2026-104137,2026-06-10,West,Ahmedabad,Cotton Kurta Set,Fashion,2,1236,2472,CUST-59534,Website
UK-2026-104310,2026-06-19,North,Gurugram,yoga mat pro,Sports,1,1169,1169,CUST-77205,App
UK-2026-102301,2026-04-12,North,Delhi,Modern Wall Clock,Home & Kitchen,1,809,809,CUST-51509,Marketplace
UK-2026-100642,2026-01-16,South,Bengaluru,Non-Stick Cookware Set,Home & Kitchen,1,3014,3014,CUST-84254,Website
UK-2026-103087,2026-04-01,West,Ahmedabad,Cotton Bedsheet Set,Home & Kitchen,1,1435,1435,CUST-20391,Website
UK-2026-102527,2026-04-24,East,Guwahati,Power Bank 20000mAh,Electronics,1,1766,1766,CUST-59109,Website
UK-2026-102580,2026-04-20,South,Kochi,Matte Lipstick Set,Beauty,3,938,"₹2,814",CUST-12613,Website
UK-2026-101492,2026-03-08,East,patna,Electric Kettle 1.5L,Home & Kitchen,2,1052,2104,CUST-76866,App
UK-2026-102768,2026-04-21,West,Ahmedabad,Power Bank 20000mAh,Electronics,1,1788,1788,CUST-37572,Marketplace
UK-2026-104987,2026-06-28,,Chandigarh,Badminton Racket Set,Sports,2,2411,4822,CUST-70726,App
UK-2026-104668,2026-06-15,South,Bengaluru,Slim Fit Jeans,Fashion,1,1556,1556,CUST-37286,App
UK-2026-102320,2026-04-09,Central,Nagpur,Cycling Helmet,Sports,1,1560,,CUST-39884,Website
UK-2026-102709,2026-04-25,South,Bengaluru,Football Size 5,Sports,1,925,925,CUST-98015,Website
UK-2026-102658,2026-04-06,East,Bhubaneswar,Formal Shirt,Fashion,1,1129,1129,CUST-46354,App
UK-2026-104955,2026-06-18,,Hyderabad,Bluetooth Speaker Mini,Electronics,1,1507,1507,CUST-90312,Marketplace
UK-2026-100526,2026-01-01,South,Hyderabad,Slim Fit Jeans,Fashion,1,1585,1585,CUST-21527,App
UK-2026-104562,2026-06-19,South,Bengaluru,Bluetooth Speaker Mini,Electronics,1,1430,1430,CUST-99685,App
UK-2026-101936,"Mar 21, 2026",Central,Raipur,Mirrorless Camera Lite,Electronics,1,30399,30399,CUST-74357,Marketplace
UK-2026-104669,2026-06-01,West,Surat,Noise-Cancelling Headphones,Electronics,1,9332,9332,CUST-66156,Website
UK-2026-102011,2026-03-04,North,  Chandigarh,Adjustable Dumbbells 15kg,Sports,2,5144,10288,CUST-37736,Marketplace
UK-2026-104117,2026-06-26,South,Hyderabad,Smart Watch X2,Electronics,1,4508,4508,CUST-39853,Marketplace
UK-2026-104730,2026-06-15,West,Ahmedabad,Modern Wall Clock,Home & Kitchen,1,764,764,CUST-98015,Website
UK-2026-102780,2026-04-14,East,Guwahati,Air Fryer 5L,Home & Kitchen,1,5262,5262,CUST-66904,Website
UK-2026-104811,2026-06-24,Central,Indore,Running Sneakers,Fashion,2,2807,5614,CUST-78282,App
UK-2026-102671,2026-04-08,,Noida,Wireless Earbuds Pro,Electronics,4,2930,11720,CUST-11802,Website
UK-2026-100725,15-02-26,West,Ahmedabad,Mixer Grinder 750W,Home & Kitchen,1,3305,3305,CUST-87292,Marketplace
UK-2026-101453,2026-03-15,East,Bhubaneswar,Foldable Treadmill T2,Sports,4,25859,103436,CUST-77094,App
UK-2026-104365,2026-06-15,Central,Nagpur,Bluetooth Speaker Mini,Electronics,1,1516,1516,CUST-88550,Marketplace
UK-2026-100614,"Jan 22, 2026",West,Surat,Vitamin C Serum,Beauty,1,725,725,CUST-49829,Website
UK-2026-101454,2026-03-07,North,Chandigarh,Matte Lipstick Set,Beauty,1,940,940,CUST-30414,Website
UK-2026-104788,2026-06-30,South,Bengaluru,CYCLING HELMET,Sports,1,1650,1650,CUST-95270,Website
UK-2026-102567,2026-04-19,North,Gurugram,Power Bank 20000mAh,Electronics,1,1786,1786,CUST-28647,App
UK-2026-100893,2026-02-14,Central,Nagpur,Power Bank 20000mAh,Electronics,1,1846,1846,CUST-42321,Website
UK-2026-103859,2026-05-28,South,Bengaluru,Leather Wallet,Fashion,1,941,941,CUST-56165,App
UK-2026-103626,2026-05-17,East,Patna,Robot Vacuum R7,Home & Kitchen,1,18230,18230,CUST-73737,App
UK-2026-103965,2026-05-03,North,Gurugram,Mirrorless Camera Lite,Electronics,2,28965,57930,CUST-13341,App
UK-2026-102171,2026-03-31,North,Delhi,Football Size 5,Sports,1,915,915,CUST-61969,Marketplace
UK-2026-101456,2026-03-02,North,Gurugram,Denim Jacket,Fashion,1,2260,2260,CUST-77584,Website
UK-2026-100231,2026-01-01,East,Kolkata,Ultrabook Air 14,Electronics,1,31357,"31,357.00",CUST-54229,Website
UK-2026-101272,2026-02-17,South,Chennai,Gym Gloves,Sports,1,523,523,CUST-28912,App
UK-2026-103264,2026-05-18,,Chandigarh,Face Wash Combo,Beauty,1,466,466,CUST-96703,App
UK-2026-102621,2026-04-21,North,Noida,Power Bank 20000mAh,Electronics,1,1716,1716,CUST-63192,Marketplace
UK-2026-100262,2026-01-14,South,Hyderabad,Cycling Helmet,Sports,2,1671,3342,CUST-70726,App
UK-2026-102964,2026-04-11,North,Noida,43-inch Smart TV,Electronics,1,26804,26804,CUST-57982,Marketplace
UK-2026-100204,2026-01-17,South,Hyderabad,Dinner Set 24pc,Home & Kitchen,1,2519,2519,CUST-10491,App
UK-2026-104249,2026-06-01,North,Chandigarh,Noise-Cancelling Headphones,Electronics,1,8797,8797,CUST-78158,Marketplace
UK-2026-101813,2026-03-06,East,Patna,Cotton Bedsheet Set,Home & Kitchen,1,1349,1349,CUST-62163,App
UK-2026-101262,2026-02-12,Central,  Nagpur,Dinner Set 24pc,Home & Kitchen,1,2510,2510,CUST-53732,Website
UK-2026-104546,2026-06-23,South,Hyderabad,Electric Kettle 1.5L,Home & Kitchen,1,1099,1099,CUST-15018,App
UK-2026-103432,2026-05-31,South,Hyderabad,Beard Grooming Kit,Beauty,1,988,988,CUST-92580,App
UK-2026-103048,04-04-26,Central,Indore,Robot Vacuum R7,Home & Kitchen,1,19234,19234,CUST-69164,App
UK-2026-103480,2026-05-07,East,Patna,Robot Vacuum R7,Home & Kitchen,,18229,18229,CUST-52535,Website
UK-2026-102169,2026-03-05,South,Kochi,Wireless Earbuds Pro,Electronics,1,2955,2955,CUST-88965,Website
UK-2026-104236,2026-06-06,Central,Nagpur,Smart Watch X2,Electronics,1,4532,4532,CUST-43828,Marketplace
UK-2026-100548,2026-01-08,South,Bengaluru,Bluetooth Speaker Mini,Electronics,2,1534,3068,CUST-16863,App
UK-2026-103967,2026-05-22,West,Pune,Non-Stick Cookware Set,Home & Kitchen,3,3013,9039,CUST-33944,App
UK-2026-102941,2026-04-08,East,Kolkata,Football Size 5,Sports,1,924,924,CUST-89302,App
UK-2026-101768,2026-03-03,West,Surat,43-inch Smart TV,Electronics,1,26450,26450,CUST-32875,App
UK-2026-104154,2026-06-02,North,Delhi,DINNER SET 24PC,Home & Kitchen,1,2616,2616,CUST-54127,App
UK-2026-101586,2026-03-29,West,Mumbai,Running Sneakers,Fashion,1,2902,2902,CUST-91605,Website
UK-2026-103655,2026-05-30,North,Chandigarh,Bluetooth Speaker Mini,Electronics,1,1494,1494,CUST-51678,App
UK-2026-100515,2026-01-11,East,Guwahati,Running Sneakers,Fashion,1,2711,2711,CUST-33144,Website
UK-2026-101820,2026-03-14,North,Chandigarh,Leather Wallet,Fashion,1,924,924,CUST-33470,Marketplace
UK-2026-102839,2026-04-28,West,Ahmedabad,Cotton Kurta Set,Fashion,1,1323,1323,CUST-54753,Marketplace
UK-2026-101307,2026-02-22,West,Mumbai,Leather Wallet,Fashion,1,915,915,CUST-74701,Marketplace
UK-2026-101879,2026-03-11,North,Chandigarh,Foldable Treadmill T2,Sports,1,24506,24506,CUST-32994,Marketplace
UK-2026-103041,2026-04-20,East,Guwahati,Silk Saree,Fashion,1,3462,3462,CUST-29816,App
UK-2026-102666,2026-04-13,Central,Raipur,Ethnic Dupatta,Fashion,1,511,511,CUST-47939,App
UK-2026-102992,2026-04-19,South,Chennai,43-inch Smart TV,Electronics,1,26473,26473,CUST-26475,App
UK-2026-102605,2026-04-18,East,Guwahati,Electric Kettle 1.5L,Home & Kitchen,1,1142,1142,CUST-35493,Marketplace
UK-2026-104176,2026-06-01,West,Mumbai,Non-Stick Cookware Set,Home & Kitchen,1,2911,2911,CUST-49767,App
UK-2026-103303,2026-05-02,West,Mumbai,Mirrorless Camera Lite,Electronics,4,28379,113516,CUST-30406,Marketplace
UK-2026-101560,2026-03-13,North,Gurugram,Ultrabook Air 14,Electronics,1,29240,29240,CUST-70768,Marketplace
UK-2026-104868,2026-06-16,East,Guwahati,Air Fryer 5L,Home & Kitchen,3,5639,16917,CUST-71453,App
UK-2026-102801,2026-04-08,West,Surat,Cotton Bedsheet Set,Home & Kitchen,1,1392,1392,CUST-17291,Website
UK-2026-101841,2026-03-20,Central,Bhopal,Wireless Earbuds Pro,Electronics,1,3021,3021,CUST-84998,Marketplace
UK-2026-104044,2026-06-07,Central,Bhopal,Gym Gloves,Sports,1,486,486,CUST-59841,App
UK-2026-103403,2026-05-04,Central,Indore,Vitamin C Serum,Beauty,1,715,715,CUST-17269,App
UK-2026-104272,2026-06-17,North,Delhi,Electric Kettle 1.5L,Home & Kitchen,1,1058,1058,CUST-43042,App
UK-2026-103806,2026-05-01,West,Ahmedabad,Slim Fit Jeans,Fashion,1,1616,1616,CUST-21574,Website
UK-2026-100571,2026-01-04,North,Noida,Ethnic Dupatta,Fashion,1,505,505,CUST-89030,Website
UK-2026-104917,10/06/2026,West,Surat,Denim Jacket,Fashion,2,2157,4314,CUST-45209,App
UK-2026-102378,2026-04-28,South,Hyderabad,Cotton Kurta Set,Fashion,1,1276,1276,CUST-19967,Website
UK-2026-104357,2026-06-14,North,Noida,Ultrabook Air 14,Electronics,1,28643,28643,CUST-37813,Website
UK-2026-103384,2026-05-24,East,Patna,Air Fryer 5L,Home & Kitchen,1,5766,5766,CUST-53563,Website
UK-2026-103031,2026-04-01,North,Noida,Bluetooth Speaker Mini,Electronics,1,1478,1478,CUST-81315,Marketplace
UK-2026-100195,2026-01-01,North,Noida,Cricket Bat English Willow,Sports,1,8842,8842,CUST-67690,App
UK-2026-104985,2026-06-06,North,Noida,Power Bank 20000mAh,Electronics,1,1853,1853,CUST-46962,Website
UK-2026-100779,2026-02-06,South,Chennai,Air Fryer 5L,Home & Kitchen,1,5339,5339,CUST-58407,App
UK-2026-104401,2026-06-18,North,Noida,Power Bank 20000mAh,Electronics,1,1845,1845,CUST-78158,Website
UK-2026-101830,2026-03-06,East,Bhubaneswar,Dinner Set 24pc,Home & Kitchen,2,2602,5204,CUST-40262,Website
UK-2026-101700,2026-03-20,West,Surat,Robot Vacuum R7,Home & Kitchen,,19887,39774,CUST-22408,App
UK-2026-102600,2026-04-10,West,Ahmedabad,Smart Watch X2,Electronics,1,4645,4645,CUST-98761,Marketplace
UK-2026-103282,2026-05-23,South,Bengaluru,Ionic Hair Dryer,Beauty,1,1938,1938,CUST-33608,App
UK-2026-100002,2026-01-05,Central,Raipur,Wireless Earbuds Pro,Electronics,4,2996,11984,CUST-57639,App
UK-2026-104925,2026-06-20,West,Ahmedabad,Gym Gloves,Sports,1,478,478,CUST-37009,Website
UK-2026-104658,2026-06-04,North,Noida,Makeup Brush Set,Beauty,1,1359,1359,CUST-78165,App
UK-2026-100339,2026-01-22,Central,Nagpur,Leather Wallet,Fashion,1,924,924,CUST-61011,Website
UK-2026-101274,2026-02-20,North,Delhi,Leather Wallet,Fashion,1,873,873,CUST-87090,Website
UK-2026-102296,2026-04-22,West,Pune,Power Bank 20000mAh,Electronics,1,1813,1813,CUST-40584,Website
UK-2026-104104,2026-06-06,North,Chandigarh,Noise-Cancelling Headphones,Electronics,1,9156,9156,CUST-94997,Website
UK-2026-104654,2026-06-18,Central,Bhopal,Cotton Bedsheet Set,Home & Kitchen,2,1379,2758,CUST-29518,App
UK-2026-101066,2026-02-11,South,Hyderabad,Cricket Bat English Willow,Sports,1,9029,9029,CUST-99661,App
UK-2026-102055,2026-03-03,West,Surat,Yoga Mat Pro,Sports,1,1177,1177,CUST-35354,App
UK-2026-103195,2026-05-27,West,Surat,Smart Watch X2,Electronics,2,4645,9290,CUST-16345,App
UK-2026-104609,2026-06-01,East,Kolkata,Dinner Set 24pc,Home & Kitchen,1,2488,2488,CUST-90597,Marketplace
UK-2026-102439,2026-04-13,South,Bengaluru,Robot Vacuum R7,Home & Kitchen,2,18392,36784,CUST-10707,App
UK-2026-101797,2026-03-07,South,Bengaluru,Wireless Earbuds Pro,Electronics,1,3090,3090,CUST-74592,App
UK-2026-102626,2026-04-12,South,Bengaluru,Mirrorless Camera Lite,Electronics,1,27839,27839,CUST-49624,App
UK-2026-104789,2026-06-06,West,Surat,Makeup Brush Set,Beauty,2,1256,2512,CUST-75048,Website
UK-2026-100143,2026-01-31,North,Chandigarh,Leather Wallet,Fashion,2,856,1712 INR,CUST-15693,Marketplace
UK-2026-103549,2026-05-18,West,Mumbai,Vitamin C Serum,Beauty,1,695,695,CUST-53998,Website
UK-2026-101676,2026-03-18,Central,Raipur,Badminton Racket Set,Sports,1,2601,2601,CUST-73002,App
UK-2026-102374,2026-04-06,Central,Nagpur,Modern Wall Clock,Home & Kitchen,2,775,1550,CUST-50546,Website
UK-2026-100965,2026-02-02,South,Kochi,Matte Lipstick Set,Beauty,1,877,877,CUST-21527,Marketplace
UK-2026-100774,2026-02-04,South,Hyderabad,Ethnic Dupatta,Fashion,1,500,500,CUST-73023,Website
UK-2026-103436,2026-05-19,South,Hyderabad,Mixer Grinder 750W,Home & Kitchen,2,3359,6718,CUST-42495,Marketplace
UK-2026-103154,2026-05-28,South,Kochi,Wireless Earbuds Pro,Electronics,1,3015,3015,CUST-29518,Marketplace
UK-2026-100462,2026-01-02,South,Hyderabad,Dinner Set 24pc,Home & Kitchen,2,2545,5090,CUST-17523,App
UK-2026-102614,09/04/2026,Central,Nagpur,Cricket Bat English Willow,Sports,2,8612,17224,CUST-81063,App
UK-2026-100113,2026-01-20,North,Noida,cotton bedsheet set,Home & Kitchen,1,1449,1449,CUST-47299,Website
UK-2026-100305,2026-01-07,North,Gurugram,Running Sneakers,Fashion,1,2815,2815,CUST-76160,App
UK-2026-104915,2026-06-07,South,Kochi,Slim Fit Jeans,Fashion,2,1534,3068,CUST-88342,Website
UK-2026-104148,2026-06-11,West,Mumbai,Power Bank 20000mAh,Electronics,2,1856,3712,CUST-45231,Marketplace
UK-2026-103501,2026-05-10,East,Bhubaneswar,Sunscreen SPF50,Beauty,1,551,551,CUST-85770,App
UK-2026-103341,2026-05-14,South,Hyderabad,Leather Wallet,Fashion,1,879,879,CUST-68327,App
UK-2026-103137,2026-05-07,South,Bengaluru,Modern Wall Clock,Home & Kitchen,2,829,"1,658.00",CUST-55519,Marketplace
UK-2026-103983,2026-05-09,South,Kochi,Denim Jacket,Fashion,1,2098,2098,CUST-18338,App
UK-2026-102724,2026-04-04,South,Kochi,Air Fryer 5L,Home & Kitchen,1,5346,5346,CUST-19340,App
UK-2026-101948,2026-03-07,North,Gurugram,Noise-Cancelling Headphones,Electronics,2,8936,17872,CUST-95188,Marketplace
UK-2026-103645,2026-05-19,East,Guwahati,Air Fryer 5L,Home & Kitchen,1,5517,5517,CUST-96225,Website
UK-2026-101745,2026-03-28,West,Pune,Mixer Grinder 750W,Home & Kitchen,1,3454,3454,CUST-59644,App
UK-2026-102762,2026-04-04,North,Noida,Robot Vacuum R7,Home & Kitchen,1,18830,18830,CUST-85691,App
UK-2026-102364,2026-04-23,South,Chennai,Air Fryer 5L,Home & Kitchen,1,5305,5305,CUST-98850,Website
UK-2026-104801,"Jun 18, 2026",West,Mumbai,Vitamin C Serum,Beauty,1,730,730,CUST-41134,App
UK-2026-102134,2026-03-30,South,Hyderabad,Silk Saree,Fashion,1,3505,3505,CUST-98968,App
UK-2026-103802,2026-05-01,South,Hyderabad,Power Bank 20000mAh,Electronics,1,1779,1779,CUST-93825,Marketplace
UK-2026-102716,"Apr 8, 2026",East,Patna,Sunscreen SPF50,Beauty,1,544,544,CUST-50279,Website
UK-2026-100463,2026-01-21,Central,Indore,Mixer Grinder 750W,Home & Kitchen,2,3169,6338,CUST-59555,Website
UK-2026-103952,2026-05-30,South,Hyderabad,Mirrorless Camera Lite,Electronics,1,28874,28874,CUST-20735,Marketplace
UK-2026-101158,2026-02-04,South,Bengaluru,Vitamin C Serum,Beauty,1,682,682,CUST-26475,Marketplace
UK-2026-102650,2026-04-01,South,Chennai,Sunscreen SPF50,Beauty,1,553,553,CUST-96316,App
UK-2026-101296,2026-02-20,South,Hyderabad,Formal Shirt,Fashion,3,1081,3243,CUST-55126,App
UK-2026-103612,2026-05-20,West,Pune,Slim Fit Jeans,Fashion,1,1610,1610,CUST-31126,Marketplace
UK-2026-101935,2026-03-29,South,Hyderabad,43-inch Smart TV,Electronics,1,25456,25456,CUST-65788,Marketplace
UK-2026-104537,2026-06-28,North,Chandigarh,Mirrorless Camera Lite,Electronics,3,28295,84885,CUST-85177,Website
UK-2026-104678,2026-06-29,North,Chandigarh,Ultrabook Air 14,Electronics,1,29087,29087,CUST-61410,Marketplace
UK-2026-104541,2026-06-01,Central,Nagpur,Beard Grooming Kit,Beauty,1,1001,1001,CUST-87589,App
UK-2026-101811,2026-03-03,South,Hyderabad,43-inch Smart TV,Electronics,1,25889,25889,CUST-74690,App
UK-2026-101114,2026-02-10,West,Pune,Running Sneakers,Fashion,1,2747,2747,CUST-68327,App
UK-2026-102045,2026-03-05,South,Hyderabad,Makeup Brush Set,Beauty,2,1268,2536 INR,CUST-36665,App
UK-2026-101257,2026-02-27,West,Surat,Air Fryer 5L,Home & Kitchen,1,5324,5324,CUST-42390,Marketplace
UK-2026-100148,2026-01-18,North,Gurugram,Non-Stick Cookware Set,Home & Kitchen,1,2791,2791,CUST-71052,Website
UK-2026-102551,2026-04-07,East,Kolkata,Electric Kettle 1.5L,Home & Kitchen,1,1109,1109,CUST-30168,App
UK-2026-104516,2026-06-30,West,Mumbai,Ultrabook Air 14,Electronics,1,31493,31493,CUST-24391,Marketplace
UK-2026-101389,2026-02-16,West,Ahmedabad,Running Sneakers,Fashion,1,2750,2750,CUST-68605,App
UK-2026-103665,2026-05-24,South,Bengaluru,Slim Fit Jeans,Fashion,1,1568,1568,CUST-19346,Website
UK-2026-103390,2026-05-03,East,Bhubaneswar,Silk Saree,Fashion,2,3559,,CUST-76359,App
UK-2026-104130,2026-06-02,South,Cochin,Bluetooth Speaker Mini,Electronics,1,1524,1524,CUST-91548,Marketplace
UK-2026-104507,2026-06-27,North,Gurugram,Cotton Kurta Set,Fashion,1,1238,1238,CUST-57670,Website
UK-2026-102273,2026-04-22,East,Bhubaneswar,Wireless Earbuds Pro,Electronics,2,2927,5854,CUST-20915,Website
UK-2026-103848,29-05-26,South,Kochi,Silk Saree,Fashion,4,3523,14092,CUST-57982,Website
UK-2026-104447,2026-06-27,South,Hyderabad,Cycling Helmet,Sports,2,1565,3130,CUST-25986,Marketplace
UK-2026-104821,2026-06-03,South,Kochi,Silk Saree,Fashion,2,3585,7170,CUST-76757,Website
UK-2026-100413,27-01-26,West,Pune,Silk Saree,Fashion,2,3630,7260,CUST-58256,App
UK-2026-101082,2026-02-26,West,Ahmedabad,Noise-Cancelling Headphones,Electronics,1,9091,9091,CUST-97298,Website
UK-2026-102615,2026-04-16,West,Ahmedabad,Noise-Cancelling Headphones,Electronics,1,8832,8832,CUST-53476,App
UK-2026-101327,2026-02-06,West,Mumbai,Power Bank 20000mAh,Electronics,1,1846,1846,CUST-97648,Website
UK-2026-101750,2026-03-26,West,Pune,Gym Gloves,Sports,1,520,520,CUST-97834,Marketplace
UK-2026-100982,2026-02-08,West,Mumbai,Air Fryer 5L,Home & Kitchen,2,5665,11330,CUST-14111,App
UK-2026-102767,2026-04-29,Central,Indore,Cotton Bedsheet Set,Home & Kitchen,1,1404,1404,CUST-57934,App
UK-2026-102772,2026-04-11,South,CHENNAI,Electric Kettle 1.5L,Home & Kitchen,1,1051,1051,CUST-36469,App
UK-2026-102845,2026-04-01,East,Patna,Denim Jacket,Fashion,2,2243,4486,CUST-40275,App
UK-2026-100491,2026-01-26,West,Pune,Badminton Racket Set,Sports,-2,2467,4934,CUST-89741,App
UK-2026-104980,2026-06-17,South,Kochi,Cricket Bat English Willow,Sports,2,9109,18218,CUST-44548,Marketplace
UK-2026-104797,2026-06-10,North,Chandigarh,Air Fryer 5L,Home & Kitchen,1,5773,5773,CUST-73957,App
UK-2026-104510,2026-06-28,West,Mumbai,Adjustable Dumbbells 15kg,Sports,2,4930,9860,CUST-58316,App
UK-2026-102704,2026-04-12,Central,Indore,Modern Wall Clock,Home & Kitchen,,763,763,CUST-22850,App
UK-2026-101998,2026-03-20,South,Hyderabad,Badminton Racket Set,Sports,2,2595,5190,CUST-99336,App
UK-2026-100197,2026-01-06,North,Delhi,Air Fryer 5L,Home & Kitchen,1,5735,5735,CUST-99358,App
UK-2026-104054,2026-06-16,North,Delhi,Mixer Grinder 750W,Home & Kitchen,1,3360,3360,CUST-76290,App
UK-2026-100271,2026-01-29,South,Bengaluru,Robot Vacuum R7,Home & Kitchen,1,19168,19168,CUST-38714,Website
UK-2026-103695,2026-05-17,North,Delhi,Formal Shirt,Fashion,1,1077,1077,CUST-55711,Marketplace
UK-2026-101660,2026-03-10,East,Patna,Face Wash Combo,Beauty,1,459,459,CUST-44869,Website
UK-2026-104088,2026-06-18,,Raipur,Denim Jacket,Fashion,1,2181,2181,CUST-21496,App
UK-2026-103494,2026-05-16,North,Gurugram,Running Sneakers,Fashion,2,2673,5346,CUST-22630,Website
UK-2026-101423,2026-02-13,North,Gurugram,Running Sneakers,Fashion,1,2729,2729,CUST-80225,App
UK-2026-103170,2026-05-13,North,Chandigarh,Denim Jacket,Fashion,1,2183,2183,CUST-43208,App
UK-2026-101787,2026-03-20,North,  Noida,Gym Gloves,Sports,1,507,507,CUST-61537,App
UK-2026-103761,2026-05-23,West,Surat,Noise-Cancelling Headphones,Electronics,1,9284,9284,CUST-54379,Marketplace
UK-2026-104099,2026-06-27,North,Noida,Makeup Brush Set,Beauty,4,1235,4940,CUST-79358,Marketplace
UK-2026-103222,2026-05-08,North,Noida,Leather Wallet,Fashion,2,917,1834,CUST-71364,Website
UK-2026-104421,2026-06-12,West,Surat,Modern Wall Clock,Home & Kitchen,2,801,1602,CUST-69798,Website
UK-2026-101655,2026-03-14,North,Delhi,Robot Vacuum R7,Home & Kitchen,1,18929,18929,CUST-69266,Website
UK-2026-100059,2026-01-05,South,Bengaluru,Makeup Brush Set,Beauty,1,1237,1237,CUST-85294,App
UK-2026-103002,10-04-26,South,Hyderabad,Badminton Racket Set,Sports,2,2558,5116,CUST-69982,Marketplace
UK-2026-102512,2026-04-26,West,Bombay,Cycling Helmet,Sports,1,1625,1625,CUST-17523,Marketplace
UK-2026-102625,2026-04-25,Central,Raipur,Noise-Cancelling Headphones,Electronics,1,9023,9023,CUST-53025,Marketplace
UK-2026-104706,2026-06-17,West,Pune,Noise-Cancelling Headphones,Electronics,1,9418,9418,CUST-54229,Website
UK-2026-101677,2026-03-19,Central,Raipur,Noise-Cancelling Headphones,Electronics,1,8601,8601,CUST-67199,Marketplace
UK-2026-101438,2026-02-06,Central,Raipur,Eau de Parfum 100ml,Beauty,2,1995,3990,CUST-45209,App
UK-2026-104827,"Jun 11, 2026",West,Ahmedabad,Wireless Earbuds Pro,Electronics,1,2922,2922,CUST-98862,Marketplace
UK-2026-100203,09/01/2026,Central,Raipur,Mirrorless Camera Lite,Electronics,2,28407,56814,CUST-78991,App
UK-2026-102437,2026-04-07,North,Chandigarh,Beard Grooming Kit,Beauty,1,996,996,CUST-49028,App
UK-2026-101232,2026-02-25,East,Patna,Robot Vacuum R7,Home & Kitchen,1,18382,18382,CUST-88550,App
UK-2026-103370,2026-05-03,Central,Raipur,Gym Gloves,Sports,1,478,478,CUST-97293,App
UK-2026-103301,2026-05-25,West,Surat,Vitamin C Serum,Beauty,1,709,709,CUST-64804,App
UK-2026-101792,2026-03-03,Central,Raipur,Eau de Parfum 100ml,Beauty,1,2001,2001,CUST-67050,Website
UK-2026-103485,2026-05-17,South,Hyderabad,Adjustable Dumbbells 15kg,Sports,1,5183,5183,CUST-50655,Marketplace
UK-2026-103507,2026-05-31,South,Kochi,Mirrorless Camera Lite,Electronics,1,29781,29781,CUST-46554,Marketplace
UK-2026-102916,2026-04-12,South,Hyderabad,Electric Kettle 1.5L,Home & Kitchen,1,1102,1102,CUST-66509,Marketplace
UK-2026-102519,2026-04-17,Central,Bhopal,Air Fryer 5L,Home & Kitchen,1,5494,5494,CUST-16466,App
UK-2026-104712,2026-06-22,West,Ahmedabad,Denim Jacket,Fashion,1,2227,2227,CUST-65502,App
UK-2026-104501,2026-06-19,South,Kochi,Gym Gloves,Sports,1,511,511,CUST-37276,Marketplace
UK-2026-100620,2026-01-12,Central,Indore,Robot Vacuum R7,Home & Kitchen,1,19384,19384,CUST-90585,Marketplace
UK-2026-100959,2026-02-04,North,Delhi,Adjustable Dumbbells 15kg,Sports,2,5154,10308,CUST-61164,Marketplace
UK-2026-100216,2026-01-17,North,Delhi,Cycling Helmet,Sports,1,1625,1625,CUST-67585,Website
UK-2026-103325,2026-05-31,North,Chandigarh,Denim Jacket,Fashion,1,2272,2272,CUST-54402,App
UK-2026-103790,2026-05-22,South,Bengaluru,Makeup Brush Set,Beauty,2,1332,2664,CUST-68821,App
UK-2026-100670,2026-01-10,Central,Raipur,Cycling Helmet,Sports,,1642,1642,CUST-43484,App
UK-2026-102154,2026-03-10,North,Noida,Air Fryer 5L,Home & Kitchen,1,5362,5362,CUST-11847,Marketplace
UK-2026-103557,2026-05-16,North,Gurugram,Slim Fit Jeans,Fashion,1,1645,1645,CUST-95455,Website
UK-2026-104615,2026-06-09,West,Pune,Matte Lipstick Set,Beauty,1,864,864,CUST-31128,Marketplace
UK-2026-101685,2026-03-14,North,Noida,Matte Lipstick Set,Beauty,1,861,861,CUST-33470,App
UK-2026-102742,2026-04-21,West,Pune,Cotton Bedsheet Set,Home & Kitchen,1,1450,1450,CUST-65542,App
UK-2026-102023,2026-03-28,East,Kolkata,Ultrabook Air 14,Electronics,2,30664,61328,CUST-12715,Marketplace
UK-2026-102079,2026-03-12,South,Chennai,Ultrabook Air 14,Electronics,1,28932,28932,CUST-97635,App
UK-2026-100411,2026-01-14,South,Kochi,Football Size 5,Sports,1,880,880,CUST-15445,Website
UK-2026-104003,2026-05-05,East,Kolkata   ,Bluetooth Speaker Mini,Electronics,1,1538,1538,CUST-48692,Marketplace
UK-2026-100723,2026-02-24,South,Chennai,43-inch Smart TV,Electronics,1,24751,24751,CUST-89508,Marketplace
UK-2026-103020,2026-04-13,West,Surat,Ethnic Dupatta,Fashion,1,499,499,CUST-77094,App
UK-2026-102173,2026-03-01,North,Delhi,Power Bank 20000mAh,Electronics,1,1756,1756,CUST-96303,App
UK-2026-103914,2026-05-15,West,Pune,Slim Fit Jeans,Fashion,1,1623,1623,CUST-51354,Marketplace
UK-2026-100973,2026-02-12,North,Chandigarh,Yoga Mat Pro,Sports,1,1177,1177,CUST-87490,Website
UK-2026-103584,2026-05-23,North,Delhi,43-inch Smart TV,Electronics,1,25209,25209,CUST-52315,Marketplace
UK-2026-102522,2026-04-14,North,Gurugram,Mirrorless Camera Lite,Electronics,1,28457,28457,CUST-56739,Marketplace
UK-2026-101033,2026-02-24,West,Mumbai,Air Fryer 5L,Home & Kitchen,2,5351,10702,CUST-57131,Website
UK-2026-103634,2026-05-12,South,Hyderabad,Silk Saree,Fashion,1,3650,3650,CUST-29825,Marketplace
UK-2026-104533,2026-06-06,Central,Nagpur,Cricket Bat English Willow,Sports,1,9251,9251,CUST-11479,Marketplace
UK-2026-103318,2026-05-09,Central,Indore,Bluetooth Speaker Mini,Electronics,2,1564,3128,CUST-88265,App
UK-2026-100433,2026-01-06,South,Bengaluru,formal shirt,Fashion,2,1045,2090,CUST-20001,App
UK-2026-103291,2026-05-20,North,Noida,Power Bank 20000mAh,Electronics,2,1845,3690,CUST-36469,App
UK-2026-104612,2026-06-10,South,Kochi,Wireless Earbuds Pro,Electronics,1,2883,2883,CUST-18731,Marketplace
UK-2026-104875,2026-06-29,Central,Indore,Dinner Set 24pc,Home & Kitchen,1,2526,2526,CUST-11236,App
UK-2026-100647,2026-01-09,North,Delhi,Face Wash Combo,Beauty,1,457,457,CUST-52619,Marketplace
UK-2026-102656,2026-04-13,North,Delhi,Wireless Earbuds Pro,Electronics,4,3134,12536,CUST-79886,Website
UK-2026-100845,2026-02-06,East,Bhubaneswar,Mirrorless Camera Lite,Electronics,1,28051,28051,CUST-89773,App
UK-2026-101514,2026-03-26,Central,Bhopal,Badminton Racket Set,Sports,2,2520,,CUST-66904,App
UK-2026-100026,2026-01-19,North,Gurugram,Power Bank 20000mAh,Electronics,1,1821,1821,CUST-38454,Website
UK-2026-102932,2026-04-04,East,Patna,Vitamin C Serum,Beauty,,681,681,CUST-67927,Website
UK-2026-102168,2026-03-25,North,Gurugram,Vitamin C Serum,Beauty,1,682,682,CUST-37103,App
UK-2026-102170,2026-03-30,West,Ahmedabad,Dinner Set 24pc,Home & Kitchen,1,2499,2499,CUST-83743,Marketplace
UK-2026-101050,2026-02-22,Central,Raipur,Dinner Set 24pc,Home & Kitchen,1,2391,,CUST-83234,App
UK-2026-102549,2026-04-02,South,Kochi,Cricket Bat English Willow,Sports,1,8943,8943,CUST-39326,Website
UK-2026-103091,2026-05-15,South,Kochi,Mixer Grinder 750W,Home & Kitchen,1,3157,3157,CUST-81552,App
UK-2026-100223,2026-01-08,North,Chandigarh,Electric Kettle 1.5L,Home & Kitchen,1,1065,1065,CUST-61773,App
UK-2026-103674,2026-05-27,West,Ahmedabad,Air Fryer 5L,Home & Kitchen,1,5670,5670,CUST-35280,Website
UK-2026-104224,2026-06-21,East,Bhubaneswar,Slim Fit Jeans,Fashion,1,1617,1617,CUST-81478,App
UK-2026-103051,2026-04-15,East,Kolkata,Vitamin C Serum,Beauty,1,685,685,CUST-90300,App
UK-2026-103468,2026-05-18,North,Chandigarh,Ethnic Dupatta,Fashion,1,498,498,CUST-28306,App
UK-2026-101324,2026-02-18,North,Chandigarh,Ultrabook Air 14,Electronics,1,29613,29613,CUST-54564,Website
UK-2026-102213,2026-03-13,Central,Nagpur,Bluetooth Speaker Mini,Electronics,2,1480,2960,CUST-94729,Website
UK-2026-101739,2026-03-31,Central,Raipur,Cotton Bedsheet Set,Home & Kitchen,1,1450,1450,CUST-26920,App
UK-2026-100783,2026-02-03,West,Pune,43-inch Smart TV,Electronics,2,24922,49844,CUST-81876,Marketplace
UK-2026-103534,2026-05-28,North,Gurugram,Running Sneakers,Fashion,2,2917,5834,CUST-93277,Website
UK-2026-104052,2026-06-22,North,Chandigarh,Power Bank 20000mAh,Electronics,1,1737,1737 INR,CUST-81630,Website
UK-2026-100615,2026-01-26,Central,Raipur,Smart Watch X2,Electronics,2,4300,8600,CUST-13003,Marketplace
UK-2026-103398,2026-05-28,West,Pune,Smart Watch X2,Electronics,2,4416,8832,CUST-25192,App
UK-2026-103260,2026-05-07,South,Chennai,Mirrorless Camera Lite,Electronics,3,29268,87804,CUST-41836,App
UK-2026-100438,2026-01-14,West,Pune,Noise-Cancelling Headphones,Electronics,1,8804,8804,CUST-75876,Marketplace
UK-2026-102121,2026-03-25,West,Mumbai,Badminton Racket Set,Sports,1,2554,2554,CUST-97298,Website
UK-2026-103544,2026-05-31,East,Guwahati,Modern Wall Clock,Home & Kitchen,1,837,837,CUST-46354,Website
UK-2026-103628,2026-05-02,West,Ahmedabad,Mirrorless Camera Lite,Electronics,1,28804,28804,CUST-51042,Marketplace
UK-2026-101988,2026-03-13,Central,Bhopal,Air Fryer 5L,Home & Kitchen,1,5593,5593,CUST-30097,Marketplace
UK-2026-104524,2026-06-27,South,Bengaluru,Ionic Hair Dryer,Beauty,1,1982,1982,CUST-86951,Website
UK-2026-100626,2026-01-22,West,Ahmedabad,Beard Grooming Kit,Beauty,1,1015,1015,CUST-87641,Website
UK-2026-100761,2026-02-16,West,Surat   ,Sunscreen SPF50,Beauty,1,522,522,CUST-26617,App
UK-2026-101145,2026-02-23,West,Pune,Matte Lipstick Set,Beauty,1,900,900,CUST-35888,Website
UK-2026-103158,2026-05-21,West,Ahmedabad,Bluetooth Speaker Mini,Electronics,1,1563,1563,CUST-86015,Marketplace
UK-2026-104102,2026-06-27,West,Mumbai,Sunscreen SPF50,Beauty,3,546,1638,CUST-92870,App
UK-2026-100650,2026-01-18,South,Chennai,Robot Vacuum R7,Home & Kitchen,1,19410,19410,CUST-18641,Website
UK-2026-101594,2026-03-10,West,Ahmedabad,DENIM JACKET,Fashion,2,2173,4346,CUST-12982,Website
UK-2026-101747,2026-03-21,Central,Indore,Ethnic Dupatta,Fashion,1,483,483,CUST-33608,App
UK-2026-103721,2026-05-24,Central,Nagpur,Vitamin C Serum,Beauty,1,721,721,CUST-28375,App
UK-2026-103908,2026-05-25,South,Kochi,Bluetooth Speaker Mini,Electronics,1,1502,1502,CUST-96752,Marketplace
UK-2026-102220,2026-03-13,North,Chandigarh,Smart Watch X2,Electronics,1,4562,4562 INR,CUST-38886,Website
UK-2026-101156,2026-02-20,,Chandigarh,Adjustable Dumbbells 15kg,Sports,1,4905,4905,CUST-47235,App
UK-2026-102375,2026-04-26,West,Mumbai,Cycling Helmet,Sports,1,1579,1579,CUST-34891,App
UK-2026-101661,2026-03-07,Central,Raipur,dinner set 24pc,Home & Kitchen,1,2442,2442,CUST-45487,App
UK-2026-100299,2026-01-16,South,Bengaluru,Cotton Bedsheet Set,Home & Kitchen,3,1391,4173,CUST-35569,Marketplace
UK-2026-101117,2026-02-19,West,Bombay,Mirrorless Camera Lite,Electronics,1,27874,27874,CUST-35406,App
UK-2026-104355,2026-06-21,West,Ahmedabad,Foldable Treadmill T2,Sports,1,23855,23855,CUST-28365,Marketplace
UK-2026-104722,2026-06-20,South,Chennai,Formal Shirt,Fashion,4,1059,4236,CUST-26101,Website
UK-2026-101778,2026-03-18,North,Chandigarh,Modern Wall Clock,Home & Kitchen,1,768,768,CUST-54182,Marketplace
UK-2026-102746,2026-04-01,North,Gurugram,Non-Stick Cookware Set,Home & Kitchen,2,2778,5556,CUST-42497,App
UK-2026-103487,2026-05-27,East,Guwahati,Power Bank 20000mAh,Electronics,2,1734,3468,CUST-21579,Website
UK-2026-104577,2026-06-20,East,Patna,Wireless Earbuds Pro,Electronics,1,2960,2960,CUST-58700,Marketplace
UK-2026-101966,2026-03-13,South,Chennai,Leather Wallet,Fashion,2,870,1740,CUST-14085,App
UK-2026-101837,2026-03-19,West,Surat,Eau de Parfum 100ml,Beauty,1,2049,2049,CUST-57982,App
UK-2026-104145,2026-06-18,West,Pune,Matte Lipstick Set,Beauty,1,863,863,CUST-77094,Website
UK-2026-103672,2026-05-19,North,Gurugram,Silk Saree,Fashion,1,3330,3330,CUST-92870,App
UK-2026-104443,2026-06-23,South,Hyderabad,Wireless Earbuds Pro,Electronics,1,3002,"₹3,002",CUST-25914,Marketplace
UK-2026-102022,2026-03-12,East,Guwahati,Power Bank 20000mAh,Electronics,1,1777,1777,CUST-96211,Website
UK-2026-101214,2026-02-22,North,Chandigarh,Cotton Bedsheet Set,Home & Kitchen,2,1331,2662,CUST-52180,App
UK-2026-103110,2026-05-13,West,Ahmedabad,Ethnic Dupatta,Fashion,1,514,514 INR,CUST-54379,Website
UK-2026-100634,2026-01-25,South,Hyderabad,Slim Fit Jeans,Fashion,1,1638,1638,CUST-35379,Website
UK-2026-100641,2026-01-09,North,Noida,Matte Lipstick Set,Beauty,1,934,934,CUST-64941,App
UK-2026-102470,2026-04-22,South,Kochi,Denim Jacket,Fashion,1,2301,2301,CUST-42497,App
UK-2026-100853,2026-02-24,South,Madras,Cotton Kurta Set,Fashion,2,1323,2646,CUST-25867,Website
UK-2026-103380,2026-05-08,East,Kolkata,Slim Fit Jeans,Fashion,1,1538,1538,CUST-41862,Website
UK-2026-104008,22/05/2026,East,Guwahati,Vitamin C Serum,Beauty,1,732,732,CUST-54564,App
UK-2026-102112,2026-03-17,South,Kochi,Mixer Grinder 750W,Home & Kitchen,1,3207,3207,CUST-42495,Marketplace
UK-2026-102660,2026-04-11,South,  Kochi,Dinner Set 24pc,Home & Kitchen,2,2478,4956,CUST-66530,App
UK-2026-101008,2026-02-10,North,Noida,Ethnic Dupatta,Fashion,1,477,477,CUST-38603,Website
UK-2026-100004,2026-01-24,West,Pune,43-inch Smart TV,Electronics,,24728,24728,CUST-90261,Website
UK-2026-100758,2026-02-27,South,Bengaluru,43-inch Smart TV,Electronics,1,25602,25602,CUST-97302,App
UK-2026-100899,2026-02-10,West,Mumbai,Wireless Earbuds Pro,Electronics,1,3131,3131,CUST-71124,Website
UK-2026-100981,2026-02-17,North,Chandigarh,Cotton Bedsheet Set,Home & Kitchen,1,1354,1354,CUST-28647,App
UK-2026-104873,2026-06-14,,Guwahati,Running Sneakers,Fashion,1,2870,2870,CUST-78928,Marketplace
UK-2026-103242,2026-05-03,North,Gurugram,Adjustable Dumbbells 15kg,Sports,1,5084,5084,CUST-35978,Website
UK-2026-100950,2026-02-02,West,Mumbai,Dinner Set 24pc,Home & Kitchen,1,2509,2509,CUST-39901,Website
UK-2026-103703,2026-05-25,South,Cochin,Leather Wallet,Fashion,1,937,937,CUST-69982,Website
UK-2026-103161,2026-05-27,South,Hyderabad,Football Size 5,Sports,1,920,920,CUST-96225,App
UK-2026-102379,2026-04-04,North,Chandigarh,Denim Jacket,Fashion,1,2132,2132,CUST-91397,Website
UK-2026-104887,2026-06-20,South,Kochi,Running Sneakers,Fashion,1,2764,2764,CUST-62152,App
UK-2026-102744,2026-04-06,North,Gurugram,Leather Wallet,Fashion,2,916,1832,CUST-32134,Website
UK-2026-103133,2026-05-22,West,Mumbai,Power Bank 20000mAh,Electronics,3,1829,5487,CUST-87405,App
UK-2026-104337,2026-06-04,North,Gurugram,Silk Saree,Fashion,3,3541,10623,CUST-73997,App
UK-2026-104739,2026-06-23,South,Kochi,43-inch Smart TV,Electronics,1,24821,24821,CUST-14827,Website
UK-2026-102524,2026-04-18,East,Calcutta,Yoga Mat Pro,Sports,1,1148,1148,CUST-75048,Marketplace
UK-2026-101291,2026-02-21,North,Delhi,Silk Saree,Fashion,2,3354,6708,CUST-46150,Website
UK-2026-100283,2026-01-07,South,Kochi,Eau de Parfum 100ml,Beauty,1,1935,1935,CUST-22066,Website
UK-2026-100891,2026-02-24,West,Mumbai,Badminton Racket Set,Sports,1,2531,2531,CUST-75048,Website
UK-2026-103907,"May 3, 2026",West,Ahmedabad,Air Fryer 5L,Home & Kitchen,1,5525,5525,CUST-25494,Marketplace
UK-2026-104024,2026-06-18,North,Noida,Electric Kettle 1.5L,Home & Kitchen,1,1073,1073,CUST-65502,Website
UK-2026-104556,2026-06-08,North,Chandigarh,Badminton Racket Set,Sports,1,2439,2439,CUST-89620,Website
UK-2026-104503,2026-06-04,North,Gurugram,Ionic Hair Dryer,Beauty,1,1879,1879,CUST-51013,Website
UK-2026-102805,2026-04-15,Central,Bhopal,Mirrorless Camera Lite,Electronics,2,28938,57876,CUST-78638,App
UK-2026-103132,2026-05-24,South,Hyderabad,Running Sneakers,Fashion,1,2792,2792,CUST-38135,Website
UK-2026-102036,2026-03-10,South,Bangalore,Smart Watch X2,Electronics,1,4532,4532,CUST-34826,App
UK-2026-101801,2026-03-27,North,Chandigarh,Ultrabook Air 14,Electronics,1,29071,29071,CUST-53708,Website
UK-2026-104000,2026-05-08,East,Patna,43-inch Smart TV,Electronics,2,26717,53434,CUST-92487,Marketplace
UK-2026-101712,2026-03-26,,Raipur,Ultrabook Air 14,Electronics,1,29692,29692,CUST-87292,App
UK-2026-104055,2026-06-21,East,Kolkata,Smart Watch X2,Electronics,1,4499,4499,CUST-22408,App
UK-2026-100268,2026-01-22,North,Noida,Mixer Grinder 750W,Home & Kitchen,2,3276,6552,CUST-51042,App
UK-2026-103149,2026-05-11,West,Surat,Cotton Kurta Set,Fashion,1,1318,1318,CUST-79129,Website
UK-2026-100785,2026-02-02,South,Kochi,Cotton Kurta Set,Fashion,2,1283,2566,CUST-35570,App
UK-2026-104453,2026-06-09,South,Chennai,Ultrabook Air 14,Electronics,1,30149,30149,CUST-93205,Website
UK-2026-103851,2026-05-28,East,Patna,Power Bank 20000mAh,Electronics,1,1765,1765,CUST-33342,Marketplace
UK-2026-100859,2026-02-07,South,Hyderabad,Ultrabook Air 14,Electronics,1,29732,29732,CUST-14916,Marketplace
UK-2026-100015,2026-01-12,West,Surat,Slim Fit Jeans,Fashion,1,1635,1635,CUST-64126,Website
UK-2026-100103,2026-01-17,South,Hyderabad,Mirrorless Camera Lite,Electronics,1,29551,29551,CUST-91064,Marketplace
UK-2026-101404,2026-02-17,West,Pune,Cotton Bedsheet Set,Home & Kitchen,1,1379,1379,CUST-63265,App
UK-2026-100011,2026-01-19,West,Ahmedabad,Electric Kettle 1.5L,Home & Kitchen,1,1106,1106,CUST-34841,App
UK-2026-104644,2026-06-10,North,Gurugram,Sunscreen SPF50,Beauty,1,560,560,CUST-81063,App
UK-2026-101759,2026-03-05,West,Ahmedabad,Mixer Grinder 750W,Home & Kitchen,1,3414,3414,CUST-22176,App
UK-2026-104657,2026-06-17,North,Delhi,Football Size 5,Sports,2,921,1842,CUST-23680,App
UK-2026-103238,"May 29, 2026",Central,Raipur,Bluetooth Speaker Mini,Electronics,1,1435,1435,CUST-83269,Website
UK-2026-101647,2026-03-13,North,Delhi,Matte Lipstick Set,Beauty,2,929,1858,CUST-99939,App
UK-2026-101861,2026-03-28,North,Noida,Mirrorless Camera Lite,Electronics,1,27671,27671,CUST-53381,App
UK-2026-100566,2026-01-03,West,Bombay,Formal Shirt,Fashion,1,1095,1095,CUST-20628,App
UK-2026-100724,2026-02-13,,Nagpur,Formal Shirt,Fashion,1,1072,1072,CUST-41345,Website
UK-2026-101996,2026-03-18,East,Patna,Noise-Cancelling Headphones,Electronics,2,8646,17292,CUST-24099,App
UK-2026-100492,2026-01-03,Central,Bhopal,Beard Grooming Kit,Beauty,1,975,975,CUST-70941,Website
UK-2026-100112,2026-01-18,North,Chandigarh,Beard Grooming Kit,Beauty,1,1024,1024,CUST-59233,Marketplace
UK-2026-101732,2026-03-23,Central,Bhopal,Bluetooth Speaker Mini,Electronics,1,1445,1445,CUST-88763,App
UK-2026-104802,2026-06-11,North,Delhi,Badminton Racket Set,Sports,3,2611,7833,CUST-21574,App
UK-2026-102719,2026-04-14,South,Hyderabad,Non-Stick Cookware Set,Home & Kitchen,1,2874,2874,CUST-67304,Website
UK-2026-101271,2026-02-28,West,Ahmedabad,Mixer Grinder 750W,Home & Kitchen,1,3168,3168,CUST-24115,Website
UK-2026-104745,2026-06-11,North,Chandigarh,Modern Wall Clock,Home & Kitchen,1,761,761,CUST-39399,Website
UK-2026-103653,2026-05-18,North,Delhi,Yoga Mat Pro,Sports,2,1175,2350,CUST-78928,App
UK-2026-100016,2026-01-06,West,Ahmedabad,Face Wash Combo,Beauty,2,460,920,CUST-81552,App
UK-2026-104986,2026-06-29,North,Chandigarh,Ultrabook Air 14,Electronics,1,28774,,CUST-64992,App
UK-2026-104975,2026-06-21,East,Guwahati,Mirrorless Camera Lite,Electronics,1,29230,29230,CUST-69839,App
UK-2026-102039,2026-03-14,East,Guwahati,Leather Wallet,Fashion,1,930,,CUST-75048,App
UK-2026-103442,2026-05-22,West,Ahmedabad,Formal Shirt,Fashion,1,1132,1132,CUST-83505,App
UK-2026-104534,2026-06-16,West,Mumbai,Robot Vacuum R7,Home & Kitchen,1,18553,18553,CUST-57207,Website
UK-2026-102644,2026-04-14,Central,Nagpur,Cotton Kurta Set,Fashion,2,1354,2708,CUST-14062,App
UK-2026-103378,2026-05-18,East,Kolkata,Gym Gloves,Sports,1,518,518.00,CUST-41346,App
UK-2026-104076,2026-06-16,North,Delhi,Sunscreen SPF50,Beauty,3,540,1620,CUST-83682,App
UK-2026-100109,2026-01-31,North,Gurugram,Makeup Brush Set,Beauty,1,1288,1288,CUST-63536,App
UK-2026-102018,2026-03-26,West,Surat,Foldable Treadmill T2,Sports,1,25148,25148,CUST-20194,Website
UK-2026-100604,2026-01-16,North,Chandigarh,Ethnic Dupatta,Fashion,1,514,514,CUST-62414,App
UK-2026-101071,2026-02-06,South,Chennai,Robot Vacuum R7,Home & Kitchen,4,19441,77764,CUST-40605,Marketplace
UK-2026-101398,2026-02-17,North,Delhi,Noise-Cancelling Headphones,Electronics,4,8767,35068,CUST-11701,Website
UK-2026-104834,2026-06-30,North,Chandigarh,Ethnic Dupatta,Fashion,1,512,512,CUST-20966,Marketplace
UK-2026-104514,2026-06-13,South,Hyderabad,Mixer Grinder 750W,Home & Kitchen,1,3192,3192,CUST-70251,App
UK-2026-102872,2026-04-28,West,Pune,Non-Stick Cookware Set,Home & Kitchen,1,2906,2906,CUST-42390,Website
UK-2026-101490,2026-03-09,North,Gurugram,Air Fryer 5L,Home & Kitchen,1,5498,"5,498.00",CUST-48215,App
UK-2026-101869,2026-03-17,West,Pune,Air Fryer 5L,Home & Kitchen,1,5313,5313,CUST-71615,App
UK-2026-100495,"Jan 16, 2026",North,Delhi,Denim Jacket,Fashion,2,2152,4304,CUST-54182,App
UK-2026-103402,2026-05-31,East,Patna,Badminton Racket Set,Sports,1,2559,2559,CUST-72376,Website
UK-2026-103331,2026-05-16,,Indore,Mirrorless Camera Lite,Electronics,2,29283,58566,CUST-14166,Marketplace
UK-2026-103679,2026-05-20,South,Kochi,Cotton Kurta Set,Fashion,1,1284,1284,CUST-41446,Website
UK-2026-104642,2026-06-28,East,Patna,Noise-Cancelling Headphones,Electronics,2,9100,18200,CUST-49655,Marketplace
UK-2026-100044,2026-01-26,South,Chennai,Foldable Treadmill T2,Sports,1,25341,25341,CUST-24016,Website
UK-2026-101268,2026-02-22,East,Patna,Denim Jacket,Fashion,1,2257,2257,CUST-78931,App
UK-2026-100972,2026-02-16,West,Surat,Air Fryer 5L,Home & Kitchen,2,5384,10768,CUST-73957,Website
UK-2026-102355,2026-04-04,North,Chandigarh,Smart Watch X2,Electronics,1,4352,4352,CUST-65751,App
UK-2026-101876,24/03/2026,South,Chennai,43-inch Smart TV,Electronics,1,26323,26323,CUST-90376,App
UK-2026-100434,2026-01-20,North,Chandigarh,Mirrorless Camera Lite,Electronics,1,29477,29477,CUST-36469,Marketplace
UK-2026-102146,2026-03-26,West,Surat,Adjustable Dumbbells 15kg,Sports,1,4809,4809,CUST-59227,App
UK-2026-102084,2026-03-27,East,Bhubaneswar,43-inch Smart TV,Electronics,1,25065,25065,CUST-39525,App
UK-2026-101422,"Feb 25, 2026",Central,Nagpur,Robot Vacuum R7,Home & Kitchen,2,18130,36260,CUST-39466,Website
UK-2026-102489,2026-04-20,Central,Bhopal,Cycling Helmet,Sports,1,1639,1639,CUST-70251,App
UK-2026-102132,2026-03-07,South,Kochi,Denim Jacket,Fashion,1,2260,2260,CUST-57055,Website
UK-2026-101305,2026-02-03,South,Hyderabad,Adjustable Dumbbells 15kg,Sports,1,5020,5020,CUST-60570,App
UK-2026-101951,2026-03-30,East,Guwahati,Non-Stick Cookware Set,Home & Kitchen,2,3026,"6,052.00",CUST-47724,Website
UK-2026-102441,2026-04-16,West,Mumbai,Noise-Cancelling Headphones,Electronics,1,9402,9402,CUST-85729,Marketplace
UK-2026-100576,2026-01-16,West,Pune,Sunscreen SPF50,Beauty,1,570,570,CUST-36643,App
UK-2026-101258,2026-02-27,West,Ahmedabad,Face Wash Combo,Beauty,2,463,926,CUST-22982,Website
UK-2026-100546,2026-01-16,West,Surat,Wireless Earbuds Pro,Electronics,1,3076,3076,CUST-44151,App
UK-2026-100955,2026-02-21,South,Hyderabad,Silk Saree,Fashion,1,3579,3579,CUST-20161,Website
UK-2026-104765,2026-06-06,East,Guwahati,Bluetooth Speaker Mini,Electronics,1,1566,1566,CUST-44548,Website
UK-2026-104255,2026-06-06,West,Ahmedabad,Bluetooth Speaker Mini,Electronics,1,1453,1453,CUST-55593,Marketplace
UK-2026-102264,2026-04-21,West,Ahmedabad,Air Fryer 5L,Home & Kitchen,2,5360,10720,CUST-57173,App
UK-2026-104299,2026-06-23,North,Noida,Ultrabook Air 14,Electronics,2,31267,62534,CUST-75467,Marketplace
UK-2026-100780,2026-02-11,North,  Delhi,Mixer Grinder 750W,Home & Kitchen,1,3203,3203,CUST-57020,App
UK-2026-104625,2026-06-19,Central,Indore,Cotton Kurta Set,Fashion,1,1249,1249,CUST-98898,Website
UK-2026-104391,2026-06-21,East,Patna,Mirrorless Camera Lite,Electronics,1,29871,29871,CUST-98344,App
UK-2026-100875,"Feb 26, 2026",South,Hyderabad,Running Sneakers,Fashion,1,2760,2760,CUST-35570,App
UK-2026-103035,2026-04-07,East,Patna,Bluetooth Speaker Mini,Electronics,1,1553,1553,CUST-68327,Website
UK-2026-104997,2026-06-23,West,Pune,Silk Saree,Fashion,1,3378,3378,CUST-83063,App
UK-2026-104890,2026-06-21,Central,Raipur,Robot Vacuum R7,Home & Kitchen,2,19615,39230,CUST-90300,App
UK-2026-104800,2026-06-25,South,Chennai,Power Bank 20000mAh,Electronics,1,1774,1774,CUST-53195,App
UK-2026-103725,2026-05-06,South,Hyderabad,Ultrabook Air 14,Electronics,1,28612,28612,CUST-70913,Marketplace
UK-2026-103200,2026-05-11,Central,Raipur,Makeup Brush Set,Beauty,1,1352,1352,CUST-60402,Website
UK-2026-103115,2026-05-19,East,Bhubaneswar,Leather Wallet,Fashion,1,932,932,CUST-11727,Website
UK-2026-101465,2026-03-29,West,Ahmedabad,Noise-Cancelling Headphones,Electronics,1,9110,9110,CUST-94051,Website
UK-2026-100519,2026-01-02,North,Gurugram,Beard Grooming Kit,Beauty,-2,1006,1006,CUST-37320,Website
UK-2026-100360,2026-01-08,South,Bengaluru,Slim Fit Jeans,Fashion,1,1647,1647 INR,CUST-78564,Website
UK-2026-102994,2026-04-29,North,Chandigarh,Smart Watch X2,Electronics,1,4428,4428,CUST-32569,App
UK-2026-103036,2026-04-23,North,Gurugram,Football Size 5,Sports,2,922,1844,CUST-23620,App
UK-2026-100926,2026-02-25,South,Chennai,Power Bank 20000mAh,Electronics,3,1846,5538,CUST-14250,App
UK-2026-104334,2026-06-11,South,Kochi,Adjustable Dumbbells 15kg,Sports,1,5224,5224,CUST-59688,Marketplace
UK-2026-102253,2026-04-13,West,Ahmedabad,Denim Jacket,Fashion,1,2153,2153,CUST-51014,Website
UK-2026-104066,2026-06-29,East,Kolkata,Mirrorless Camera Lite,Electronics,3,28333,84999,CUST-70798,Marketplace
UK-2026-100876,2026-02-09,East,Kolkata,Bluetooth Speaker Mini,Electronics,2,1480,2960,CUST-99661,Website
UK-2026-102174,2026-03-13,South,Bengaluru,Sunscreen SPF50,Beauty,1,559,559,CUST-97687,App
UK-2026-104434,2026-06-06,West,Mumbai,Electric Kettle 1.5L,Home & Kitchen,2,1092,2184,CUST-55532,App
UK-2026-100573,2026-01-04,North,Noida,POWER BANK 20000MAH,Electronics,1,1812,1812,CUST-11729,App
UK-2026-103349,2026-05-11,East,Bhubaneswar,Badminton Racket Set,Sports,1,2382,2382,CUST-38135,Marketplace
UK-2026-101276,2026-02-03,North,Chandigarh,Matte Lipstick Set,Beauty,1,923,923,CUST-95647,App
UK-2026-101007,2026-02-04,South,Chennai,Cricket Bat English Willow,Sports,1,8595,8595,CUST-36432,App
UK-2026-102507,2026-04-21,North,Chandigarh,Mirrorless Camera Lite,Electronics,2,28626,57252,CUST-99211,Marketplace
UK-2026-103707,2026-05-17,South,Hyderabad,Eau de Parfum 100ml,Beauty,1,1913,1913,CUST-77486,App
UK-2026-101538,2026-03-12,Central,Raipur,Bluetooth Speaker Mini,Electronics,2,1516,3032,CUST-84319,Marketplace
UK-2026-101894,2026-03-01,West,Pune,Ultrabook Air 14,Electronics,1,29320,29320,CUST-81385,Website
UK-2026-101133,2026-02-18,East,Kolkata,Ethnic Dupatta,Fashion,1,486,486,CUST-28574,App
UK-2026-102565,2026-04-16,South,Hyderabad,Yoga Mat Pro,Sports,1,1163,1163,CUST-21579,App
UK-2026-103548,2026-05-06,North,Chandigarh,Vitamin C Serum,Beauty,1,675,675,CUST-76955,Website
UK-2026-104707,2026-06-30,West,Ahmedabad,Mixer Grinder 750W,Home & Kitchen,1,3252,3252,CUST-78551,App
UK-2026-101216,2026-02-19,South,Hyderabad,Badminton Racket Set,Sports,1,2393,2393,CUST-26670,Website
UK-2026-101600,2026-03-31,West,Surat,Cricket Bat English Willow,Sports,1,8963,8963,CUST-10609,Website
UK-2026-103175,2026-05-11,West,Surat,Slim Fit Jeans,Fashion,1,1644,1644,CUST-40262,App
UK-2026-102689,2026-04-25,West,Pune,Cricket Bat English Willow,Sports,1,9083,9083,CUST-60180,App
UK-2026-102824,2026-04-29,West,Mumbai,Running Sneakers,Fashion,1,2810,2810,CUST-86015,App
UK-2026-101131,2026-02-10,South,Bengaluru,Mixer Grinder 750W,Home & Kitchen,2,3314,6628,CUST-57527,Website
UK-2026-104848,2026-06-05,North,Gurugram,Makeup Brush Set,Beauty,1,1272,1272,CUST-63600,Marketplace
UK-2026-104424,2026-06-01,East,Kolkata,Cycling Helmet,Sports,1,1648,1648,CUST-74169,Marketplace
UK-2026-101592,13-03-26,South,Hyderabad,Power Bank 20000mAh,Electronics,1,1758,1758,CUST-83239,App
UK-2026-101730,2026-03-02,South,Kochi,Matte Lipstick Set,Beauty,2,904,1808,CUST-32994,App
UK-2026-104115,2026-06-10,West,Ahmedabad,Mirrorless Camera Lite,Electronics,1,30172,30172,CUST-41944,App
UK-2026-101366,2026-02-13,Central,Bhopal,Football Size 5,Sports,2,870,1740,CUST-27388,App
UK-2026-101383,2026-02-20,West,Ahmedabad,Slim Fit Jeans,Fashion,1,1608,1608,CUST-22657,App
UK-2026-101103,2026-02-05,North,Delhi,Ultrabook Air 14,Electronics,3,28613,85839,CUST-91470,App
UK-2026-101984,2026-03-05,Central,Indore,Slim Fit Jeans   ,Fashion,1,1651,1651,CUST-26617,Website
UK-2026-102976,2026-04-23,North,Gurugram,Bluetooth Speaker Mini,Electronics,1,1538,1538,CUST-76160,Website
UK-2026-102281,2026-04-27,South,Bengaluru,Running Sneakers,Fashion,1,2786,2786,CUST-66307,App
UK-2026-103385,2026-05-26,Central,Bhopal,Mixer Grinder 750W,Home & Kitchen,1,3298,3298,CUST-50588,App
UK-2026-101385,2026-02-16,Central,Bhopal,Denim Jacket,Fashion,1,2130,2130,CUST-76721,Website
UK-2026-100063,2026-01-16,West,Mumbai,Slim Fit Jeans,Fashion,2,1669,3338 INR,CUST-49579,Marketplace
UK-2026-102958,2026-04-27,Central,Bhopal,Football Size 5,Sports,1,876,876,CUST-39004,Website
UK-2026-104601,2026-06-27,Central,Nagpur,Adjustable Dumbbells 15kg,Sports,1,5180,5180,CUST-75648,Website
UK-2026-104641,2026-06-10,Central,Bhopal,43-inch Smart TV,Electronics,1,24732,24732,CUST-96460,Website
UK-2026-101839,23/03/2026,North,Delhi,Formal Shirt,Fashion,1,1141,1141,CUST-64804,Marketplace
UK-2026-100424,2026-01-04,West,Pune,Gym Gloves,Sports,1,474,474,CUST-76039,App
UK-2026-103651,2026-05-04,East,Kolkata,Bluetooth Speaker Mini,Electronics,1,1502,1502,CUST-76290,Marketplace
UK-2026-103509,2026-05-24,North,Chandigarh,Mixer Grinder 750W,Home & Kitchen,2,3428,6856,CUST-18107,Website
UK-2026-102137,2026-03-06,North,Noida,Robot Vacuum R7,Home & Kitchen,1,18735,18735,CUST-26808,Website
UK-2026-101421,2026-02-18,East,Guwahati,Mirrorless Camera Lite,Electronics,,28639,28639,CUST-12218,Marketplace
UK-2026-100773,2026-02-18,East,Kolkata,Cotton Bedsheet Set,Home & Kitchen,1,1452,1452,CUST-52535,App
UK-2026-100151,2026-01-06,North,Chandigarh,Denim Jacket,Fashion,1,2234,2234,CUST-12052,App
UK-2026-104963,2026-06-10,North,Noida,Running Sneakers,Fashion,1,2703,2703,CUST-80012,Marketplace
UK-2026-102796,2026-04-11,South,Hyderabad,Smart Watch X2,Electronics,1,4320,4320,CUST-91470,App
UK-2026-104180,2026-06-24,South,Bengaluru,Denim Jacket,Fashion,1,2104,2104,CUST-30789,App
UK-2026-104033,2026-06-03,South,Kochi,Formal Shirt,Fashion,1,1123,1123,CUST-72390,Marketplace
UK-2026-104694,2026-06-08,West,Ahmedabad,Power Bank 20000mAh,Electronics,1,1774,1774,CUST-90984,Marketplace
UK-2026-101034,2026-02-20,North,Noida,Air Fryer 5L,Home & Kitchen,1,5739,5739,CUST-13841,Website
UK-2026-101282,2026-02-20,West,Ahmedabad,Dinner Set 24pc,Home & Kitchen,3,2522,7566,CUST-62258,Website
UK-2026-101926,2026-03-27,South,Chennai,Wireless Earbuds Pro,Electronics,1,2985,2985,CUST-81807,Marketplace
UK-2026-104284,2026-06-04,Central,Raipur,Noise-Cancelling Headphones,Electronics,1,9421,9421,CUST-83338,App
UK-2026-104828,2026-06-04,West,Surat,Face Wash Combo,Beauty,1,442,442,CUST-16124,Marketplace
UK-2026-100628,2026-01-25,East,Kolkata,Slim Fit Jeans,Fashion,1,1559,1559,CUST-89302,Website
UK-2026-101885,2026-03-26,South,Bengaluru,Formal Shirt,Fashion,1,1065,1065,CUST-12613,App
UK-2026-104113,2026-06-06,Central,Bhopal,Power Bank 20000mAh,Electronics,1,1713,,CUST-48188,App
UK-2026-103533,2026-05-12,South,Kochi,Matte Lipstick Set,Beauty,1,877,877,CUST-76039,Website
UK-2026-102590,2026-04-04,West,Mumbai,Running Sneakers,Fashion,1,2860,2860,CUST-39240,App
UK-2026-103156,2026-05-04,West,Pune,Formal Shirt,Fashion,1,1065,1065,CUST-15488,Website
UK-2026-101409,2026-02-15,West,Pune,Noise-Cancelling Headphones,Electronics,1,8668,8668,CUST-15333,Marketplace
UK-2026-103140,2026-05-06,Central,Bhopal,beard grooming kit,Beauty,1,1023,1023,CUST-19921,App
UK-2026-101810,2026-03-16,North,Delhi,Non-Stick Cookware Set,Home & Kitchen,1,2975,2975,CUST-32859,App
UK-2026-100961,2026-02-12,South,Kochi,Running Sneakers,Fashion,3,2688,8064,CUST-74286,Marketplace
UK-2026-103644,2026-05-22,West,Surat,Gym Gloves,Sports,1,500,500,CUST-88525,App
UK-2026-104083,2026-06-12,North,New Delhi,Silk Saree,Fashion,1,3431,3431,CUST-57507,Website
UK-2026-100954,2026-02-25,South,Hyderabad,Gym Gloves,Sports,1,506,506,CUST-50781,Website
UK-2026-103203,2026-05-04,North,Delhi,Gym Gloves,Sports,1,515,515,CUST-77330,Website
UK-2026-104248,2026-06-03,South,Bengaluru,Adjustable Dumbbells 15kg,Sports,1,5132,5132,CUST-99745,Website
UK-2026-100713,2026-01-01,North,Noida,Dinner Set 24pc,Home & Kitchen,1,2491,2491,CUST-33608,App
UK-2026-104205,2026-06-18,South,Kochi,Silk Saree,Fashion,2,3436,6872,CUST-51013,Marketplace
UK-2026-104132,2026-06-02,South,Bengaluru,Mixer Grinder 750W,Home & Kitchen,2,3262,6524,CUST-38211,App
UK-2026-103448,2026-05-06,West,Pune,Air Fryer 5L,Home & Kitchen,2,5514,11028,CUST-76722,Website
UK-2026-101202,2026-02-23,North,Delhi,Face Wash Combo,Beauty,3,447,1341,CUST-92205,Website
UK-2026-103875,2026-05-19,South,Hyderabad,Formal Shirt,Fashion,1,1107,,CUST-80341,Marketplace
UK-2026-101646,2026-03-21,East,Patna,Non-Stick Cookware Set,Home & Kitchen,1,2984,2984,CUST-24438,Website
UK-2026-101124,2026-02-08,North,Chandigarh,Cotton Kurta Set,Fashion,2,1274,2548,CUST-28375,Website
UK-2026-102426,2026-04-08,South,Bengaluru,Eau de Parfum 100ml,Beauty,2,1921,3842,CUST-72940,Marketplace
UK-2026-104838,2026-06-11,South,Bengaluru,Cotton Bedsheet Set,Home & Kitchen,1,1377,1377,CUST-68976,Marketplace
UK-2026-103523,2026-05-05,West,Pune,Electric Kettle 1.5L,Home & Kitchen,2,1125,2250,CUST-89486,App
UK-2026-102141,2026-03-03,South,Madras,Cycling Helmet,Sports,1,1573,1573,CUST-55519,App
UK-2026-104261,2026-06-05,North,Chandigarh,Ultrabook Air 14,Electronics,1,29599,29599,CUST-20721,Marketplace
UK-2026-102830,2026-04-03,North,Chandigarh,Leather Wallet,Fashion,1,903,,CUST-66213,App
UK-2026-101570,2026-03-19,North,Noida,Smart Watch X2,Electronics,2,4581,9162,CUST-42565,App
UK-2026-100584,2026-01-09,West,Ahmedabad,Denim Jacket,Fashion,1,2182,2182,CUST-78168,App
UK-2026-104160,2026-06-11,South,Kochi,Adjustable Dumbbells 15kg,Sports,2,4936,9872,CUST-11236,App
UK-2026-100750,2026-02-06,West,Surat,Smart Watch X2,Electronics,1,4609,4609,CUST-39912,Marketplace
UK-2026-104282,2026-06-02,North,Gurugram,Vitamin C Serum,Beauty,1,684,684,CUST-67019,Website
UK-2026-100991,2026-02-23,East,Guwahati,Badminton Racket Set,Sports,1,2514,2514,CUST-12868,App
UK-2026-102870,2026-04-15,West,Ahmedabad,Mirrorless Camera Lite,Electronics,4,30073,120292,CUST-97805,App
UK-2026-101734,2026-03-16,East,Kolkata,Bluetooth Speaker Mini,Electronics,4,1461,5844,CUST-42740,Website
UK-2026-104939,2026-06-15,North,Gurugram,Ultrabook Air 14,Electronics,4,29818,119272,CUST-87090,Marketplace
UK-2026-101207,2026-02-11,North,Gurugram,Power Bank 20000mAh,Electronics,2,1874,3748,CUST-26781,Website
UK-2026-100871,2026-02-15,West,Ahmedabad,Cotton Bedsheet Set,Home & Kitchen,1,1362,1362,CUST-89116,Website
UK-2026-104931,2026-06-21,Central,Nagpur,Makeup Brush Set,Beauty,1,1360,1360,CUST-98275,Website
UK-2026-103871,2026-05-10,South,Kochi,Ionic Hair Dryer,Beauty,1,1903,1903,CUST-45567,Website
UK-2026-104266,2026-06-12,South,Kochi,Badminton Racket Set,Sports,2,2436,4872,CUST-12868,Marketplace
UK-2026-101347,2026-02-06,North,Noida,Makeup Brush Set,Beauty,1,1337,1337,CUST-89849,App
UK-2026-101109,2026-02-05,East,Kolkata,Electric Kettle 1.5L,Home & Kitchen,2,1069,2138,CUST-62727,Website
UK-2026-103896,2026-05-06,South,Bengaluru,Power Bank 20000mAh,Electronics,1,1849,1849,CUST-87574,App
UK-2026-104649,2026-06-07,West,Mumbai,Modern Wall Clock,Home & Kitchen,-2,790,3160,CUST-58407,App
UK-2026-103427,2026-05-11,North,Noida,Mirrorless Camera Lite,Electronics,2,27819,55638,CUST-80341,App
UK-2026-102062,2026-03-10,South,Bengaluru,Mixer Grinder 750W,Home & Kitchen,2,3167,6334,CUST-35280,Website
UK-2026-102418,2026-04-19,West,Mumbai,Matte Lipstick Set,Beauty,2,886,1772,CUST-74944,App
UK-2026-103694,2026-05-24,North,Noida,Ethnic Dupatta,Fashion,3,519,1557,CUST-56165,App
UK-2026-102628,2026-04-05,South,Kochi,Formal Shirt,Fashion,3,1076,3228,CUST-34911,App
UK-2026-101814,21-03-26,North,Noida,Matte Lipstick Set,Beauty,1,870,870,CUST-91519,App
UK-2026-103759,2026-05-13,North,Chandigarh,43-inch Smart TV,Electronics,,25039,25039,CUST-74793,Website
UK-2026-104402,2026-06-04,North,Chandigarh,Gym Gloves,Sports,1,503,503,CUST-74307,Marketplace
UK-2026-103771,2026-05-14,West,Mumbai,Slim Fit Jeans,Fashion,4,1663,6652,CUST-56801,App
UK-2026-102550,2026-04-06,North,Noida,Bluetooth Speaker Mini,Electronics,1,1537,1537,CUST-28915,Marketplace
UK-2026-104982,2026-06-10,South,Kochi,Mirrorless Camera Lite,Electronics,1,30051,"₹30,051",CUST-44718,Marketplace
UK-2026-102228,2026-03-03,Central,Indore,43-inch Smart TV,Electronics,1,25133,25133,CUST-76039,Marketplace
UK-2026-104803,2026-06-05,South,Kochi,Badminton Racket Set,Sports,2,2526,5052,CUST-49181,Marketplace
UK-2026-104095,2026-06-13,South,Hyderabad,Running Sneakers,Fashion,2,2910,5820,CUST-58700,Marketplace
UK-2026-100328,2026-01-03,North,Delhi,Eau de Parfum 100ml,Beauty,1,2018,2018,CUST-62414,Website
UK-2026-103069,2026-04-10,Central,Indore,Mirrorless Camera Lite,Electronics,1,30338,,CUST-17483,Marketplace
UK-2026-101378,2026-02-20,North,Gurugram,Matte Lipstick Set,Beauty,2,898,1796,CUST-81614,Website
UK-2026-104181,2026-06-01,East,Guwahati,Mirrorless Camera Lite,Electronics,2,30359,60718,CUST-44625,App
UK-2026-104723,2026-06-25,East,Kolkata,Running Sneakers,Fashion,1,2722,2722,CUST-54564,Marketplace
UK-2026-103980,2026-05-07,North,Chandigarh,Bluetooth Speaker Mini,Electronics,1,1482,1482,CUST-63279,Website
UK-2026-101645,2026-03-26,Central,Bhopal,Running Sneakers,Fashion,2,2684,5368,CUST-18057,Website
UK-2026-100383,2026-01-27,South,Kochi,43-inch Smart TV,Electronics,2,26335,52670,CUST-76646,App
UK-2026-101159,2026-02-25,East,Patna,Leather Wallet,Fashion,2,927,1854,CUST-53708,App
UK-2026-103311,2026-05-23,South,Hyderabad,Noise-Cancelling Headphones,Electronics,1,9165,9165,CUST-83239,Website
UK-2026-104646,2026-06-30,Central,Raipur,Air Fryer 5L,Home & Kitchen,1,5337,5337,CUST-58524,Website
UK-2026-102013,2026-03-25,North,Noida,Mixer Grinder 750W,Home & Kitchen,2,3212,6424,CUST-38964,App
UK-2026-100559,2026-01-26,North,Noida,Badminton Racket Set,Sports,1,2406,2406,CUST-33360,Website
UK-2026-100093,2026-01-03,North,Chandigarh,Makeup Brush Set,Beauty,1,1309,1309,CUST-22657,App
UK-2026-102555,2026-04-22,North,Delhi,Bluetooth Speaker Mini,Electronics,1,1483,1483,CUST-90428,App
UK-2026-103629,2026-05-02,,Noida,Ultrabook Air 14,Electronics,1,30013,30013,CUST-40085,Website
UK-2026-101069,2026-02-21,West,Ahmedabad,Power Bank 20000mAh,Electronics,2,1849,3698,CUST-90261,Website
UK-2026-102162,2026-03-21,North,Delhi,Denim Jacket,Fashion,1,2269,2269,CUST-97597,App
UK-2026-102963,2026-04-15,South,Bengaluru,Mirrorless Camera Lite,Electronics,1,29240,29240,CUST-68938,App
UK-2026-104098,2026-06-22,West,Pune,Ionic Hair Dryer,Beauty,1,1830,1830,CUST-11548,App
UK-2026-103981,2026-05-19,West,Mumbai,Noise-Cancelling Headphones,Electronics,4,8764,35056,CUST-93795,Website
UK-2026-102691,2026-04-23,North,Delhi,Foldable Treadmill T2,Sports,1,25359,25359,CUST-13239,Marketplace
UK-2026-100182,2026-01-07,West,Pune,Wireless Earbuds Pro,Electronics,1,3024,3024,CUST-69245,App
UK-2026-103681,03-05-26,West,Mumbai,Modern Wall Clock,Home & Kitchen,2,797,1594,CUST-58481,Website
UK-2026-100334,2026-01-28,North,Gurugram,Makeup Brush Set,Beauty,1,1329,1329,CUST-35493,Website
UK-2026-100557,2026-01-09,Central,Indore,Vitamin C Serum,Beauty,1,725,725,CUST-70319,Marketplace
UK-2026-103649,2026-05-07,North,Delhi,Ultrabook Air 14,Electronics,1,29024,29024,CUST-23327,Website
UK-2026-101568,2026-03-01,West,Surat,Electric Kettle 1.5L,Home & Kitchen,1,1092,1092,CUST-39240,Website
UK-2026-102907,2026-04-02,West,Surat,Smart Watch X2,Electronics,1,4407,4407,CUST-65139,Marketplace
UK-2026-104732,2026-06-07,South,Bengaluru,Slim Fit Jeans,Fashion,1,1573,1573,CUST-60885,Website
UK-2026-104396,2026-06-25,South,Chennai,Denim Jacket,Fashion,2,2206,4412,CUST-83383,Marketplace
UK-2026-101354,2026-02-03,West,Ahmedabad,Ionic Hair Dryer,Beauty,1,1905,1905,CUST-45726,App
UK-2026-101287,2026-02-10,West,Ahmedabad,Gym Gloves,Sports,1,516,516,CUST-17305,Website
UK-2026-104901,2026-06-22,North,Noida,Face Wash Combo,Beauty,1,470,470,CUST-11724,App
UK-2026-104184,2026-06-28,West,Pune,Smart Watch X2,Electronics,1,4415,4415,CUST-38211,Website
UK-2026-101442,2026-02-14,North,Noida,Eau de Parfum 100ml,Beauty,3,2049,6147,CUST-58834,App
UK-2026-100922,2026-02-14,North,Noida,Denim Jacket,Fashion,1,2232,2232,CUST-73091,Marketplace
UK-2026-102155,2026-03-23,North,Chandigarh,Ultrabook Air 14,Electronics,1,30574,30574,CUST-35570,App
UK-2026-101205,2026-02-17,South,Hyderabad,Non-Stick Cookware Set,Home & Kitchen,2,2980,,CUST-32875,Website
UK-2026-102876,2026-04-01,West,Surat,Electric Kettle 1.5L,Home & Kitchen,1,1140,1140,CUST-32875,App
UK-2026-100908,2026-02-16,South,Hyderabad,Cotton Kurta Set,Fashion,1,1304,1304,CUST-70319,Marketplace
UK-2026-104631,"Jun 15, 2026",West,Ahmedabad,Running Sneakers,Fashion,2,2668,5336,CUST-85320,App
UK-2026-100280,2026-01-16,South,Hyderabad,Badminton Racket Set,Sports,1,2617,2617,CUST-87677,Website
UK-2026-102971,2026-04-12,Central,Raipur,Football Size 5,Sports,1,942,942,CUST-32875,Marketplace
UK-2026-102453,2026-04-27,West,Ahmedabad,Slim Fit Jeans,Fashion,,1577,1577,CUST-48848,App
UK-2026-101829,2026-03-14,North,Gurugram,Ionic Hair Dryer,Beauty,1,1942,1942,CUST-11701,App
UK-2026-103116,2026-05-14,South,Bengaluru,Wireless Earbuds Pro,Electronics,3,3025,9075,CUST-14888,Marketplace
UK-2026-100454,2026-01-02,West,Pune,Mixer Grinder 750W,Home & Kitchen,2,3206,6412,CUST-10958,App
UK-2026-104082,2026-06-22,South,Hyderabad,Denim Jacket,Fashion,2,2271,4542,CUST-82435,Marketplace
UK-2026-101160,2026-02-20,South,Hyderabad,Formal Shirt,Fashion,1,1153,1153,CUST-61393,App
UK-2026-101314,2026-02-25,North,Delhi,Slim Fit Jeans,Fashion,1,1547,1547,CUST-51598,App
UK-2026-101494,2026-03-31,South,Hyderabad,43-inch Smart TV,Electronics,1,25585,25585,CUST-33821,App
UK-2026-100060,2026-01-12,South,Chennai,Ethnic Dupatta,Fashion,1,487,487,CUST-56926,App
UK-2026-100736,2026-02-12,West,Ahmedabad,Formal Shirt,Fashion,3,1076,3228,CUST-62727,Website
UK-2026-103326,2026-05-26,West,Surat,43-inch Smart TV,Electronics,2,25339,50678,CUST-86005,App
UK-2026-103543,2026-05-03,East,Patna,Silk Saree,Fashion,1,3406,3406,CUST-62481,App
UK-2026-102117,2026-03-14,South,Chennai,43-inch Smart TV,Electronics,2,27212,54424,CUST-89972,Marketplace
UK-2026-103728,2026-05-26,West,Ahmedabad,Mixer Grinder 750W,Home & Kitchen,4,3380,13520,CUST-69536,App
UK-2026-100739,2026-02-03,South,Kochi,Dinner Set 24pc,Home & Kitchen,1,2434,2434,CUST-88941,App
UK-2026-100925,2026-02-03,South,Chennai,Ultrabook Air 14,Electronics,1,29264,29264,CUST-15713,App
UK-2026-101119,2026-02-25,Central,Bhopal,Noise-Cancelling Headphones,Electronics,1,8721,8721,CUST-50235,Marketplace
UK-2026-102535,2026-04-14,South,Bangalore,43-inch Smart TV,Electronics,1,27157,27157,CUST-12083,Website
UK-2026-103610,2026-05-27,West,Mumbai,Robot Vacuum R7,Home & Kitchen,3,18881,56643,CUST-77486,Website
UK-2026-103826,2026-05-17,North,Gurugram,Mixer Grinder 750W,Home & Kitchen,1,3278,3278,CUST-37813,Website
UK-2026-104175,2026-06-11,South,Kochi,Ultrabook Air 14,Electronics,1,30092,30092,CUST-36764,Website
UK-2026-104264,2026-06-23,North,Gurugram,Robot Vacuum R7,Home & Kitchen,1,18791,18791,CUST-83234,Marketplace
UK-2026-102231,2026-03-24,East,Patna,Dinner Set 24pc,Home & Kitchen,1,2604,"₹2,604",CUST-73416,App
UK-2026-102287,2026-04-19,South,Cochin,Adjustable Dumbbells 15kg,Sports,1,4934,4934,CUST-27388,Marketplace
UK-2026-101666,2026-03-01,Central,Bhopal,Wireless Earbuds Pro,Electronics,1,3111,3111,CUST-60402,Marketplace
UK-2026-101651,2026-03-18,West,Mumbai,Badminton Racket Set,Sports,1,2418,2418,CUST-43963,Website
UK-2026-102167,2026-03-12,East,Guwahati,Mirrorless Camera Lite,Electronics,2,29810,59620,CUST-57131,Website
UK-2026-102980,2026-04-16,South,Kochi,Cycling Helmet,Sports,2,1641,3282,CUST-11619,Marketplace
UK-2026-102585,2026-04-18,West,Surat,Adjustable Dumbbells 15kg,Sports,1,4809,4809,CUST-52535,Website
UK-2026-100127,2026-01-28,West,Mumbai,Ethnic Dupatta,Fashion,1,516,516,CUST-19221,Website
UK-2026-103249,2026-05-12,South,Hyderabad,Running Sneakers,Fashion,1,2724,2724,CUST-94883,App
UK-2026-101833,2026-03-31,East,Patna,Yoga Mat Pro,Sports,1,1143,"1,143.00",CUST-24016,App
UK-2026-102769,2026-04-29,South,Bengaluru,Yoga Mat Pro,Sports,1,1143,1143,CUST-57670,Website
UK-2026-100226,2026-01-25,Central,Nagpur,Silk Saree,Fashion,1,3548,3548,CUST-91942,App
UK-2026-104491,2026-06-02,West,Ahmedabad,Noise-Cancelling Headphones,Electronics,2,9418,18836,CUST-93825,App
UK-2026-100901,2026-02-24,South,Hyderabad,Yoga Mat Pro,Sports,2,1148,2296,CUST-66725,Website
UK-2026-102936,2026-04-20,North,Delhi,Power Bank 20000mAh,Electronics,1,1770,1770,CUST-12761,App
UK-2026-101539,2026-03-15,South,BLR,Wireless Earbuds Pro,Electronics,2,3080,6160,CUST-44725,Marketplace
UK-2026-102267,2026-04-03,West,Pune,Sunscreen SPF50,Beauty,1,566,,CUST-36923,Website
UK-2026-100111,2026-01-27,East,Kolkata,Bluetooth Speaker Mini,Electronics,1,1464,1464,CUST-18461,Marketplace
UK-2026-101808,2026-03-03,South,Kochi,Cricket Bat English Willow,Sports,1,8968,8968,CUST-37237,App
UK-2026-101648,2026-03-27,West,Mumbai,Smart Watch X2,Electronics,1,4522,4522,CUST-62152,Website
UK-2026-100502,2026-01-03,Central,Nagpur,Ultrabook Air 14,Electronics,2,29937,59874,CUST-66307,Website
UK-2026-104815,2026-06-07,West,Pune,Foldable Treadmill T2,Sports,1,24496,24496,CUST-43990,App
UK-2026-101576,2026-03-03,Central,Indore,Mixer Grinder 750W,Home & Kitchen,2,3333,6666,CUST-19683,Website
UK-2026-102093,2026-03-15,South,Bengaluru,Cycling Helmet,Sports,1,1657,1657,CUST-21641,App
UK-2026-101089,2026-02-15,West,Ahmedabad,Running Sneakers,Fashion,2,2706,5412,CUST-55519,App
UK-2026-103455,2026-05-25,East,Bhubaneswar,Silk Saree,Fashion,3,3562,10686,CUST-77094,Website
UK-2026-100485,2026-01-09,South,Hyderabad,Makeup Brush Set,Beauty,2,1255,2510,CUST-50689,App
UK-2026-103785,2026-05-14,North,Chandigarh,Noise-Cancelling Headphones,Electronics,2,8810,17620,CUST-87541,App
UK-2026-103258,2026-05-23,South,Madras,Modern Wall Clock,Home & Kitchen,1,761,761,CUST-27949,App
UK-2026-104655,2026-06-08,East,Patna,Noise-Cancelling Headphones,Electronics,4,8750,35000,CUST-68728,App
UK-2026-103904,2026-05-04,West,Surat,Matte Lipstick Set,Beauty,1,898,898,CUST-64514,App
UK-2026-102965,2026-04-24,South,Bengaluru,Yoga Mat Pro,Sports,1,1155,1155,CUST-27374,App
UK-2026-102509,14-04-26,West,Mumbai,Adjustable Dumbbells 15kg,Sports,2,4767,9534,CUST-92205,Website
UK-2026-103643,2026-05-27,North,Noida,Cycling Helmet,Sports,2,1534,3068,CUST-74477,Marketplace
UK-2026-102636,2026-04-19,North,Gurugram,Non-Stick Cookware Set,Home & Kitchen,1,3011,3011,CUST-57020,Website
UK-2026-104366,2026-06-21,South,Hyderabad,Air Fryer 5L,Home & Kitchen,2,5599,11198,CUST-78158,Marketplace
UK-2026-101388,2026-02-09,West,Surat,Bluetooth Speaker Mini,Electronics,-1,1496,1496,CUST-37608,App
UK-2026-102584,2026-04-30,South,Cochin,Non-Stick Cookware Set,Home & Kitchen,1,2776,2776,CUST-79156,Marketplace
UK-2026-102499,2026-04-13,South,Hyderabad,Yoga Mat Pro,Sports,,1208,1208,CUST-54269,App
UK-2026-104808,2026-06-29,South,Chennai,Eau de Parfum 100ml,Beauty,1,2017,2017,CUST-88342,Website
UK-2026-101140,2026-02-11,South,Madras,Ionic Hair Dryer,Beauty,1,1897,1897,CUST-15811,App
UK-2026-103938,2026-05-13,West,Pune,Yoga Mat Pro,Sports,2,1199,2398,CUST-22832,App
UK-2026-104599,2026-06-12,West,Ahmedabad,Matte Lipstick Set,Beauty,2,927,1854,CUST-62152,Website
UK-2026-104823,2026-06-10,West,Mumbai,Ultrabook Air 14,Electronics,1,28503,28503,CUST-67763,App
UK-2026-102384,2026-04-04,South,Bengaluru,Smart Watch X2,Electronics,2,4547,9094,CUST-98968,App
UK-2026-102485,2026-04-06,South,Bengaluru,Beard Grooming Kit,Beauty,1,974,974,CUST-13694,Website
UK-2026-104794,2026-06-30,North,Gurugram,Wireless Earbuds Pro,Electronics,2,2921,5842,CUST-41346,App
UK-2026-104502,2026-06-01,Central,Bhopal,Adjustable Dumbbells 15kg,Sports,1,5194,5194,CUST-93780,App
UK-2026-101781,2026-03-20,West,Ahmedabad,43-inch Smart TV,Electronics,1,26413,26413,CUST-27877,Website
UK-2026-104157,2026-06-17,East,Guwahati,Cotton Kurta Set,Fashion,1,1301,1301,CUST-67944,Website
UK-2026-100336,2026-01-16,North,Noida,Sunscreen SPF50,Beauty,1,571,571,CUST-16124,App
UK-2026-100328,2026-01-03,North,Delhi,Eau de Parfum 100ml,Beauty,1,2018,2018,CUST-62414,Website
UK-2026-100174,2026-01-22,East,Guwahati,Face Wash Combo,Beauty,1,457,457,CUST-51354,Marketplace
UK-2026-102338,2026-04-24,West,Pune,Vitamin C Serum,Beauty,1,683,683,CUST-71453,Website
UK-2026-100645,2026-01-22,West,Surat,Robot Vacuum R7,Home & Kitchen,1,19346,19346,CUST-17013,App
UK-2026-104793,2026-06-11,Central,Indore,Running Sneakers,Fashion,1,2803,2803,CUST-96196,App
UK-2026-100086,2026-01-05,East,Kolkata,Noise-Cancelling Headphones,Electronics,1,8758,8758,CUST-86951,App
UK-2026-100937,2026-02-14,South,Chennai,Leather Wallet,Fashion,1,862,862,CUST-84595,App
UK-2026-102345,2026-04-29,North,Gurugram,Air Fryer 5L,Home & Kitchen,1,5230,5230,CUST-73063,App
UK-2026-100712,2026-01-13,South,Chennai,Mixer Grinder 750W,Home & Kitchen,1,3359,3359,CUST-85770,Marketplace
UK-2026-104275,2026-06-08,West,Mumbai,Ionic Hair Dryer,Beauty,1,1934,1934,CUST-36080,Marketplace
UK-2026-103463,2026-05-23,South,Bengaluru,Bluetooth Speaker Mini,Electronics,1,1463,1463,CUST-61447,Marketplace
UK-2026-100827,2026-02-27,West,Surat,Silk Saree,Fashion,2,3395,6790,CUST-14918,App
UK-2026-102790,2026-04-10,South,Hyderabad,Formal Shirt,Fashion,1,1116,1116,CUST-18773,Website
UK-2026-100149,2026-01-23,East,Bhubaneswar,Cotton Kurta Set,Fashion,1,1259,1259,CUST-66451,App
UK-2026-104153,2026-06-10,South,Bengaluru,Smart Watch X2,Electronics,1,4649,4649,CUST-32295,App
UK-2026-104267,2026-06-10,North,Gurugram,43-inch Smart TV,Electronics,1,26730,26730,CUST-85770,Marketplace
UK-2026-102765,2026-04-16,South,Hyderabad,43-inch Smart TV,Electronics,1,26425,26425,CUST-21099,Marketplace
UK-2026-103657,2026-05-01,North,Gurugram,Vitamin C Serum,Beauty,1,682,682,CUST-67547,App
UK-2026-100422,2026-01-14,West,Mumbai,Yoga Mat Pro,Sports,1,1169,1169,CUST-48692,App
UK-2026-104779,2026-06-28,South,Chennai,Matte Lipstick Set,Beauty,1,920,920,CUST-70726,App
UK-2026-101991,2026-03-06,West,Ahmedabad,Eau de Parfum 100ml,Beauty,2,1995,3990,CUST-80225,App
UK-2026-104780,2026-06-26,West,Pune,Foldable Treadmill T2,Sports,3,25531,76593,CUST-41697,Marketplace
UK-2026-102323,2026-04-25,East,Bhubaneswar,EAU DE PARFUM 100ML,Beauty,2,1915,3830,CUST-96459,App
UK-2026-101270,2026-02-27,South,Bengaluru,Cricket Bat English Willow,Sports,2,9169,18338,CUST-65523,App
UK-2026-103817,2026-05-10,North,Gurugram,Face Wash Combo,Beauty,1,429,429,CUST-22340,App
UK-2026-100128,2026-01-15,North,Delhi,Ethnic Dupatta,Fashion,2,480,960,CUST-38454,App
UK-2026-102223,2026-03-05,South,Hyderabad,Non-Stick Cookware Set,Home & Kitchen,1,3024,3024,CUST-69042,App
UK-2026-104059,2026-06-06,Central,Bhopal,Adjustable Dumbbells 15kg,Sports,1,4811,4811,CUST-65788,App
UK-2026-102061,2026-03-17,South,Chennai,Matte Lipstick Set,Beauty,1,869,869,CUST-43484,App
UK-2026-102217,2026-03-07,North,Delhi,Foldable Treadmill T2,Sports,2,24440,48880,CUST-22982,Website
UK-2026-100361,2026-01-30,South,Chennai,Modern Wall Clock,Home & Kitchen,1,829,829,CUST-20966,Marketplace
UK-2026-100537,06/01/2026,North,Gurugram,Wireless Earbuds Pro,Electronics,1,3120,3120,CUST-99563,Marketplace
UK-2026-104870,2026-06-03,South,Chennai,Cricket Bat English Willow,Sports,2,9427,18854,CUST-50279,Website
UK-2026-100957,2026-02-14,North,Chandigarh,Leather Wallet,Fashion,1,894,894,CUST-12095,App
UK-2026-102194,2026-03-20,South,Hyderabad,Matte Lipstick Set,Beauty,3,914,2742,CUST-54229,App
UK-2026-104244,2026-06-15,East,Guwahati,Power Bank 20000mAh,Electronics,1,1757,1757,CUST-46889,Marketplace
UK-2026-103293,2026-05-23,West,Mumbai,Football Size 5,Sports,1,907,907,CUST-82153,Marketplace
UK-2026-101175,2026-02-22,West,Surat,Dinner Set 24pc,Home & Kitchen,3,2395,7185,CUST-25793,Website
UK-2026-104242,2026-06-24,South,Hyderabad,Makeup Brush Set,Beauty,,1310,1310,CUST-56193,Marketplace
UK-2026-100185,2026-01-31,West,Pune,Denim Jacket,Fashion,2,2288,4576,CUST-87064,Website
UK-2026-100279,2026-01-25,South,Hyderabad,Gym Gloves,Sports,1,487,487,CUST-36155,App
UK-2026-103147,"May 20, 2026",West,Surat,Makeup Brush Set,Beauty,1,1259,1259,CUST-25889,App
UK-2026-100889,2026-02-02,North,Gurugram,Silk Saree,Fashion,1,3593,3593,CUST-57055,Website
UK-2026-102025,2026-03-12,West,Ahmedabad,dinner set 24pc,Home & Kitchen,1,2394,2394,CUST-27050,App
UK-2026-104701,2026-06-10,South,Bengaluru,Robot Vacuum R7,Home & Kitchen,1,18068,18068,CUST-20347,App
UK-2026-100420,2026-01-20,South,Hyderabad,Formal Shirt,Fashion,1,1077,1077,CUST-68821,App
UK-2026-101171,2026-02-26,West,Mumbai,Electric Kettle 1.5L,Home & Kitchen,1,1108,1108,CUST-11619,Marketplace
UK-2026-101168,2026-02-27,North,Gurugram,Makeup Brush Set,Beauty,1,1254,1254,CUST-81876,Website
UK-2026-103210,2026-05-20,South,Kochi,Wireless Earbuds Pro,Electronics,1,2993,2993,CUST-34648,App
UK-2026-104876,2026-06-17,North,Gurugram,Mirrorless Camera Lite,Electronics,2,28500,57000,CUST-42497,App
UK-2026-100155,2026-01-27,North,Chandigarh,Air Fryer 5L,Home & Kitchen,1,5287,5287,CUST-65751,Website
UK-2026-103511,"May 21, 2026",South,Bengaluru,Dinner Set 24pc,Home & Kitchen,1,2390,2390,CUST-30205,App
UK-2026-102738,2026-04-12,South,Bengaluru,Denim Jacket,Fashion,1,2110,2110,CUST-76764,Website
UK-2026-102780,2026-04-14,East,Guwahati,Air Fryer 5L,Home & Kitchen,1,5262,5262,CUST-66904,Website
UK-2026-102518,2026-04-28,South,Hyderabad,Robot Vacuum R7,Home & Kitchen,2,18970,37940,CUST-88958,Website
UK-2026-100183,2026-01-10,North,Delhi,Slim Fit Jeans,Fashion,1,1672,1672,CUST-92051,App
UK-2026-101025,2026-02-18,West,Surat,Eau de Parfum 100ml,Beauty,4,2097,8388,CUST-58524,App
UK-2026-103886,2026-05-06,Central,Nagpur,DINNER SET 24PC,Home & Kitchen,1,2621,2621,CUST-62056,App
UK-2026-103551,2026-05-14,North,Gurugram,Football Size 5,Sports,1,907,907,CUST-77309,Website
UK-2026-102230,2026-03-28,South,Kochi,Eau de Parfum 100ml,Beauty,2,2099,4198,CUST-34398,Website
UK-2026-103080,2026-04-11,,Bhopal,Denim Jacket,Fashion,1,2188,2188,CUST-97834,App
UK-2026-103141,2026-05-13,North,Chandigarh,Vitamin C Serum,Beauty,2,714,1428,CUST-96908,App
UK-2026-102335,2026-04-21,East,Kolkata,Power Bank 20000mAh,Electronics,1,1720,1720,CUST-45567,Marketplace
UK-2026-102153,2026-03-31,North,Chandigarh,Wireless Earbuds Pro,Electronics,1,3088,3088,CUST-79427,Website
UK-2026-102985,2026-04-11,West,Surat,Matte Lipstick Set,Beauty,1,909,909,CUST-58834,Website
UK-2026-104012,2026-05-26,Central,Bhopal,43-inch Smart TV,Electronics,1,25143,25143,CUST-43741,Marketplace
UK-2026-102537,2026-04-29,Central,Raipur,Wireless Earbuds Pro,Electronics,1,2970,2970,CUST-85968,Website
UK-2026-102548,2026-04-01,Central,Indore,Silk Saree,Fashion,2,3654,7308,CUST-22957,Marketplace
UK-2026-104199,2026-06-09,West,Mumbai,Sunscreen SPF50,Beauty,2,542,1084,CUST-39399,Website
UK-2026-103092,2026-05-30,North,Noida,Smart Watch X2,Electronics,1,4296,4296,CUST-85770,Marketplace
UK-2026-103104,2026-05-06,East,Patna,Modern Wall Clock,Home & Kitchen,1,823,823,CUST-69245,App
UK-2026-102547,2026-04-18,North,Gurugram,Foldable Treadmill T2,Sports,1,24226,24226,CUST-85585,App
UK-2026-103769,2026-05-16,North,Noida,Mirrorless Camera Lite,Electronics,1,29718,29718,CUST-38211,Marketplace
UK-2026-104463,2026-06-01,North,Chandigarh,Wireless Earbuds Pro,Electronics,1,2861,2861,CUST-13087,App
UK-2026-100960,2026-02-18,West,Mumbai,Mixer Grinder 750W,Home & Kitchen,2,3301,6602,CUST-69798,App
UK-2026-102966,2026-04-24,Central,Raipur,Wireless Earbuds Pro,Electronics,2,2856,5712,CUST-66369,App
UK-2026-103419,2026-05-16,North,Gurugram,Bluetooth Speaker Mini,Electronics,2,1561,3122,CUST-23331,App
UK-2026-101298,2026-02-26,West,Ahmedabad,Mirrorless Camera Lite,Electronics,-2,29458,29458,CUST-61482,Marketplace
UK-2026-101607,2026-03-08,South,BLR,Mixer Grinder 750W,Home & Kitchen,1,3329,3329,CUST-50781,Website
UK-2026-104858,2026-06-15,North,Gurugram,Modern Wall Clock,Home & Kitchen,1,833,833,CUST-35929,Website
UK-2026-101875,"Mar 12, 2026",West,Pune,Running Sneakers,Fashion,1,2896,2896,CUST-58407,App
UK-2026-100342,2026-01-02,Central,Bhopal,Cotton Bedsheet Set,Home & Kitchen,3,1336,4008,CUST-45231,Website
UK-2026-104094,2026-06-10,West,Ahmedabad,Sunscreen SPF50,Beauty,2,572,1144,CUST-23045,App
UK-2026-102314,2026-04-10,South,Kochi,Matte Lipstick Set,Beauty,2,909,1818,CUST-21574,App
UK-2026-101444,2026-02-28,East,Patna,Leather Wallet,Fashion,1,874,874,CUST-23327,Marketplace
UK-2026-103400,2026-05-28,East,Bhubaneswar,  Cotton Kurta Set,Fashion,3,1360,4080,CUST-74779,Website
UK-2026-104705,2026-06-30,West,Ahmedabad,Non-Stick Cookware Set,Home & Kitchen,4,2794,11176,CUST-69993,Marketplace
UK-2026-102583,2026-04-17,East,Patna,Slim Fit Jeans,Fashion,1,1623,1623,CUST-53325,Website
UK-2026-104454,2026-06-23,West,Surat,Silk Saree,Fashion,1,3661,3661,CUST-14229,Website
UK-2026-100399,2026-01-30,South,Bengaluru,Ethnic Dupatta,Fashion,1,474,474,CUST-71052,Website
UK-2026-102730,2026-04-22,Central,Nagpur,Silk Saree,Fashion,1,3492,3492,CUST-43219,Marketplace
UK-2026-101194,2026-02-01,South,Kochi,43-inch Smart TV,Electronics,1,24887,24887,CUST-22832,Marketplace
UK-2026-101845,2026-03-23,East,Guwahati,Gym Gloves,Sports,1,476,476,CUST-47299,App
UK-2026-104696,2026-06-12,North,Gurugram,Wireless Earbuds Pro,Electronics,1,2878,2878,CUST-80341,App
UK-2026-101255,2026-02-03,South,Bengaluru,Cycling Helmet,Sports,1,1628,1628,CUST-35929,App
UK-2026-100212,2026-01-06,North,Noida,Cricket Bat English Willow,Sports,1,8819,8819,CUST-87405,App
UK-2026-103377,2026-05-06,North,Gurugram,Modern Wall Clock,Home & Kitchen,2,797,1594,CUST-81063,Website
UK-2026-100315,2026-01-14,South,Chennai,Face Wash Combo,Beauty,1,454,454,CUST-82499,Website
UK-2026-101340,2026-02-04,North,Gurugram,Gym Gloves,Sports,2,503,1006,CUST-15300,App
UK-2026-101003,2026-02-14,South,Kochi,Vitamin C Serum,Beauty,1,723,723,CUST-42358,App
UK-2026-102618,2026-04-12,East,Guwahati,Yoga Mat Pro,Sports,1,1147,1147,CUST-96703,App
UK-2026-101150,2026-02-11,South,Hyderabad,Dinner Set 24pc,Home & Kitchen,1,2588,2588,CUST-59140,App
UK-2026-100010,2026-01-08,North,Gurugram,Smart Watch X2,Electronics,1,4321,4321,CUST-47956,Website
UK-2026-104886,2026-06-03,West,Ahmedabad,Ethnic Dupatta,Fashion,2,485,970,CUST-87897,App
UK-2026-102051,2026-03-15,North,Chandigarh,Mixer Grinder 750W,Home & Kitchen,1,3219,3219,CUST-80702,App
UK-2026-103131,2026-05-20,East,Kolkata,Non-Stick Cookware Set,Home & Kitchen,1,2827,2827,CUST-85177,App
UK-2026-100397,2026-01-05,West,Pune,Denim Jacket,Fashion,1,2119,2119,CUST-80928,App
UK-2026-101906,2026-03-30,East,Patna,Electric Kettle 1.5L,Home & Kitchen,2,1075,2150,CUST-46262,Marketplace
UK-2026-101659,2026-03-30,North,Delhi,  Formal Shirt,Fashion,1,1137,1137,CUST-74498,Marketplace
UK-2026-103174,2026-05-18,South,Chennai,Ethnic Dupatta,Fashion,1,489,489,CUST-67763,Website
UK-2026-103076,2026-04-13,South,Kochi,43-inch Smart TV,Electronics,1,27213,27213,CUST-34088,App
UK-2026-102993,2026-04-25,North,Noida,Ionic Hair Dryer,Beauty,1,1842,1842,CUST-43806,Website
UK-2026-104416,2026-06-08,South,Hyderabad,Foldable Treadmill T2,Sports,2,26124,52248,CUST-89302,App
UK-2026-103388,2026-05-15,South,Hyderabad,Badminton Racket Set,Sports,2,2379,4758,CUST-40826,Marketplace
UK-2026-104107,2026-06-20,North,Noida,Ethnic Dupatta,Fashion,2,517,1034,CUST-81504,App
UK-2026-103819,2026-05-06,South,Hyderabad,Noise-Cancelling Headphones,Electronics,1,8667,8667,CUST-56533,Marketplace
UK-2026-103984,2026-05-24,West,Surat,Bluetooth Speaker Mini,Electronics,2,1522,3044,CUST-50546,Website
UK-2026-103746,2026-05-17,West,Ahmedabad,Formal Shirt,Fashion,1,1046,1046,CUST-28340,App
UK-2026-104522,2026-06-22,North,Chandigarh,Ultrabook Air 14,Electronics,1,29360,29360,CUST-38964,Marketplace
UK-2026-102668,2026-04-03,West,Mumbai,Sunscreen SPF50,Beauty,2,524,1048,CUST-39070,App
UK-2026-103945,2026-05-01,East,Patna,Formal Shirt,Fashion,4,1110,4440,CUST-89310,Website
UK-2026-101244,2026-02-05,West,Ahmedabad,Cycling Helmet,Sports,1,1567,1567,CUST-61961,Website
UK-2026-101662,2026-03-28,North,Gurugram,Cotton Kurta Set,Fashion,1,1313,1313,CUST-16483,Website
UK-2026-100577,2026-01-20,South,Hyderabad,Matte Lipstick Set,Beauty,4,866,3464,CUST-49767,Website
UK-2026-102948,2026-04-18,South,Kochi,Eau de Parfum 100ml,Beauty,2,1950,3900,CUST-69072,Website
UK-2026-104006,2026-05-27,East,Guwahati,Beard Grooming Kit,Beauty,1,1007,1007,CUST-12800,Website
UK-2026-101735,2026-03-27,North,Noida,Noise-Cancelling Headphones,Electronics,1,8608,8608,CUST-43056,Website
UK-2026-104936,2026-06-21,South,Chennai,Robot Vacuum R7,Home & Kitchen,1,18248,18248,CUST-78574,App
UK-2026-104729,2026-06-26,West,Pune,Football Size 5,Sports,1,854,854,CUST-36643,App
UK-2026-101184,2026-02-05,North,Noida,Formal Shirt,Fashion,1,1121,1121,CUST-53765,Marketplace
UK-2026-100419,2026-01-18,East,Calcutta,Formal Shirt,Fashion,1,1070,1070,CUST-62163,App
UK-2026-100480,2026-01-07,North,Delhi,Bluetooth Speaker Mini,Electronics,1,1526,1526,CUST-71021,Website
UK-2026-100055,2026-01-06,South,Hyderabad,Sunscreen SPF50,Beauty,1,546,546,CUST-56364,App
UK-2026-100949,2026-02-16,West,Mumbai,Modern Wall Clock,Home & Kitchen,1,790,790,CUST-17269,Website
UK-2026-101964,2026-03-11,South,Chennai,Non-Stick Cookware Set,Home & Kitchen,1,2813,2813,CUST-67849,App
UK-2026-104364,2026-06-25,East,Calcutta,Running Sneakers,Fashion,1,2861,2861,CUST-39326,Website
UK-2026-101765,2026-03-30,South,Chennai   ,Dinner Set 24pc,Home & Kitchen,2,2589,5178,CUST-83980,App
UK-2026-101708,2026-03-09,West,Mumbai,Cotton Kurta Set,Fashion,4,1324,5296,CUST-82902,Website
UK-2026-102945,2026-04-09,West,Surat,Makeup Brush Set,Beauty,1,1241,1241,CUST-61011,Marketplace
UK-2026-101019,2026-02-10,North,Noida,Eau de Parfum 100ml,Beauty,1,1909,1909,CUST-16201,App
UK-2026-101631,2026-03-15,East,Patna,Running Sneakers,Fashion,1,2770,2770,CUST-92870,App
UK-2026-102637,2026-04-15,South,Chennai,Foldable Treadmill T2,Sports,1,24435,24435,CUST-71615,Marketplace
UK-2026-103135,2026-05-01,West,Ahmedabad,Badminton Racket Set,Sports,2,2620,5240,CUST-59094,App
UK-2026-102152,31-03-26,South,Kochi,Running Sneakers,Fashion,3,2796,8388,CUST-95761,App
UK-2026-104916,2026-06-24,Central,Raipur,Mixer Grinder 750W,Home & Kitchen,1,3291,3291,CUST-87605,App
UK-2026-101079,2026-02-23,West,Mumbai,Robot Vacuum R7,Home & Kitchen,1,18813,18813,CUST-56739,App
UK-2026-103047,2026-04-12,South,Hyderabad,Ethnic Dupatta,Fashion,1,504,504,CUST-56364,Website
UK-2026-101860,"Mar 21, 2026",North,Noida,Cricket Bat English Willow,Sports,1,9148,9148,CUST-22630,Website
UK-2026-102578,2026-04-19,West,Mumbai,Wireless Earbuds Pro,Electronics,2,3093,6186,CUST-63536,Marketplace
UK-2026-102135,2026-03-11,West,Pune,Running Sneakers,Fashion,2,2843,5686,CUST-67849,App
UK-2026-100106,2026-01-09,North,Delhi,Non-Stick Cookware Set,Home & Kitchen,1,2999,2999,CUST-60180,App
UK-2026-101613,2026-03-27,,Ahmedabad,Denim Jacket,Fashion,2,2150,4300,CUST-87405,App
UK-2026-101702,2026-03-13,South,Chennai,Non-Stick Cookware Set,Home & Kitchen,1,2799,2799,CUST-40605,App
UK-2026-101148,2026-02-14,West,Pune,Ethnic Dupatta,Fashion,1,483,483,CUST-92820,App
UK-2026-103671,2026-05-30,South,Kochi,Eau de Parfum 100ml,Beauty,1,1957,1957,CUST-41345,Marketplace
UK-2026-101769,2026-03-24,South,Chennai,Adjustable Dumbbells 15kg,Sports,1,4963,4963,CUST-10975,Website
UK-2026-103704,2026-05-31,East,BHUBANESWAR,Dinner Set 24pc,Home & Kitchen,1,2453,2453,CUST-81843,Website
UK-2026-104573,2026-06-30,North,Delhi,Foldable Treadmill T2,Sports,4,26074,104296,CUST-80714,Website
UK-2026-100107,2026-01-15,Central,Nagpur,Cotton Bedsheet Set,Home & Kitchen,1,1460,1460,CUST-95685,Website
UK-2026-100945,2026-02-04,South,Bengaluru,Formal Shirt,Fashion,2,1154,2308,CUST-45866,Website
UK-2026-101737,2026-03-20,Central,Indore,Mirrorless Camera Lite,Electronics,4,29511,,CUST-12218,Marketplace
UK-2026-103459,2026-05-22,North,Gurugram,Ethnic Dupatta,Fashion,2,519,1038,CUST-43484,Marketplace
UK-2026-101574,2026-03-31,West,Surat,Ethnic Dupatta,Fashion,1,500,500,CUST-59405,App
UK-2026-103211,2026-05-26,West,Pune,Air Fryer 5L,Home & Kitchen,1,5318,5318,CUST-93004,App
UK-2026-102737,2026-04-16,Central,Nagpur,Matte Lipstick Set,Beauty,1,906,906,CUST-95347,App
UK-2026-104558,2026-06-27,South,Hyderabad,Leather Wallet,Fashion,2,915,1830,CUST-84595,App
UK-2026-101023,2026-02-17,Central,Raipur,43-inch Smart TV,Electronics,1,25342,25342,CUST-39525,Website
UK-2026-103839,2026-05-24,Central,Nagpur,Cotton Bedsheet Set,Home & Kitchen,2,1351,2702,CUST-89773,App
UK-2026-100329,2026-01-26,West,Mumbai,43-inch Smart TV,Electronics,1,24794,24794,CUST-74195,Website
UK-2026-104495,"Jun 1, 2026",Central,Raipur,Football Size 5,Sports,1,942,942,CUST-43700,App
UK-2026-104057,2026-06-02,South,Kochi,Cotton Kurta Set,Fashion,2,1283,2566,CUST-91084,Marketplace
UK-2026-102420,2026-04-24,West,Pune,Smart Watch X2,Electronics,1,4335,4335,CUST-73997,App
UK-2026-100816,2026-02-20,West,Pune,Running Sneakers   ,Fashion,3,2849,8547,CUST-82435,App
UK-2026-102998,2026-04-13,North,Chandigarh,Eau de Parfum 100ml,Beauty,1,1956,1956,CUST-72393,App
UK-2026-103926,2026-05-15,West,Mumbai,Ethnic Dupatta,Fashion,1,507,507,CUST-74201,App
UK-2026-103117,2026-05-19,West,Surat,Gym Gloves,Sports,1,492,492,CUST-53089,Website
UK-2026-102654,2026-04-30,West,Ahmedabad,Formal Shirt,Fashion,1,1103,1103,CUST-12217,App
UK-2026-104231,2026-06-08,West,Surat,Beard Grooming Kit,Beauty,1,1025,1025,CUST-50649,App
UK-2026-100198,2026-01-16,Central,Indore,Ultrabook Air 14,Electronics,2,28578,57156,CUST-67763,Marketplace
UK-2026-100863,2026-02-05,East,Bhubaneswar,Wireless Earbuds Pro,Electronics,3,3117,9351,CUST-18213,App
UK-2026-101486,2026-03-26,West,Pune,Badminton Racket Set,Sports,2,2614,5228,CUST-82371,App
UK-2026-104547,2026-06-21,West,Mumbai,Power Bank 20000mAh,Electronics,2,1784,3568,CUST-62037,Marketplace
UK-2026-101864,2026-03-01,South,Hyderabad,Robot Vacuum R7,Home & Kitchen,4,19240,76960,CUST-25770,App
UK-2026-100582,2026-01-10,North,Noida,Ethnic Dupatta,Fashion,1,491,491,CUST-43700,App
UK-2026-100159,2026-01-24,Central,Raipur   ,Denim Jacket,Fashion,1,2279,2279,CUST-53471,Marketplace
UK-2026-102136,2026-03-16,South,Bengaluru,Denim Jacket,Fashion,1,2190,2190,CUST-13009,App
UK-2026-104680,2026-06-05,South,Hyderabad,Ultrabook Air 14,Electronics,2,30974,61948,CUST-56861,App
UK-2026-103320,2026-05-31,South,Bengaluru,Electric Kettle 1.5L,Home & Kitchen,1,1120,1120,CUST-46436,App
UK-2026-100078,2026-01-17,West,Mumbai,Sunscreen SPF50,Beauty,1,550,550,CUST-43914,Website
UK-2026-100369,2026-01-30,South,Chennai,ULTRABOOK AIR 14,Electronics,1,30014,30014,CUST-33894,Website
UK-2026-101751,2026-03-04,South,Chennai,Bluetooth Speaker Mini,Electronics,1,1457,1457,CUST-79129,Website
UK-2026-101844,2026-03-09,South,Chennai,Cotton Bedsheet Set,Home & Kitchen,2,1466,2932,CUST-63192,Marketplace
UK-2026-102979,2026-04-29,West,Surat,Noise-Cancelling Headphones,Electronics,4,8926,35704,CUST-45786,App
UK-2026-104110,2026-06-17,North,Noida,Yoga Mat Pro,Sports,2,1190,2380,CUST-91814,Website
UK-2026-102539,03-04-26,South,Chennai,Ethnic Dupatta,Fashion,1,478,478,CUST-34716,Marketplace
UK-2026-100986,2026-02-15,South,Bengaluru,Adjustable Dumbbells 15kg,Sports,1,4763,4763,CUST-64149,App
UK-2026-101072,2026-02-21,West,Mumbai,Modern Wall Clock,Home & Kitchen,1,800,800,CUST-21397,App
UK-2026-104759,2026-06-05,West,Pune,Makeup Brush Set,Beauty,2,1289,2578,CUST-22957,App
UK-2026-104584,2026-06-06,South,Hyderabad,Eau de Parfum 100ml,Beauty,1,1982,,CUST-22846,Website
UK-2026-102190,2026-03-28,South,Hyderabad,Makeup Brush Set,Beauty,4,1353,5412,CUST-76721,Website
UK-2026-104201,2026-06-12,Central,Bhopal,Eau de Parfum 100ml,Beauty,1,2054,2054,CUST-94967,Website
UK-2026-102337,2026-04-03,South,Kochi,Power Bank 20000mAh,Electronics,3,1863,5589,CUST-80259,App
UK-2026-100708,2026-01-25,West,Ahmedabad,Makeup Brush Set,Beauty,1,1347,1347,CUST-71615,Website
UK-2026-103894,2026-05-15,West,Surat,Football Size 5,Sports,1,854,854,CUST-36643,Marketplace
UK-2026-102350,2026-04-24,Central,Nagpur,Cycling Helmet,Sports,2,1660,3320,CUST-32859,App
UK-2026-101557,2026-03-14,West,Mumbai,Beard Grooming Kit,Beauty,1,962,962,CUST-50030,App
UK-2026-103569,2026-05-27,South,Hyderabad,Makeup Brush Set,Beauty,1,1321,1321,CUST-21402,Marketplace
UK-2026-102498,2026-04-21,West,Pune,Noise-Cancelling Headphones,Electronics,1,9300,9300,CUST-68635,Website
UK-2026-103354,2026-05-27,North,Delhi,Cricket Bat English Willow,Sports,1,9017,9017,CUST-50689,Website
UK-2026-104566,2026-06-26,West,Ahmedabad,Non-Stick Cookware Set,Home & Kitchen,3,2758,8274,CUST-24016,App
UK-2026-104182,2026-06-18,East,Kolkata,Running Sneakers,Fashion,1,2869,2869,CUST-31237,Website
UK-2026-104075,2026-06-10,North,Noida,Leather Wallet,Fashion,1,938,938,CUST-91814,App
UK-2026-104046,2026-06-25,North,Chandigarh,Cycling Helmet,Sports,1,1604,1604,CUST-55827,App
UK-2026-103935,2026-05-08,West,Mumbai,Bluetooth Speaker Mini,Electronics,2,1436,2872,CUST-65782,Marketplace
UK-2026-103167,2026-05-09,West,Mumbai,Mirrorless Camera Lite,Electronics,1,27619,27619,CUST-86376,Website
UK-2026-101022,2026-02-17,South,Chennai,Modern Wall Clock,Home & Kitchen,3,776,2328,CUST-16841,Website
UK-2026-101005,2026-02-16,North,Chandigarh,43-inch Smart TV,Electronics,1,26177,26177,CUST-57093,Marketplace
UK-2026-103821,2026-05-06,East,Kolkata,Mixer Grinder 750W,Home & Kitchen,1,3317,3317,CUST-48015,App
UK-2026-104353,2026-06-22,East,Kolkata,Yoga Mat Pro,Sports,1,1151,1151,CUST-77759,Marketplace
UK-2026-101273,2026-02-08,East,Guwahati,Mirrorless Camera Lite,Electronics,1,28439,28439,CUST-11729,Website
UK-2026-104360,2026-06-04,East,Bhubaneswar,43-inch Smart TV,Electronics,1,25862,,CUST-20361,Marketplace
UK-2026-102613,2026-04-04,East,Guwahati,Wireless Earbuds Pro,Electronics,3,3064,9192,CUST-51922,App
UK-2026-100550,"Jan 9, 2026",West,Surat,Non-Stick Cookware Set,Home & Kitchen,1,2767,2767,CUST-63998,Marketplace
UK-2026-100598,2026-01-29,West,Pune,Denim Jacket,Fashion,2,2266,4532,CUST-36432,Website
UK-2026-102838,2026-04-22,South,Hyderabad,Ethnic Dupatta,Fashion,2,519,1038,CUST-67304,Website
UK-2026-103703,2026-05-25,South,Cochin,Leather Wallet,Fashion,1,937,937,CUST-69982,Website
UK-2026-100474,2026-01-25,North,Gurugram,Badminton Racket Set,Sports,1,2389,2389,CUST-22022,App
UK-2026-103808,2026-05-19,West,Ahmedabad,Noise-Cancelling Headphones,Electronics,3,9091,27273,CUST-70319,Marketplace
UK-2026-102764,26-04-26,North,Gurugram,Mirrorless Camera Lite,Electronics,4,28531,114124,CUST-69982,Marketplace
UK-2026-104476,2026-06-05,Central,Nagpur,Eau de Parfum 100ml,Beauty,1,1900,1900,CUST-83221,Website
UK-2026-102361,2026-04-01,North,Delhi,Slim Fit Jeans,Fashion,1,1605,1605,CUST-73578,App
UK-2026-103667,2026-05-12,Central,Indore,Vitamin C Serum,Beauty,1,700,700,CUST-26674,Website
UK-2026-102889,2026-04-03,North,Chandigarh,Face Wash Combo,Beauty,3,431,1293,CUST-42041,App
UK-2026-103940,2026-05-10,East,Bhubaneswar,Air Fryer 5L,Home & Kitchen,1,5552,5552,CUST-70383,Marketplace
UK-2026-100999,2026-02-02,West,Ahmedabad,Air Fryer 5L,Home & Kitchen,1,5584,5584,CUST-24552,Website
UK-2026-101036,2026-02-26,West,Pune,Electric Kettle 1.5L,Home & Kitchen,3,1100,3300,CUST-42154,App
UK-2026-103918,2026-05-22,West,Ahmedabad,Vitamin C Serum,Beauty,2,690,1380,CUST-51509,App
UK-2026-102184,2026-03-05,South,Kochi,Denim Jacket,Fashion,1,2147,2147,CUST-42826,App
UK-2026-104159,2026-06-09,South,Chennai,Air Fryer 5L,Home & Kitchen,2,5770,11540,CUST-15713,Website
UK-2026-104412,2026-06-19,North,Delhi,Adjustable Dumbbells 15kg,Sports,2,5108,10216,CUST-30540,App
UK-2026-104436,2026-06-08,East,Bhubaneswar,Mixer Grinder 750W,Home & Kitchen,1,3408,3408,CUST-15300,App
UK-2026-104867,06/06/2026,South,Chennai,Leather Wallet,Fashion,1,894,894,CUST-76913,Marketplace
UK-2026-103280,2026-05-09,South,Hyderabad,Wireless Earbuds Pro,Electronics,1,3110,3110,CUST-25211,Marketplace
UK-2026-104719,2026-06-04,West,Surat,Smart Watch X2,Electronics,1,4398,4398,CUST-48253,App
UK-2026-102260,2026-04-15,South,Chennai,Leather Wallet,Fashion,4,916,3664,CUST-12846,Website
UK-2026-101868,2026-03-11,South,Kochi,Matte Lipstick Set,Beauty,1,909,909,CUST-30690,App
UK-2026-102143,2026-03-07,East,Bhubaneswar,Makeup Brush Set,Beauty,2,1342,2684,CUST-28647,Website
UK-2026-100509,2026-01-18,East,Patna,Ethnic Dupatta,Fashion,2,490,980,CUST-40275,App
UK-2026-100702,2026-01-20,North,Chandigarh,Noise-Cancelling Headphones,Electronics,2,8630,17260,CUST-46889,Marketplace
UK-2026-104817,2026-06-27,North,Delhi,Matte Lipstick Set,Beauty,1,874,874,CUST-94845,Website
UK-2026-101548,2026-03-13,South,Kochi,Sunscreen SPF50,Beauty,1,554,554,CUST-79427,App
UK-2026-103428,2026-05-11,South,Kochi,Face Wash Combo,Beauty,1,459,459,CUST-17483,App
UK-2026-102900,2026-04-06,South,Kochi,Mirrorless Camera Lite,Electronics,1,30101,30101,CUST-40882,Website
UK-2026-100202,2026-01-03,North,Delhi,Running Sneakers,Fashion,1,2733,2733,CUST-95001,App
UK-2026-103352,"May 7, 2026",West,Mumbai,Power Bank 20000mAh,Electronics,1,1752,1752,CUST-29896,Marketplace
UK-2026-104227,2026-06-16,East,Guwahati,Electric Kettle 1.5L,Home & Kitchen,1,1154,,CUST-77182,App
UK-2026-103607,2026-05-21,North,Gurugram,Silk Saree,Fashion,1,3464,3464,CUST-15695,Website
UK-2026-100711,2026-01-26,East,Bhubaneswar,Formal Shirt,Fashion,1,1105,1105,CUST-88965,Website
UK-2026-102311,2026-04-02,West,Ahmedabad,Wireless Earbuds Pro,Electronics,1,2972,2972,CUST-93955,App
UK-2026-101917,2026-03-23,East,Bhubaneswar,smart watch x2,Electronics,1,4664,4664,CUST-25713,App
UK-2026-100457,2026-01-10,South,Kochi,Non-Stick Cookware Set,Home & Kitchen,1,3014,3014,CUST-71491,Website
UK-2026-103734,2026-05-21,Central,Raipur,Cotton Bedsheet Set,Home & Kitchen,1,1387,1387,CUST-88061,App
UK-2026-104995,2026-06-14,North,Chandigarh,Power Bank 20000mAh,Electronics,4,1827,7308,CUST-94216,Marketplace
UK-2026-102234,2026-03-25,South,Kochi,Mirrorless Camera Lite,Electronics,1,27751,27751,CUST-84631,App
UK-2026-101824,2026-03-23,South,Kochi,Foldable Treadmill T2,Sports,1,24616,24616,CUST-78744,Marketplace
UK-2026-104799,2026-06-26,North,Chandigarh,Leather Wallet,Fashion,2,905,1810,CUST-76160,Marketplace
UK-2026-104935,2026-06-08,Central,Indore,43-inch Smart TV,Electronics,2,26576,53152,CUST-65139,Website
UK-2026-104605,2026-06-25,North,Chandigarh,Denim Jacket,Fashion,4,2253,9012,CUST-93495,App
UK-2026-103677,2026-05-26,South,Chennai,Mirrorless Camera Lite,Electronics,1,29611,29611,CUST-81478,App
UK-2026-100652,2026-01-25,Central,Raipur,Leather Wallet,Fashion,1,861,861,CUST-78165,App
UK-2026-101632,2026-03-28,North,Chandigarh,Cricket Bat English Willow,Sports,1,9128,9128,CUST-55126,App
UK-2026-103921,2026-05-24,South,Bengaluru,Running Sneakers,Fashion,2,2894,5788,CUST-93277,Website
UK-2026-101445,2026-02-16,North,Gurugram,Mirrorless Camera Lite,Electronics,1,28361,28361,CUST-87541,App
UK-2026-102462,2026-04-11,West,Mumbai,Bluetooth Speaker Mini,Electronics,1,1426,1426,CUST-67135,Marketplace
UK-2026-101219,2026-02-14,East,Patna,Noise-Cancelling Headphones,Electronics,2,9411,18822,CUST-54805,App
UK-2026-103783,2026-05-15,South,Hyderabad,Formal Shirt,Fashion,1,1061,1061,CUST-71134,App
UK-2026-101419,2026-02-08,South,Bengaluru,Matte Lipstick Set,Beauty,1,898,898,CUST-13184,App
UK-2026-102366,2026-04-05,West,Mumbai,Silk Saree,Fashion,2,3339,6678,CUST-54364,Website
UK-2026-103444,2026-05-18,West,Ahmedabad,Smart Watch X2,Electronics,1,4612,4612,CUST-82278,App
UK-2026-102456,2026-04-03,South,Hyderabad,Football Size 5,Sports,1,877,877,CUST-51962,Website
UK-2026-102454,2026-04-18,South,Hyderabad,Cotton Kurta Set,Fashion,1,1296,1296,CUST-90984,App
UK-2026-101960,2026-03-22,North,Noida,Makeup Brush Set,Beauty,1,1295,1295,CUST-82841,Marketplace
UK-2026-100722,2026-02-26,West,Ahmedabad,Badminton Racket Set,Sports,1,2391,2391,CUST-85177,App
UK-2026-104307,2026-06-18,South,Hyderabad,Bluetooth Speaker Mini,Electronics,1,1442,1442,CUST-10889,Marketplace
UK-2026-102927,2026-04-05,North,Chandigarh,Bluetooth Speaker Mini,Electronics,1,1499,1499,CUST-10491,App
UK-2026-104467,2026-06-13,North,Gurugram,Badminton Racket Set,Sports,1,2387,2387,CUST-93822,Marketplace
UK-2026-102205,2026-03-21,West,Mumbai,Ethnic Dupatta,Fashion,2,509,1018,CUST-42495,Website
UK-2026-104356,2026-06-07,East,Patna,Bluetooth Speaker Mini,Electronics,1,1526,1526,CUST-70477,App
UK-2026-102731,2026-04-05,West,Mumbai,Matte Lipstick Set,Beauty,2,854,1708,CUST-35653,App
UK-2026-102067,2026-03-18,South,Chennai,Cricket Bat English Willow,Sports,4,8980,35920,CUST-80714,Website
UK-2026-100837,2026-02-04,South,Kochi,Beard Grooming Kit,Beauty,1,1047,1047,CUST-67318,Website
UK-2026-102215,2026-03-27,Central,Raipur,Yoga Mat Pro,Sports,1,1141,1141,CUST-38680,App
UK-2026-102913,2026-04-04,North,Noida,Makeup Brush Set,Beauty,2,1295,,CUST-82153,App
UK-2026-102645,2026-04-25,East,Bhubaneswar,Air Fryer 5L,Home & Kitchen,1,5337,5337,CUST-46651,Website
UK-2026-104911,2026-06-04,West,Pune,Cotton Bedsheet Set,Home & Kitchen,1,1391,1391,CUST-87432,App
UK-2026-101821,2026-03-02,South,Hyderabad,Formal Shirt,Fashion,,1139,2278,CUST-97030,App
UK-2026-102465,2026-04-17,Central,Raipur,Non-Stick Cookware Set,Home & Kitchen,2,2853,5706,CUST-38967,App
UK-2026-100737,2026-02-11,South,Chennai,Foldable Treadmill T2,Sports,4,24573,98292,CUST-60402,Website
UK-2026-101933,2026-03-11,South,Hyderabad,Mirrorless Camera Lite,Electronics,3,28207,84621,CUST-33944,Website
UK-2026-102711,2026-04-19,South,Kochi,Eau de Parfum 100ml,Beauty,1,2048,2048,CUST-23418,App
UK-2026-101263,2026-02-17,North,Noida,Denim Jacket,Fashion,1,2203,2203,CUST-33447,Marketplace
UK-2026-103304,2026-05-05,South,Kochi,Ultrabook Air 14,Electronics,1,31212,31212,CUST-71364,Marketplace
UK-2026-100760,2026-02-10,North,Gurugram,Smart Watch X2,Electronics,1,4277,4277,CUST-33894,Marketplace
UK-2026-101504,2026-03-06,South,Bengaluru,Mirrorless Camera Lite,Electronics,2,29001,58002,CUST-96225,Marketplace
UK-2026-103828,2026-05-13,West,Mumbai,Electric Kettle 1.5L,Home & Kitchen,1,1094,1094,CUST-92051,Marketplace
UK-2026-103290,2026-05-02,East,Kolkata,Cricket Bat English Willow,Sports,1,8886,8886,CUST-85155,App
UK-2026-101914,2026-03-27,South,Bengaluru,Power Bank 20000mAh,Electronics,2,1862,3724,CUST-96303,Marketplace
UK-2026-103931,2026-05-24,North,Gurugram,Foldable Treadmill T2,Sports,2,25857,51714,CUST-71544,App
UK-2026-101068,2026-02-14,West,Pune,Slim Fit Jeans,Fashion,2,1603,3206,CUST-48062,Website
UK-2026-103992,2026-05-05,West,Pune,Ethnic Dupatta,Fashion,1,513,513,CUST-69072,App
UK-2026-100121,06/01/2026,South,Bengaluru,Air Fryer 5L,Home & Kitchen,1,5613,5613,CUST-91397,Marketplace
UK-2026-104976,2026-06-23,North,Delhi,Smart Watch X2,Electronics,1,4702,4702,CUST-57096,App
UK-2026-100900,2026-02-13,North,Chandigarh,Smart Watch X2,Electronics,1,4589,4589,CUST-30540,App
UK-2026-102477,2026-04-14,North,Chandigarh,Formal Shirt,Fashion,1,1085,1085,CUST-99336,Website
UK-2026-101547,2026-03-27,East,Bhubaneswar,Bluetooth Speaker Mini,Electronics,1,1512,1512,CUST-20741,Marketplace
UK-2026-101052,2026-02-06,Central,Raipur,Smart Watch X2,Electronics,1,4710,4710,CUST-44782,App
UK-2026-103597,2026-05-24,South,Chennai,Ethnic Dupatta,Fashion,1,520,520,CUST-57664,App
UK-2026-103408,2026-05-31,West,Mumbai,Running Sneakers,Fashion,3,2673,8019,CUST-40943,Website
UK-2026-102113,2026-03-11,North,Noida,Cotton Bedsheet Set,Home & Kitchen,1,1452,1452,CUST-20361,App
UK-2026-102777,2026-04-20,West,Ahmedabad,Air Fryer 5L,Home & Kitchen,1,5228,5228,CUST-14104,App
UK-2026-100868,2026-02-03,West,Surat,Non-Stick Cookware Set,Home & Kitchen,3,2858,8574,CUST-63192,Marketplace
UK-2026-101566,2026-03-28,South,Hyderabad,Formal Shirt,Fashion,1,1113,1113,CUST-91519,Website
UK-2026-101301,2026-02-20,North,Gurugram,Eau de Parfum 100ml,Beauty,1,2036,2036,CUST-97753,App
UK-2026-104796,2026-06-07,North,Chandigarh,Air Fryer 5L,Home & Kitchen,1,5366,5366,CUST-49028,App
UK-2026-103199,2026-05-16,East,Kolkata,Football Size 5,Sports,1,868,868,CUST-96603,Marketplace
UK-2026-102068,2026-03-28,West,Mumbai,Eau de Parfum 100ml,Beauty,1,2043,"2,043.00",CUST-44453,Website
UK-2026-100968,2026-02-18,South,Bengaluru,Adjustable Dumbbells 15kg,Sports,1,5193,5193,CUST-35929,App
UK-2026-101558,2026-03-05,West,Mumbai,Cotton Bedsheet Set,Home & Kitchen,1,1340,1340,CUST-12846,App
UK-2026-103717,2026-05-12,South,Hyderabad,Formal Shirt,Fashion,1,1086,1086,CUST-94180,Website
UK-2026-104595,2026-06-21,North,Gurugram,Electric Kettle 1.5L,Home & Kitchen,3,1121,3363,CUST-96352,Website
UK-2026-101649,2026-03-15,Central,Raipur,Denim Jacket,Fashion,1,2146,2146,CUST-83338,App
UK-2026-104714,2026-06-07,Central,Indore,Non-Stick Cookware Set,Home & Kitchen,1,2799,2799,CUST-97805,App
UK-2026-101783,2026-03-08,West,Mumbai,Leather Wallet,Fashion,3,925,2775,CUST-50781,Website
UK-2026-101346,2026-02-22,Central,Bhopal,Cotton Kurta Set,Fashion,1,1253,1253,CUST-82435,App
UK-2026-104835,2026-06-05,West,Ahmedabad,Cotton Bedsheet Set,Home & Kitchen,1,1365,1365,CUST-99062,Marketplace
UK-2026-102292,2026-04-03,South,Madras,Ionic Hair Dryer,Beauty,1,1850,1850,CUST-30690,App
UK-2026-100522,2026-01-12,,Patna,Silk Saree,Fashion,3,3431,10293,CUST-21211,App
UK-2026-101218,2026-02-20,South,Hyderabad,Ethnic Dupatta,Fashion,2,523,1046,CUST-26101,Website
UK-2026-103911,2026-05-13,South,Hyderabad,Mirrorless Camera Lite,Electronics,1,29956,29956,CUST-15611,Marketplace
UK-2026-103778,2026-05-31,South,Hyderabad,Ethnic Dupatta,Fashion,1,478,478,CUST-50036,Website
UK-2026-100775,2026-02-27,South,Bengaluru,Makeup Brush Set,Beauty,3,1349,4047,CUST-30240,App
UK-2026-103204,2026-05-26,South,Chennai,Ionic Hair Dryer,Beauty,2,1951,3902,CUST-17469,App
UK-2026-102616,2026-04-25,South,Kochi,Gym Gloves,Sports,1,499,499,CUST-41346,App
UK-2026-103126,2026-05-01,Central,Indore,Cotton Bedsheet Set,Home & Kitchen,2,1461,2922,CUST-16813,Website
UK-2026-100214,2026-01-31,,Bhubaneswar,Football Size 5,Sports,1,928,928,CUST-60759,App
UK-2026-100376,2026-01-06,North,Chandigarh,Modern Wall Clock,Home & Kitchen,2,783,1566,CUST-89497,App
UK-2026-101250,2026-02-08,East,Bhubaneswar,Cotton Kurta Set,Fashion,1,1258,1258,CUST-18107,Website
UK-2026-101329,2026-02-06,North,Noida,Ultrabook Air 14,Electronics,1,31161,31161,CUST-81876,App
UK-2026-101180,2026-02-21,Central,Nagpur,Ultrabook Air 14,Electronics,1,31273,31273,CUST-63472,App
UK-2026-104889,2026-06-11,West,Ahmedabad,Badminton Racket Set,Sports,1,2512,2512,CUST-10958,Marketplace
UK-2026-103438,2026-05-21,North,Gurugram,Dinner Set 24pc,Home & Kitchen,1,2390,2390,CUST-87416,Website
UK-2026-102081,2026-03-28,South,Kochi,Ethnic Dupatta,Fashion,2,521,1042,CUST-83511,Marketplace
UK-2026-104097,2026-06-28,West,Mumbai,Non-Stick Cookware Set,Home & Kitchen,1,2920,2920,CUST-81385,Marketplace
UK-2026-100362,2026-01-14,West,Pune,Makeup Brush Set,Beauty,1,1340,1340,CUST-16841,Marketplace
UK-2026-100193,2026-01-11,East,Bhubaneswar,Mixer Grinder 750W,Home & Kitchen,4,3175,12700,CUST-78574,Website
UK-2026-100312,2026-01-26,East,Guwahati,Robot Vacuum R7,Home & Kitchen,1,19667,19667,CUST-62181,Website
UK-2026-100499,2026-01-26,West,Pune,Smart Watch X2,Electronics,1,4655,4655,CUST-63409,Marketplace
UK-2026-101088,2026-02-06,South,Hyderabad,Denim Jacket,Fashion,1,2281,2281,CUST-73063,Marketplace
UK-2026-102788,2026-04-03,North,Delhi,Air Fryer 5L,Home & Kitchen,1,5641,5641,CUST-53516,App
UK-2026-101382,2026-02-05,East,Kolkata,Face Wash Combo,Beauty,1,461,461,CUST-44548,Website
UK-2026-102394,2026-04-16,North,Gurugram,Adjustable Dumbbells 15kg,Sports,1,4754,4754,CUST-94464,App
UK-2026-100565,2026-01-03,South,Kochi,Robot Vacuum R7,Home & Kitchen,2,18982,37964,CUST-71570,Website
UK-2026-103986,2026-05-03,West,Surat,43-inch Smart TV,Electronics,1,25020,25020,CUST-93857,Marketplace
UK-2026-104140,2026-06-11,South,Kochi,Mirrorless Camera Lite,Electronics,1,29594,29594,CUST-73890,App
UK-2026-103973,2026-05-11,Central,Indore,Face Wash Combo,Beauty,1,447,447,CUST-65246,Website
UK-2026-101675,2026-03-06,West,Pune,Formal Shirt,Fashion,1,1098,1098,CUST-82063,App
UK-2026-102623,2026-04-18,South,Kochi,Mirrorless Camera Lite,Electronics,1,29730,29730,CUST-56801,Website
UK-2026-102278,2026-04-02,West,Surat,Mixer Grinder 750W,Home & Kitchen,2,3179,6358,CUST-46608,App
UK-2026-104909,2026-06-09,West,Surat,Gym Gloves,Sports,1,489,489,CUST-75736,App
UK-2026-101316,2026-02-28,West,Pune,Air Fryer 5L,Home & Kitchen,1,5425,5425,CUST-96733,Website
UK-2026-100822,2026-02-24,North,Chandigarh,Adjustable Dumbbells 15kg,Sports,,4842,4842,CUST-62481,App
UK-2026-102226,2026-03-04,West,Ahmedabad,Football Size 5,Sports,1,874,874,CUST-42826,Website
UK-2026-101635,2026-03-12,South,Hyderabad,Noise-Cancelling Headphones,Electronics,1,9406,9406,CUST-69993,App
UK-2026-104063,2026-06-11,West,Mumbai,Modern Wall Clock,Home & Kitchen,1,810,810,CUST-85750,Website
UK-2026-104323,2026-06-05,North,Gurugram,Eau de Parfum 100ml,Beauty,1,1981,1981,CUST-84186,Marketplace
UK-2026-104480,2026-06-19,West,Surat,43-inch Smart TV,Electronics,2,25923,51846,CUST-35625,App
UK-2026-102160,2026-03-22,South,Chennai,Air Fryer 5L,Home & Kitchen,2,5702,11404,CUST-78429,App
UK-2026-100481,2026-01-04,South,Chennai,Gym Gloves,Sports,1,518,518,CUST-17387,Website
UK-2026-104831,04/06/2026,East,Guwahati,Wireless Earbuds Pro,Electronics,1,3125,3125,CUST-92808,App
UK-2026-103367,2026-05-22,West,Ahmedabad,Silk Saree,Fashion,1,3356,3356,CUST-78156,App
UK-2026-103023,2026-04-23,West,Pune,43-inch Smart TV,Electronics,1,24951,24951,CUST-22850,App
UK-2026-101857,2026-03-27,East,Guwahati,Noise-Cancelling Headphones,Electronics,1,8613,8613,CUST-74690,App
UK-2026-102318,2026-04-18,West,Pune,Cricket Bat English Willow,Sports,2,9254,"₹18,508",CUST-90261,Website
UK-2026-104250,2026-06-13,West,Pune,Formal Shirt,Fashion,1,1122,1122,CUST-66213,Marketplace
UK-2026-104791,2026-06-15,Central,Nagpur,Gym Gloves,Sports,,480,480,CUST-51947,App
UK-2026-102747,2026-04-26,West,Ahmedabad,Matte Lipstick Set,Beauty,1,930,930,CUST-20721,Marketplace
UK-2026-103219,2026-05-14,Central,Raipur,Leather Wallet,Fashion,1,907,907 INR,CUST-23418,App
UK-2026-102166,2026-03-29,South,Kochi,Vitamin C Serum,Beauty,1,721,721,CUST-28912,Website
UK-2026-102138,2026-03-09,South,Hyderabad,Silk Saree,Fashion,1,3587,3587,CUST-82034,App
UK-2026-104193,2026-06-26,South,Hyderabad,Adjustable Dumbbells 15kg,Sports,2,4770,9540,CUST-66355,Marketplace
UK-2026-100648,2026-01-25,South,Chennai,Non-Stick Cookware Set,Home & Kitchen,1,2919,2919,CUST-17155,Website
UK-2026-101834,2026-03-29,South,Cochin,Power Bank 20000mAh,Electronics,1,1723,1723,CUST-66307,Website
UK-2026-101909,2026-03-14,North,Chandigarh,Wireless Earbuds Pro,Electronics,1,3092,3092,CUST-86951,Website
UK-2026-101147,2026-02-07,South,Kochi,Power Bank 20000mAh,Electronics,1,1726,1726,CUST-13009,App
UK-2026-103814,2026-05-25,North,Noida,Mirrorless Camera Lite,Electronics,1,28099,28099,CUST-39769,Marketplace
UK-2026-102672,2026-04-03,North,Delhi,Sunscreen SPF50,Beauty,2,570,1140,CUST-33144,Website
UK-2026-100162,2026-01-10,Central,Indore,Running Sneakers,Fashion,1,2782,2782,CUST-26475,App
UK-2026-100207,2026-01-06,South,Chennai,Mixer Grinder 750W,Home & Kitchen,1,3256,3256,CUST-62727,App
UK-2026-104206,2026-06-08,West,Pune,Silk Saree,Fashion,1,3652,3652,CUST-43499,Website
UK-2026-100200,2026-01-11,,Pune,Leather Wallet,Fashion,3,943,2829,CUST-91610,Website
UK-2026-104775,2026-06-12,South,Chennai,Mirrorless Camera Lite,Electronics,1,29971,29971,CUST-29816,Marketplace
UK-2026-100687,2026-01-28,East,Guwahati,Air Fryer 5L,Home & Kitchen,1,5601,5601,CUST-49028,App
UK-2026-100012,2026-01-16,South,Chennai,Leather Wallet,Fashion,1,862,862,CUST-12218,App
UK-2026-102001,2026-03-25,East,Guwahati,Adjustable Dumbbells 15kg,Sports,1,5204,5204,CUST-53381,App
UK-2026-100796,2026-02-19,East,Bhubaneswar,Electric Kettle 1.5L,Home & Kitchen,1,1149,1149,CUST-93989,App
UK-2026-100528,2026-01-03,North,Gurugram,Ionic Hair Dryer,Beauty,4,1972,7888,CUST-41770,Website
UK-2026-104195,2026-06-26,East,Guwahati,Badminton Racket Set,Sports,1,2507,2507,CUST-53089,Marketplace
UK-2026-103755,2026-05-05,North,Gurugram,Denim Jacket,Fashion,1,2189,2189,CUST-96211,App
UK-2026-100375,2026-01-07,South,Kochi,Bluetooth Speaker Mini,Electronics,2,1531,3062,CUST-41186,Website
UK-2026-101041,2026-02-13,,Nagpur,Robot Vacuum R7,Home & Kitchen,2,19299,38598,CUST-89442,App
UK-2026-102157,2026-03-01,West,Mumbai,Denim Jacket,Fashion,2,2172,4344,CUST-69639,App
UK-2026-101982,2026-03-11,East,Bhubaneswar,Foldable Treadmill T2,Sports,2,26171,52342,CUST-18223,Marketplace
UK-2026-104241,2026-06-19,North,Delhi,Wireless Earbuds Pro,Electronics,3,3012,9036,CUST-94883,App
UK-2026-104926,2026-06-30,South,Cochin,Badminton Racket Set,Sports,2,2387,4774,CUST-13983,Website
UK-2026-104339,2026-06-12,West,Surat,Non-Stick Cookware Set,Home & Kitchen,2,3033,6066,CUST-80225,App
UK-2026-103425,2026-05-25,West,Ahmedabad,Yoga Mat Pro,Sports,1,1256,1256,CUST-28306,Marketplace
UK-2026-100003,2026-01-04,West,Ahmedabad,Silk Saree,Fashion,1,3616,3616,CUST-94683,Website
UK-2026-104133,2026-06-26,East,Patna,Running Sneakers,Fashion,1,2807,2807,CUST-25493,Marketplace
UK-2026-103555,2026-05-07,West,Mumbai,Cotton Bedsheet Set,Home & Kitchen,1,1341,1341,CUST-52432,App
UK-2026-100880,2026-02-27,South,Chennai,Ultrabook Air 14,Electronics,1,30226,30226,CUST-11802,App
UK-2026-104837,2026-06-20,East,Bhubaneswar,Cycling Helmet,Sports,2,1630,3260,CUST-94527,Marketplace
UK-2026-100501,2026-01-19,West,Bombay,Air Fryer 5L,Home & Kitchen,1,5750,5750,CUST-87589,Website
UK-2026-103136,2026-05-15,East,Patna,Modern Wall Clock,Home & Kitchen,2,790,1580,CUST-65066,App
UK-2026-100804,2026-02-15,Central,Bhopal,Silk Saree,Fashion,2,3351,6702,CUST-10469,Website
UK-2026-100459,2026-01-12,North,Gurugram,43-inch Smart TV,Electronics,1,26533,26533,CUST-12653,Website
UK-2026-104276,2026-06-03,East,Patna,Cotton Kurta Set,Fashion,1,1274,1274,CUST-91610,Website
UK-2026-101527,2026-03-01,West,Ahmedabad,Yoga Mat Pro,Sports,1,1168,1168,CUST-29825,App
UK-2026-101221,2026-02-26,Central,Indore,Beard Grooming Kit,Beauty,1,1005,1005,CUST-10487,App
UK-2026-101758,2026-03-23,West,Pune,Dinner Set 24pc,Home & Kitchen,,2432,2432,CUST-13003,App
UK-2026-102506,2026-04-05,South,Bengaluru,Mixer Grinder 750W,Home & Kitchen,1,3365,3365,CUST-18461,Marketplace
UK-2026-103705,2026-05-29,West,Mumbai,Mirrorless Camera Lite,Electronics,1,28735,28735,CUST-20656,Website
UK-2026-102700,29/04/2026,North,Noida,Vitamin C Serum,Beauty,2,692,1384,CUST-85294,App
UK-2026-101101,2026-02-04,Central,Bhopal,Leather Wallet,Fashion,2,924,1848,CUST-11847,App
UK-2026-100536,"Jan 19, 2026",North,Noida,Yoga Mat Pro,Sports,2,1157,2314,CUST-69885,App
UK-2026-102960,2026-04-21,South,Hyderabad,Ultrabook Air 14,Electronics,1,31492,31492,CUST-76290,App
UK-2026-100232,2026-01-18,West,Pune,Noise-Cancelling Headphones,Electronics,1,9361,9361,CUST-62727,App
UK-2026-100869,2026-02-26,North,Noida,Leather Wallet,Fashion,1,938,938,CUST-90072,App
UK-2026-100792,2026-02-13,Central,Bhopal,Face Wash Combo,Beauty,1,456,456,CUST-80714,Website
UK-2026-100108,2026-01-13,West,Mumbai,Dinner Set 24pc,Home & Kitchen,1,2395,2395,CUST-45336,App
UK-2026-101237,2026-02-17,South,Bangalore,Running Sneakers,Fashion,2,2909,5818,CUST-71570,App
UK-2026-102571,2026-04-20,North,Delhi,Yoga Mat Pro,Sports,1,1153,1153,CUST-88561,Marketplace
UK-2026-100771,"Feb 12, 2026",East,Guwahati,Formal Shirt,Fashion,2,1077,2154,CUST-33478,Marketplace
UK-2026-104407,2026-06-24,West,Pune,Bluetooth Speaker Mini,Electronics,2,1536,3072,CUST-44782,Marketplace
UK-2026-100259,2026-01-30,East,Kolkata,Makeup Brush Set,Beauty,2,1251,2502,CUST-79582,Website
UK-2026-102721,2026-04-05,West,Surat,Bluetooth Speaker Mini,Electronics,1,1544,1544,CUST-70538,Marketplace
UK-2026-102930,2026-04-13,South,Bengaluru,Bluetooth Speaker Mini,Electronics,3,1490,4470,CUST-51255,Website
UK-2026-102947,2026-04-19,North,Noida,43-inch Smart TV,Electronics,2,26464,52928,CUST-65715,Marketplace
UK-2026-103082,2026-04-15,North,Chandigarh,Ionic Hair Dryer,Beauty,1,1810,,CUST-18583,Website
UK-2026-100340,2026-01-07,North,Delhi,Formal Shirt,Fashion,1,1071,1071,CUST-38964,App
UK-2026-103834,2026-05-23,East,Kolkata,Smart Watch X2,Electronics,1,4431,4431 INR,CUST-39108,Marketplace
UK-2026-100370,2026-01-03,Central,Indore,Cotton Kurta Set,Fashion,1,1298,1298,CUST-28340,App
UK-2026-103723,2026-05-15,North,Noida,Denim Jacket,Fashion,1,2109,2109,CUST-82603,Marketplace
UK-2026-100031,2026-01-26,East,Guwahati,43-inch Smart TV,Electronics,2,24974,49948,CUST-75752,App
UK-2026-102425,"Apr 18, 2026",South,Bengaluru,Eau de Parfum 100ml,Beauty,2,1967,3934,CUST-82603,App
UK-2026-100310,2026-01-23,South,Kochi,Badminton Racket Set,Sports,1,2415,2415,CUST-36312,App
UK-2026-102056,2026-03-09,West,Ahmedabad,Leather Wallet,Fashion,1,943,943,CUST-25751,Website
UK-2026-100084,2026-01-09,East,Bhubaneswar,Slim Fit Jeans,Fashion,1,1565,1565,CUST-59109,App
UK-2026-104783,2026-06-15,East,Kolkata,Cotton Bedsheet Set,Home & Kitchen,1,1347,1347,CUST-36614,Website
UK-2026-103727,2026-05-11,North,Gurugram,Smart Watch X2,Electronics,1,4578,4578,CUST-80702,Website
UK-2026-104572,2026-06-11,North,Delhi,Non-Stick Cookware Set,Home & Kitchen,-2,3035,3035,CUST-15333,Website
UK-2026-101667,2026-03-10,Central,Indore,Ionic Hair Dryer,Beauty,1,1867,1867,CUST-21830,App
UK-2026-100966,2026-02-16,West,Ahmedabad,Ethnic Dupatta,Fashion,1,509,509,CUST-19767,Website
UK-2026-104116,2026-06-26,Central,Raipur,Silk Saree,Fashion,2,3417,6834,CUST-76359,Website
UK-2026-104047,2026-06-08,East,Bhubaneswar,Face Wash Combo,Beauty,1,434,434,CUST-23032,Marketplace
UK-2026-101253,2026-02-16,East,Patna,Yoga Mat Pro,Sports,1,1143,1143,CUST-25192,Marketplace
UK-2026-103366,2026-05-08,East,Guwahati,Makeup Brush Set,Beauty,2,1255,2510,CUST-74127,App
UK-2026-102326,2026-04-12,East,Kolkata,Bluetooth Speaker Mini,Electronics,1,1540,1540,CUST-64983,App
UK-2026-103445,2026-05-18,North,Noida,Smart Watch X2,Electronics,3,4455,13365,CUST-14111,App
UK-2026-102235,2026-03-02,East,Bhubaneswar,Cotton Bedsheet Set,Home & Kitchen,1,1372,1372,CUST-54229,App
UK-2026-102674,2026-04-15,North,Chandigarh,Air Fryer 5L,Home & Kitchen,1,5497,5497,CUST-81920,App
UK-2026-102225,2026-03-26,North,Noida,Bluetooth Speaker Mini,Electronics,1,1436,1436,CUST-55519,Marketplace
UK-2026-104768,2026-06-02,East,Bhubaneswar,Slim Fit Jeans,Fashion,1,1568,1568,CUST-92051,Website
UK-2026-100187,2026-01-22,North,Chandigarh,Smart Watch X2,Electronics,4,4369,17476,CUST-97030,App
UK-2026-104207,2026-06-28,North,Delhi,Cricket Bat English Willow,Sports,1,8646,8646,CUST-53731,App
UK-2026-103099,2026-05-10,South,Hyderabad,Power Bank 20000mAh,Electronics,1,1819,1819,CUST-94353,Website
UK-2026-102676,2026-04-26,South,Kochi,Slim Fit Jeans,Fashion,1,1576,1576,CUST-42016,App
UK-2026-101394,23/02/2026,South,Chennai,Dinner Set 24pc,Home & Kitchen,3,2527,7581,CUST-89116,App
UK-2026-101198,2026-02-06,South,Kochi,Cotton Kurta Set,Fashion,2,1362,2724,CUST-42740,App
UK-2026-101343,2026-02-08,West,Ahmedabad,Cotton Bedsheet Set,Home & Kitchen,2,1369,2738,CUST-22630,App
UK-2026-101395,2026-02-25,Central,Nagpur,Dinner Set 24pc,Home & Kitchen,1,2478,2478,CUST-14044,App
UK-2026-104611,2026-06-29,North,Noida,Noise-Cancelling Headphones,Electronics,1,8553,8553,CUST-90168,App
UK-2026-102871,2026-04-16,North,Gurugram,Smart Watch X2,Electronics,1,4397,4397,CUST-11479,Marketplace
UK-2026-102229,"Mar 12, 2026",East,Bhubaneswar,Slim Fit Jeans,Fashion,1,1589,1589,CUST-38266,App
UK-2026-101517,2026-03-22,Central,Nagpur,Cricket Bat English Willow,Sports,1,8720,8720,CUST-94464,App
UK-2026-102695,2026-04-02,South,Bengaluru,Mirrorless Camera Lite,Electronics,2,29924,59848,CUST-48737,Website
UK-2026-101183,2026-02-13,South,Kochi,Bluetooth Speaker Mini,Electronics,2,1531,3062,CUST-36665,App
UK-2026-102070,2026-03-25,West,Surat,Leather Wallet,Fashion,1,923,923,CUST-68905,Website
UK-2026-104078,2026-06-16,East,Guwahati,Noise-Cancelling Headphones,Electronics,2,9058,18116,CUST-40132,Marketplace
UK-2026-101040,2026-02-13,East,Bhubaneswar,Wireless Earbuds Pro,Electronics,2,3049,6098,CUST-18338,App
UK-2026-100400,2026-01-02,West,Bombay,43-inch Smart TV,Electronics,1,27262,27262,CUST-54403,Website
UK-2026-101540,2026-03-01,West,Mumbai,Slim Fit Jeans,Fashion,2,1673,3346 INR,CUST-77777,App
UK-2026-100418,2026-01-08,West,Surat,Yoga Mat Pro,Sports,1,1216,1216,CUST-16124,Marketplace
UK-2026-104847,2026-06-25,East,Kolkata,Cotton Bedsheet Set,Home & Kitchen,1,1416,1416,CUST-79734,App
UK-2026-100582,2026-01-10,North,Noida,Ethnic Dupatta,Fashion,1,491,491,CUST-43700,App
UK-2026-101669,2026-03-31,South,Chennai,Cricket Bat English Willow,Sports,1,8870,8870,CUST-28417,App
UK-2026-104165,2026-06-15,North,Noida,Vitamin C Serum,Beauty,1,716,716,CUST-53622,App
UK-2026-102006,2026-03-14,West,Ahmedabad,Beard Grooming Kit,Beauty,1,1028,1028,CUST-56401,App
UK-2026-103245,2026-05-22,South,Kochi,Ethnic Dupatta,Fashion,1,513,513,CUST-82435,Marketplace
UK-2026-104567,2026-06-20,North,Chandigarh,Wireless Earbuds Pro,Electronics,1,2924,2924,CUST-31549,App
UK-2026-100058,"Jan 16, 2026",West,Surat,Modern Wall Clock,Home & Kitchen,1,816,816,CUST-71052,Website
UK-2026-104425,2026-06-22,North,Delhi,Badminton Racket Set,Sports,1,2384,2384,CUST-28915,Website
UK-2026-104529,2026-06-02,North,Delhi,Smart Watch X2,Electronics,1,4350,4350,CUST-68556,Marketplace
UK-2026-104872,2026-06-02,South,Kochi,Smart Watch X2,Electronics,1,4567,4567,CUST-28933,App
UK-2026-103118,2026-05-28,North,Gurugram,Cotton Bedsheet Set,Home & Kitchen,3,1378,4134,CUST-68256,Website
UK-2026-103216,2026-05-20,East,Bhubaneswar,Smart Watch X2,Electronics,1,4538,4538,CUST-59931,App
UK-2026-100578,2026-01-20,South,Kochi,Sunscreen SPF50,Beauty,3,527,1581,CUST-94765,Website
UK-2026-103447,2026-05-10,North,Gurugram   ,Formal Shirt,Fashion,1,1114,1114,CUST-63594,App
UK-2026-103277,2026-05-21,Central,Raipur,Electric Kettle 1.5L,Home & Kitchen,1,1124,1124,CUST-70736,Marketplace
UK-2026-102759,2026-04-07,East,Patna,  Cycling Helmet,Sports,1,1601,1601,CUST-98964,Website
UK-2026-100618,2026-01-24,East,Bhubaneswar,Silk Saree,Fashion,1,3498,3498,CUST-31549,Website
UK-2026-101549,2026-03-08,South,Hyderabad,Running Sneakers,Fashion,1,2817,2817,CUST-79309,App
UK-2026-102806,2026-04-20,North,Gurugram,Slim Fit Jeans,Fashion,1,1636,1636,CUST-21141,Website
UK-2026-101285,2026-02-15,South,Bengaluru,Foldable Treadmill T2,Sports,1,24268,24268,CUST-76878,Website
UK-2026-102581,2026-04-04,South,Chennai,Football Size 5,Sports,1,904,904,CUST-15300,App
UK-2026-101129,2026-02-18,North,GGN,Modern Wall Clock,Home & Kitchen,1,827,827,CUST-74632,Website
UK-2026-100318,2026-01-29,West,Surat,Smart Watch X2,Electronics,2,4434,8868,CUST-81478,Marketplace
UK-2026-102726,2026-04-10,South,Chennai,Denim Jacket,Fashion,1,2212,2212,CUST-97648,Website
UK-2026-103701,2026-05-28,Central,Nagpur,Modern Wall Clock,Home & Kitchen,4,774,3096,CUST-98296,App
UK-2026-102078,2026-03-16,West,Ahmedabad,Ultrabook Air 14,Electronics,1,30200,30200,CUST-97030,Website
UK-2026-103616,2026-05-13,South,Chennai,Air Fryer 5L,Home & Kitchen,1,5381,5381,CUST-14093,App
UK-2026-101371,2026-02-18,South,Hyderabad,Running Sneakers,Fashion,2,2821,5642,CUST-21631,Marketplace
UK-2026-100138,2026-01-20,West,Surat,Air Fryer 5L,Home & Kitchen,2,5277,10554,CUST-12982,App
UK-2026-101121,2026-02-27,North,Noida,Robot Vacuum R7,Home & Kitchen,1,18143,18143,CUST-28365,Website
UK-2026-100396,2026-01-14,West,Ahmedabad,Modern Wall Clock,Home & Kitchen,1,801,801,CUST-93149,Website
UK-2026-102604,2026-04-02,North,Noida,43-inch Smart TV,Electronics,1,25374,25374,CUST-27378,App
UK-2026-100306,2026-01-01,South,Chennai,Denim Jacket,Fashion,2,2098,4196,CUST-78567,Website
UK-2026-102480,2026-04-14,Central,Bhopal,Air Fryer 5L,Home & Kitchen,2,5308,10616,CUST-99478,App
UK-2026-101551,2026-03-28,South,Bengaluru,Noise-Cancelling Headphones,Electronics,1,8762,8762,CUST-93036,App
UK-2026-102713,2026-04-01,West,Ahmedabad,Sunscreen SPF50,Beauty,2,544,1088,CUST-53732,App
UK-2026-100707,2026-01-09,West,Ahmedabad,Sunscreen SPF50,Beauty,1,536,536,CUST-19340,Marketplace
UK-2026-100145,2026-01-02,North,Delhi,Football Size 5,Sports,2,887,1774,CUST-29172,App
UK-2026-104487,2026-06-30,North,Gurugram,Non-Stick Cookware Set,Home & Kitchen,3,2796,8388,CUST-78282,Website
UK-2026-103220,2026-05-11,West,Ahmedabad,Cotton Bedsheet Set,Home & Kitchen,1,1369,1369,CUST-51043,App
UK-2026-102442,2026-04-07,Central,Bhopal,Mixer Grinder 750W,Home & Kitchen,1,3244,3244,CUST-37831,Marketplace
UK-2026-102358,2026-04-27,East,Patna,Ultrabook Air 14,Electronics,1,30937,30937,CUST-63998,Marketplace
UK-2026-103213,2026-05-06,South,Chennai,Cotton Bedsheet Set,Home & Kitchen,1,1357,1357,CUST-58855,Marketplace
UK-2026-100144,2026-01-01,South,Hyderabad,Ultrabook Air 14,Electronics,1,30956,30956,CUST-56926,Website
UK-2026-104288,2026-06-27,East,Bhubaneswar,Ionic Hair Dryer,Beauty,1,1807,1807,CUST-18256,Website
UK-2026-104475,2026-06-08,East,Bhubaneswar,Ethnic Dupatta,Fashion,1,497,497,CUST-50036,Website
UK-2026-101509,2026-03-01,South,Hyderabad,Power Bank 20000mAh,Electronics,2,1831,3662,CUST-12083,App
UK-2026-100320,2026-01-13,East,Kolkata,Yoga Mat Pro,Sports,1,1171,1171,CUST-57934,App
UK-2026-104908,2026-06-24,North,Delhi,Makeup Brush Set,Beauty,3,1301,3903,CUST-98968,Marketplace
UK-2026-104784,2026-06-30,South,Bengaluru,Eau de Parfum 100ml,Beauty,2,1925,3850,CUST-97113,Website
UK-2026-103702,2026-05-22,East,Calcutta,Noise-Cancelling Headphones,Electronics,1,9180,9180,CUST-76722,Website
UK-2026-100349,2026-01-11,West,Mumbai,Running Sneakers,Fashion,-2,2749,2749,CUST-70474,Website
UK-2026-100987,2026-02-21,East,Bhubaneswar,Sunscreen SPF50,Beauty,1,527,527,CUST-73830,Website
UK-2026-102809,2026-04-12,North,Chandigarh,Wireless Earbuds Pro,Electronics,2,3097,6194,CUST-62709,Marketplace
UK-2026-103344,2026-05-09,East,Guwahati,Electric Kettle 1.5L,Home & Kitchen,1,1061,1061,CUST-68028,App
UK-2026-102745,2026-04-04,Central,Bhopal,Power Bank 20000mAh,Electronics,1,1766,,CUST-54827,Website
UK-2026-100371,2026-01-19,South,Hyderabad,Denim Jacket,Fashion,1,2285,2285,CUST-91064,App
UK-2026-100446,2026-01-08,South,Hyderabad,Noise-Cancelling Headphones,Electronics,2,8645,17290,CUST-72025,App
UK-2026-104620,2026-06-06,East,Patna,Ultrabook Air 14,Electronics,1,29219,29219,CUST-93239,Website
UK-2026-103145,2026-05-12,East,Guwahati,Ultrabook Air 14,Electronics,1,29863,29863,CUST-27374,Website
UK-2026-101595,2026-03-24,West,Pune,Power Bank 20000mAh,Electronics,,1775,1775,CUST-61482,Website
UK-2026-101401,2026-02-21,South,Bengaluru,Bluetooth Speaker Mini,Electronics,1,1468,1468,CUST-32769,Website
UK-2026-101056,2026-02-21,South,Bengaluru,Wireless Earbuds Pro,Electronics,1,2868,2868,CUST-37778,Marketplace
UK-2026-101620,2026-03-10,Central,Bhopal,Makeup Brush Set,Beauty,2,1315,2630,CUST-90893,Website
UK-2026-100567,2026-01-16,South,Hyderabad,Non-Stick Cookware Set,Home & Kitchen,1,2767,2767,CUST-74878,App
UK-2026-102868,2026-04-24,West,Surat,Football Size 5,Sports,1,920,920,CUST-55182,Marketplace
UK-2026-102610,2026-04-14,East,Bhubaneswar,Mixer Grinder 750W,Home & Kitchen,1,3157,3157,CUST-67998,Website
UK-2026-104441,2026-06-26,East,Bhubaneswar,Gym Gloves,Sports,2,518,1036,CUST-81385,Marketplace
UK-2026-103334,20/05/2026,South,Chennai,Makeup Brush Set,Beauty,1,1280,1280,CUST-69536,Marketplace
UK-2026-102967,2026-04-03,West,Mumbai,Mixer Grinder 750W,Home & Kitchen,1,3372,3372,CUST-57670,Marketplace
UK-2026-103567,2026-05-14,West,Ahmedabad,Mixer Grinder 750W,Home & Kitchen,1,3147,3147,CUST-25751,Website
UK-2026-103928,2026-05-08,West,Ahmedabad,Adjustable Dumbbells 15kg,Sports,1,5000,5000,CUST-78931,App
UK-2026-100917,2026-02-20,South,Chennai,Ethnic Dupatta,Fashion,1,488,488,CUST-22850,App
UK-2026-101204,2026-02-03,West,Ahmedabad,Ionic Hair Dryer,Beauty,1,1889,1889,CUST-85132,App
UK-2026-103424,2026-05-25,Central,Nagpur,Robot Vacuum R7,Home & Kitchen,1,19054,19054,CUST-17013,App
UK-2026-100029,2026-01-06,North,Delhi,Vitamin C Serum,Beauty,3,707,2121,CUST-15811,Website
UK-2026-104400,2026-06-16,North,Noida,Dinner Set 24pc,Home & Kitchen,1,2497,2497,CUST-68915,Marketplace
UK-2026-104216,2026-06-18,North,Noida,Leather Wallet,Fashion,2,868,1736,CUST-19683,App
UK-2026-104749,21-06-26,West,Ahmedabad,Robot Vacuum R7,Home & Kitchen,1,19531,19531,CUST-58407,App
UK-2026-102633,2026-04-07,South,Kochi,Mirrorless Camera Lite,Electronics,1,30113,30113,CUST-68354,Website
UK-2026-101096,2026-02-14,West,Mumbai,Gym Gloves,Sports,1,501,501,CUST-30690,App
UK-2026-103134,2026-05-31,Central,Nagpur,Ionic Hair Dryer,Beauty,1,1931,1931,CUST-94353,App
UK-2026-102909,2026-04-04,West,Pune,Noise-Cancelling Headphones,Electronics,1,9190,9190,CUST-37608,Marketplace
UK-2026-101717,2026-03-19,South,Chennai,Makeup Brush Set,Beauty,2,1301,2602,CUST-71570,App
UK-2026-104446,2026-06-23,West,Surat,Leather Wallet,Fashion,1,911,911,CUST-72322,App
UK-2026-102758,2026-04-12,East,Guwahati,Leather Wallet,Fashion,3,925,2775,CUST-76571,App
UK-2026-100042,2026-01-06,North,Delhi,Non-Stick Cookware Set,Home & Kitchen,2,2895,5790,CUST-19539,Website
UK-2026-100914,2026-02-14,South,Chennai,Beard Grooming Kit,Beauty,2,969,1938,CUST-16173,Website
UK-2026-103498,2026-05-18,East,Guwahati,Sunscreen SPF50,Beauty,1,532,532,CUST-40981,Website
UK-2026-100524,2026-01-24,East,Kolkata,Yoga Mat Pro,Sports,1,1150,1150,CUST-37030,App
UK-2026-100929,2026-02-23,Central,Raipur,43-inch Smart TV,Electronics,2,25385,50770,CUST-25889,App
UK-2026-102944,06/04/2026,North,Delhi,Power Bank 20000mAh,Electronics,1,1836,1836,CUST-91610,Marketplace
UK-2026-100188,2026-01-15,North,Gurugram,Electric Kettle 1.5L,Home & Kitchen,1,1107,1107,CUST-40605,Marketplace
UK-2026-104471,2026-06-05,North,Delhi,Ethnic Dupatta,Fashion,1,505,505,CUST-75876,App
UK-2026-102873,2026-04-14,North,Chandigarh,Robot Vacuum R7,Home & Kitchen,2,19871,39742,CUST-80081,Marketplace
UK-2026-101437,2026-02-28,North,Noida,Beard Grooming Kit,Beauty,1,1001,1001,CUST-32166,Website
UK-2026-102336,2026-04-27,East,Guwahati,Cycling Helmet,Sports,3,1537,4611,CUST-76913,Website
UK-2026-101556,2026-03-12,Central,Nagpur,Slim Fit Jeans,Fashion,1,1642,1642,CUST-13239,App
UK-2026-104390,2026-06-06,South,Kochi,Ethnic Dupatta,Fashion,1,476,476,CUST-86458,Website
UK-2026-102181,2026-03-18,West,Pune,Slim Fit Jeans,Fashion,2,1672,3344,CUST-32859,App
UK-2026-101794,2026-03-01,West,Surat,Ethnic Dupatta,Fashion,2,492,984,CUST-31557,App
UK-2026-101848,2026-03-23,Central,Raipur,Ultrabook Air 14,Electronics,2,31097,62194,CUST-81628,Marketplace
UK-2026-100538,2026-01-14,South,Bengaluru,Denim Jacket,Fashion,1,2151,2151,CUST-93822,Website
UK-2026-103866,2026-05-07,North,Noida,Modern Wall Clock,Home & Kitchen,1,789,789,CUST-82841,App
UK-2026-100102,2026-01-08,North,Noida,43-inch Smart TV,Electronics,2,24896,49792,CUST-37831,App
UK-2026-104293,2026-06-16,North,Delhi,Electric Kettle 1.5L,Home & Kitchen,0,1059,3177,CUST-56726,Marketplace
UK-2026-104281,2026-06-08,South,Hyderabad,Running Sneakers,Fashion,1,2932,2932,CUST-22408,Website
UK-2026-100227,2026-01-04,South,Chennai,Ultrabook Air 14,Electronics,2,30968,61936,CUST-99478,App
UK-2026-102968,2026-04-01,West,Mumbai,Face Wash Combo,Beauty,1,445,445,CUST-36614,App
UK-2026-101892,2026-03-21,East,Guwahati,Bluetooth Speaker Mini,Electronics,2,1547,3094,CUST-59109,Marketplace
UK-2026-103849,2026-05-05,North,Noida,Leather Wallet,Fashion,1,895,895,CUST-75635,App
UK-2026-103682,2026-05-29,North,Noida,Leather Wallet,Fashion,,934,1868,CUST-25192,Website
UK-2026-100210,2026-01-22,Central,Bhopal,Vitamin C Serum,Beauty,3,710,2130,CUST-28533,Website
UK-2026-103194,2026-05-08,South,Kochi,Denim Jacket,Fashion,3,2249,6747,CUST-35354,App
UK-2026-104273,2026-06-09,North,Gurugram,Matte Lipstick Set,Beauty,4,944,3776,CUST-59841,App
UK-2026-104170,2026-06-18,South,Kochi,Mirrorless Camera Lite,Electronics,1,28580,28580,CUST-19480,App
UK-2026-104593,2026-06-29,South,Hyderabad,Cycling Helmet,Sports,2,1654,3308,CUST-12083,App
UK-2026-101496,2026-03-08,North,GGN,Ethnic Dupatta,Fashion,4,489,1956,CUST-54437,Website
UK-2026-104781,2026-06-11,South,Hyderabad,Ultrabook Air 14,Electronics,2,30643,61286,CUST-56193,App
UK-2026-102436,2026-04-17,West,Pune,Slim Fit Jeans,Fashion,1,1585,1585,CUST-23680,App
UK-2026-104189,2026-06-30,South,Chennai,Robot Vacuum R7,Home & Kitchen,2,18820,37640,CUST-66341,App
UK-2026-101304,2026-02-09,East,Kolkata,Non-Stick Cookware Set,Home & Kitchen,2,2886,5772,CUST-21397,App
UK-2026-103248,2026-05-21,North,Delhi,Makeup Brush Set,Beauty,2,1319,2638,CUST-86404,Website
UK-2026-104560,2026-06-06,Central,Raipur,Wireless Earbuds Pro,Electronics,1,2999,2999,CUST-87541,Marketplace
UK-2026-102076,2026-03-29,West,Ahmedabad,Running Sneakers,Fashion,1,2676,2676,CUST-30168,Website
UK-2026-103077,2026-04-26,North,Chandigarh,Silk Saree,Fashion,1,3641,3641,CUST-78928,Website
UK-2026-103348,2026-05-20,West,Pune,Yoga Mat Pro,Sports,2,1219,2438,CUST-10735,Website
UK-2026-102630,2026-04-30,West,Surat,Ethnic Dupatta,Fashion,2,490,980,CUST-85294,Website
UK-2026-103138,2026-05-17,South,Hyderabad,Slim Fit Jeans,Fashion,1,1608,1608,CUST-73876,App
UK-2026-103786,2026-05-07,Central,Raipur,43-inch Smart TV,Electronics,1,25636,25636,CUST-72390,Marketplace
UK-2026-101939,2026-03-26,,Bhopal,Electric Kettle 1.5L,Home & Kitchen,1,1077,1077,CUST-30705,App
UK-2026-104630,2026-06-20,West,Ahmedabad,Formal Shirt,Fashion,1,1067,1067,CUST-85320,App
UK-2026-100296,2026-01-12,North,Gurugram,Cotton Bedsheet Set,Home & Kitchen,4,1400,5600,CUST-86015,App
UK-2026-100676,2026-01-28,East,Guwahati,Eau de Parfum 100ml,Beauty,2,2056,4112,CUST-81867,App
UK-2026-104761,2026-06-29,North,Noida,Adjustable Dumbbells 15kg,Sports,1,5155,5155,CUST-43523,Website
UK-2026-100630,2026-01-23,West,Pune,Smart Watch X2,Electronics,1,4319,4319,CUST-69761,App
UK-2026-103776,2026-05-12,East,Bhubaneswar,Formal Shirt,Fashion,2,1151,2302,CUST-12653,App
UK-2026-103247,2026-05-12,North,Gurugram,Robot Vacuum R7,Home & Kitchen,1,19176,19176,CUST-72855,App
UK-2026-103393,2026-05-25,North,Noida,Smart Watch X2,Electronics,1,4707,4707,CUST-49995,Marketplace
UK-2026-100163,2026-01-28,North,Noida,Running Sneakers,Fashion,1,2778,2778,CUST-62163,Website
UK-2026-101170,2026-02-14,South,Chennai,Cycling Helmet,Sports,1,1587,1587,CUST-83682,Website
UK-2026-100718,2026-01-14,South,Bengaluru,Power Bank 20000mAh,Electronics,1,1823,1823,CUST-14751,App
UK-2026-102734,2026-04-21,North,Delhi,Mirrorless Camera Lite,Electronics,1,30437,30437,CUST-37768,Marketplace
UK-2026-104672,2026-06-16,South,Hyderabad,Robot Vacuum R7,Home & Kitchen,1,19246,19246,CUST-10787,Marketplace
UK-2026-104215,2026-06-12,East,Guwahati,Electric Kettle 1.5L,Home & Kitchen,,1050,1050,CUST-50279,App
UK-2026-102020,2026-03-17,South,Kochi,Denim Jacket,Fashion,1,2301,2301,CUST-42495,Website
UK-2026-101358,2026-02-27,North,Noida,Cotton Kurta Set,Fashion,1,1326,1326,CUST-58481,Website
UK-2026-100381,2026-01-10,North,Noida,Noise-Cancelling Headphones,Electronics,2,8946,17892,CUST-17305,App
UK-2026-102295,2026-04-08,Central,Indore,Ethnic Dupatta,Fashion,2,480,960,CUST-24016,App
UK-2026-103579,2026-05-30,North,Delhi,Running Sneakers,Fashion,2,2699,5398,CUST-24438,Marketplace
UK-2026-103062,2026-04-25,West,Ahmedabad,Power Bank 20000mAh,Electronics,1,1774,1774,CUST-69719,App
UK-2026-100350,2026-01-03,East,Patna,Modern Wall Clock,Home & Kitchen,3,811,2433,CUST-58389,Marketplace
UK-2026-101393,2026-02-11,North,Gurugram,Running Sneakers,Fashion,1,2693,2693,CUST-82278,Marketplace
UK-2026-102492,2026-04-24,South,Madras,Foldable Treadmill T2,Sports,1,25661,25661,CUST-25751,Website
UK-2026-103932,2026-05-19,North,Gurugram,Foldable Treadmill T2,Sports,2,25014,50028,CUST-22940,Website
UK-2026-103239,2026-05-21,West,Pune,Modern Wall Clock,Home & Kitchen,1,762,762,CUST-60887,App
UK-2026-101379,2026-02-26,South,Bengaluru,Mirrorless Camera Lite,Electronics,1,28171,28171,CUST-28574,Website
UK-2026-103831,2026-05-21,East,Patna,Non-Stick Cookware Set,Home & Kitchen,1,2881,2881,CUST-77392,Marketplace
UK-2026-101341,2026-02-26,South,Kochi,Ionic Hair Dryer,Beauty,2,1935,3870,CUST-52180,Website
UK-2026-101927,2026-03-07,West,Ahmedabad,Face Wash Combo,Beauty,1,462,462,CUST-25770,App
UK-2026-101217,2026-02-13,South,Bengaluru,Noise-Cancelling Headphones,Electronics,2,8845,17690,CUST-34318,App
UK-2026-100637,2026-01-17,South,Kochi,Cotton Kurta Set,Fashion,2,1315,2630,CUST-16959,Website
UK-2026-102763,2026-04-04,East,Patna,Adjustable Dumbbells 15kg,Sports,1,5204,5204,CUST-19064,Marketplace
UK-2026-104675,2026-06-01,Central,Indore,Formal Shirt,Fashion,1,1142,1142,CUST-50649,Website
UK-2026-100098,2026-01-16,North,Delhi,Foldable Treadmill T2,Sports,2,24737,49474,CUST-97293,Website
UK-2026-102266,2026-04-01,Central,Nagpur,Ultrabook Air 14,Electronics,2,29719,59438,CUST-98723,App
UK-2026-103528,2026-05-11,North,Gurugram,Wireless Earbuds Pro,Electronics,2,3146,6292,CUST-92444,Marketplace
UK-2026-101499,2026-03-12,North,Chandigarh,Denim Jacket,Fashion,1,2233,2233,CUST-71542,Website
UK-2026-102999,2026-04-05,North,Chandigarh,Noise-Cancelling Headphones,Electronics,1,9412,,CUST-48062,Marketplace
UK-2026-104523,2026-06-27,South,Bengaluru,Electric Kettle 1.5L,Home & Kitchen,1,1062,1062,CUST-81876,Marketplace
UK-2026-104843,2026-06-03,Central,Indore,Mixer Grinder 750W,Home & Kitchen,1,3355,3355,CUST-20540,App
UK-2026-104956,2026-06-02,North,Noida,Formal Shirt,Fashion,,1093,1093,CUST-64126,Website
UK-2026-103824,2026-05-22,West,Surat,Yoga Mat Pro,Sports,1,1218,1218,CUST-69993,App
UK-2026-101306,2026-02-02,East,Kolkata,Ultrabook Air 14,Electronics,1,31435,31435,CUST-46640,Website
UK-2026-104589,2026-06-07,Central,Bhopal,Football Size 5,Sports,1,932,932,CUST-33470,App
UK-2026-104468,2026-06-25,South,Bengaluru,Foldable Treadmill T2,Sports,1,25861,25861,CUST-70220,Marketplace
UK-2026-101719,2026-03-19,North,Delhi,Eau de Parfum 100ml,Beauty,1,2058,2058,CUST-78928,App
UK-2026-104423,2026-06-18,North,Noida,Formal Shirt,Fashion,1,1063,1063,CUST-24438,Website
UK-2026-104259,2026-06-12,North,GGN,Formal Shirt,Fashion,1,1129,1129,CUST-87678,App
UK-2026-102284,2026-04-24,Central,Bhopal,noise-cancelling headphones,Electronics,1,9126,9126,CUST-47235,Marketplace
UK-2026-104333,2026-06-26,South,Bengaluru,Non-Stick Cookware Set,Home & Kitchen,1,2856,2856,CUST-67927,Marketplace
UK-2026-103207,2026-05-30,,Noida,Denim Jacket,Fashion,1,2272,2272,CUST-34648,Website
UK-2026-103630,2026-05-02,South,Bengaluru,Bluetooth Speaker Mini,Electronics,2,1428,2856,CUST-55438,App
UK-2026-101943,2026-03-09,South,Chennai,Power Bank 20000mAh,Electronics,1,1731,1731,CUST-88730,Marketplace
UK-2026-100616,2026-01-02,South,Hyderabad,Ethnic Dupatta,Fashion,1,503,503,CUST-45855,App
UK-2026-100575,2026-01-18,South,Kochi,Ultrabook Air 14,Electronics,1,29739,29739,CUST-70380,App
UK-2026-100175,2026-01-07,South,Bengaluru,Ethnic Dupatta,Fashion,1,515,515,CUST-35493,Website
UK-2026-100679,2026-01-06,South,Bengaluru,Foldable Treadmill T2,Sports,2,26085,52170,CUST-76039,Marketplace
UK-2026-103186,2026-05-18,Central,Nagpur,Badminton Racket Set,Sports,,2405,2405,CUST-99403,App
UK-2026-104702,2026-06-05,West,Surat,Cotton Kurta Set,Fashion,2,1260,2520,CUST-54827,Website
UK-2026-100706,2026-01-10,East,Bhubaneswar,Electric Kettle 1.5L,Home & Kitchen,4,1146,4584,CUST-66310,App
UK-2026-104527,2026-06-26,West,Ahmedabad,Denim Jacket,Fashion,1,2151,2151,CUST-56533,App
UK-2026-101692,2026-03-27,South,Kochi,Denim Jacket,Fashion,2,2102,4204,CUST-10958,Marketplace
UK-2026-100870,03-02-26,Central,Indore,Ethnic Dupatta,Fashion,2,514,1028,CUST-90359,App
UK-2026-102447,2026-04-02,West,Surat,43-inch Smart TV,Electronics,1,24745,"24,745.00",CUST-14104,App
UK-2026-100234,2026-01-02,West,Ahmedabad,Foldable Treadmill T2,Sports,2,24115,48230,CUST-78931,App
UK-2026-104954,2026-06-14,West,Surat,Cotton Kurta Set,Fashion,1,1234,1234,CUST-11727,App
UK-2026-101695,"Mar 23, 2026",South,Chennai,43-inch Smart TV,Electronics,1,25288,25288,CUST-30440,App
UK-2026-104103,2026-06-27,West,Mumbai,Ultrabook Air 14,Electronics,1,30842,30842,CUST-26321,Marketplace
UK-2026-103159,2026-05-09,South,Madras,Noise-Cancelling Headphones,Electronics,1,8960,8960,CUST-66451,App
UK-2026-100696,2026-01-01,South,Kochi,Robot Vacuum R7,Home & Kitchen,1,18861,18861,CUST-76359,Website
UK-2026-104072,2026-06-15,North,Delhi,Vitamin C Serum,Beauty,1,676,676,CUST-98565,App
UK-2026-100488,2026-01-12,East,Guwahati,Yoga Mat Pro,Sports,1,1193,1193,CUST-51147,Website
UK-2026-103497,2026-05-11,West,Surat,Cotton Kurta Set,Fashion,1,1241,1241,CUST-87825,App
UK-2026-100911,2026-02-07,South,Bengaluru,Ethnic Dupatta,Fashion,2,484,968,CUST-22630,Website
UK-2026-103127,2026-05-20,South,Hyderabad,Smart Watch X2,Electronics,2,4326,8652,CUST-78158,App
UK-2026-100735,2026-02-10,East,Patna,Matte Lipstick Set,Beauty,1,855,855,CUST-94527,Website
UK-2026-103475,2026-05-14,West,Pune,Ionic Hair Dryer,Beauty,1,1921,1921,CUST-93822,Website
UK-2026-102739,2026-04-07,South,Chennai,Sunscreen SPF50,Beauty,-2,539,1078,CUST-83063,Marketplace
UK-2026-104383,2026-06-16,North,Gurugram,Gym Gloves,Sports,2,493,986,CUST-45867,App
UK-2026-103276,2026-05-25,North,Delhi,Silk Saree,Fashion,1,3365,3365,CUST-42101,App
UK-2026-102560,2026-04-23,Central,Raipur,Ionic Hair Dryer,Beauty,1,1910,1910,CUST-31825,App
UK-2026-102371,2026-04-30,North,Delhi,Cycling Helmet,Sports,1,1596,1596,CUST-94527,Marketplace
UK-2026-103184,2026-05-11,West,Mumbai,Ultrabook Air 14,Electronics,1,30964,30964,CUST-90428,Marketplace
UK-2026-104574,2026-06-27,Central,Bhopal,Adjustable Dumbbells 15kg,Sports,2,5193,10386,CUST-48751,Marketplace
UK-2026-102060,2026-03-14,North,Gurugram,Smart Watch X2,Electronics,1,4698,4698,CUST-63998,App
UK-2026-103683,2026-05-31,Central,Nagpur,Cotton Bedsheet Set,Home & Kitchen,1,1440,1440,CUST-22253,App
UK-2026-102743,2026-04-17,South,Kochi,Cotton Kurta Set,Fashion,1,1258,1258,CUST-46354,Website
UK-2026-104727,2026-06-05,North,Gurugram,Mirrorless Camera Lite,Electronics,1,27551,27551,CUST-29135,App
UK-2026-102255,2026-04-07,South,Hyderabad,Electric Kettle 1.5L,Home & Kitchen,1,1107,1107,CUST-63536,Website
UK-2026-104004,2026-05-17,South,Kochi,Denim Jacket,Fashion,1,2092,2092,CUST-98326,Website
UK-2026-103978,2026-05-14,South,Kochi,Air Fryer 5L,Home & Kitchen,1,5524,5524,CUST-78475,Website
UK-2026-100607,2026-01-14,North,Chandigarh,Noise-Cancelling Headphones,Electronics,3,9157,27471,CUST-74207,App
UK-2026-104598,2026-06-27,East,Patna,Denim Jacket,Fashion,1,2240,"₹2,240",CUST-77392,Website
UK-2026-104458,2026-06-28,West,Surat,Electric Kettle 1.5L,Home & Kitchen,2,1113,2226,CUST-46150,App
UK-2026-102781,2026-04-13,East,Patna,Football Size 5,Sports,2,941,1882,CUST-80257,Website
UK-2026-101245,2026-02-02,North,Chandigarh,Air Fryer 5L,Home & Kitchen,1,5466,5466,CUST-12982,App
UK-2026-104084,12-06-26,North,Chandigarh,Robot Vacuum R7,Home & Kitchen,1,19930,19930,CUST-39070,App
UK-2026-101187,2026-02-16,West,Surat,Modern Wall Clock,Home & Kitchen,1,796,796,CUST-78475,Website
UK-2026-100445,2026-01-26,West,Ahmedabad,Makeup Brush Set,Beauty,1,1309,1309,CUST-18764,App
UK-2026-101415,2026-02-28,South,Madras,Ionic Hair Dryer,Beauty,1,1836,1836,CUST-87064,App
UK-2026-101075,2026-02-05,North,Noida,Ethnic Dupatta,Fashion,1,508,508,CUST-77646,App
UK-2026-100861,2026-02-25,North,Gurugram,Dinner Set 24pc,Home & Kitchen,3,2581,7743,CUST-76039,Marketplace
UK-2026-101898,2026-03-05,South,CHENNAI,Dinner Set 24pc,Home & Kitchen,3,2387,7161,CUST-98680,App
UK-2026-102368,2026-04-14,North,Delhi,Electric Kettle 1.5L,Home & Kitchen,1,1063,1063,CUST-23620,Website
UK-2026-103843,2026-05-25,West,Pune,Face Wash Combo,Beauty,1,458,458,CUST-31478,Website
UK-2026-101495,2026-03-07,South,Hyderabad,Ethnic Dupatta,Fashion,1,500,500,CUST-97302,Website
UK-2026-101149,2026-02-09,North,Delhi,Dinner Set 24pc,Home & Kitchen,1,2420,2420,CUST-44782,Website
UK-2026-103963,2026-05-30,East,Patna,Power Bank 20000mAh,Electronics,2,1874,3748,CUST-73002,Marketplace
UK-2026-103128,2026-05-12,North,DELHI,Vitamin C Serum,Beauty,2,690,1380,CUST-82603,App
UK-2026-101332,2026-02-05,North,Noida,Slim Fit Jeans,Fashion,1,1665,1665,CUST-24621,Website
UK-2026-102368,2026-04-14,North,Delhi,Electric Kettle 1.5L,Home & Kitchen,1,1063,1063,CUST-23620,Website
UK-2026-102722,2026-04-10,Central,Raipur,Cycling Helmet,Sports,1,1674,1674,CUST-12982,Marketplace
UK-2026-102699,2026-04-19,South,Kochi,Leather Wallet,Fashion,1,909,909,CUST-54379,App
UK-2026-102858,2026-04-24,South,Kochi,  Leather Wallet,Fashion,1,924,924,CUST-97805,App
UK-2026-100508,2026-01-07,North,Chandigarh,Matte Lipstick Set,Beauty,1,898,898,CUST-15912,App
UK-2026-103997,2026-05-29,South,Kochi,Electric Kettle 1.5L,Home & Kitchen,1,1145,1145,CUST-77205,App
UK-2026-101970,2026-03-11,North,Noida,Silk Saree,Fashion,1,3655,3655,CUST-78931,App
UK-2026-102881,2026-04-26,East,Bhubaneswar,Wireless Earbuds Pro,Electronics,1,2928,2928,CUST-77584,App
UK-2026-104764,2026-06-07,Central,Nagpur,Ethnic Dupatta,Fashion,1,494,494,CUST-86404,App
UK-2026-101209,2026-02-25,South,Kochi,Power Bank 20000mAh,Electronics,1,1789,1789,CUST-30406,App
UK-2026-100781,2026-02-20,Central,Nagpur,Ultrabook Air 14,Electronics,1,30497,30497,CUST-93825,Website
UK-2026-102392,2026-04-06,South,Hyderabad,Mirrorless Camera Lite,Electronics,1,28099,28099,CUST-56949,Website
UK-2026-100097,2026-01-19,West,Pune,Mirrorless Camera Lite,Electronics,1,29922,29922,CUST-45902,Website
UK-2026-101044,2026-02-03,South,Bengaluru,Ethnic Dupatta,Fashion,3,486,1458,CUST-68605,App
UK-2026-103651,2026-05-04,East,Kolkata,Bluetooth Speaker Mini,Electronics,1,1502,1502,CUST-76290,Marketplace
UK-2026-103766,2026-05-02,Central,Bhopal,Smart Watch X2,Electronics,1,4305,4305,CUST-16863,App
UK-2026-100858,2026-02-09,West,Mumbai,Cricket Bat English Willow,Sports,1,9048,9048,CUST-99685,Marketplace
UK-2026-100600,2026-01-06,East,Kolkata,Wireless Earbuds Pro,Electronics,1,3071,3071,CUST-34728,App
UK-2026-102395,2026-04-07,South,Madras,Bluetooth Speaker Mini,Electronics,1,1481,1481,CUST-70669,Website
UK-2026-100930,2026-02-20,South,Chennai,Silk Saree,Fashion,1,3663,3663,CUST-71124,App
UK-2026-104414,2026-06-30,,Surat,Makeup Brush Set,Beauty,1,1286,1286,CUST-66109,App
UK-2026-100778,2026-02-12,South,Chennai,Power Bank 20000mAh,Electronics,-2,1789,1789,CUST-63600,App
UK-2026-102003,2026-03-31,North,Noida,Wireless Earbuds Pro,Electronics,1,3078,3078,CUST-35888,Marketplace
UK-2026-103151,2026-05-21,West,Mumbai,43-inch Smart TV,Electronics,3,25344,76032,CUST-50781,App
UK-2026-100317,2026-01-02,West,Pune,Silk Saree,Fashion,1,3502,3502,CUST-38603,Website
UK-2026-102307,2026-04-30,South,Bengaluru,Slim Fit Jeans,Fashion,1,1611,1611,CUST-84998,Website
UK-2026-103798,2026-05-18,North,Noida,Air Fryer 5L,Home & Kitchen,1,5490,5490,CUST-67019,App
UK-2026-100611,2026-01-19,North,Chandigarh,Wireless Earbuds Pro,Electronics,,3049,3049,CUST-97318,App
UK-2026-101399,2026-02-02,Central,Nagpur,Bluetooth Speaker Mini,Electronics,2,1445,2890,CUST-19953,Marketplace
UK-2026-103049,2026-04-01,North,Delhi,Matte Lipstick Set,Beauty,1,928,928,CUST-71453,Marketplace
UK-2026-100921,2026-02-25,East,Kolkata,Running Sneakers,Fashion,1,2741,2741,CUST-96352,Website
UK-2026-102075,2026-03-24,West,Surat,Makeup Brush Set,Beauty,2,1269,2538,CUST-53444,App
UK-2026-101983,2026-03-23,Central,Nagpur,Wireless Earbuds Pro,Electronics,1,2870,2870,CUST-61393,Marketplace
UK-2026-100714,2026-01-09,West,Surat,Power Bank 20000mAh,Electronics,2,1800,3600,CUST-69885,App
UK-2026-103673,2026-05-15,South,Bengaluru,Robot Vacuum R7,Home & Kitchen,1,19407,"19,407.00",CUST-34197,Website
UK-2026-101084,2026-02-02,North,Noida,Adjustable Dumbbells 15kg,Sports,1,4813,4813,CUST-96316,Website
UK-2026-102291,2026-04-17,South,Hyderabad,Bluetooth Speaker Mini,Electronics,1,1441,1441,CUST-96752,Marketplace
UK-2026-101643,2026-03-15,East,Guwahati,Mixer Grinder 750W,Home & Kitchen,2,3136,6272,CUST-78949,Website
UK-2026-104752,2026-06-28,West,Ahmedabad,Air Fryer 5L,Home & Kitchen,1,5738,5738,CUST-45174,App
UK-2026-100910,2026-02-10,Central,Nagpur,Makeup Brush Set,Beauty,1,1300,1300,CUST-47315,Website
UK-2026-100514,2026-01-14,East,Guwahati,Mirrorless Camera Lite,Electronics,2,28453,56906,CUST-76611,Website
UK-2026-102224,2026-03-23,South,Chennai,Wireless Earbuds Pro,Electronics,1,2910,2910,CUST-23620,Website
UK-2026-100239,2026-01-06,South,Kochi,Non-Stick Cookware Set,Home & Kitchen,3,2963,8889,CUST-11991,App
UK-2026-102741,2026-04-03,South,Kochi,Foldable Treadmill T2,Sports,1,23947,23947,CUST-38375,Website
UK-2026-103288,2026-05-15,West,Ahmedabad,Running Sneakers,Fashion,1,2748,2748,CUST-75512,Website
UK-2026-103751,2026-05-15,North,Noida,Sunscreen SPF50,Beauty,1,523,523,CUST-56060,App
UK-2026-103166,2026-05-10,South,Chennai,Mixer Grinder 750W,Home & Kitchen,1,3144,3144 INR,CUST-70736,Website
UK-2026-104167,2026-06-27,East,Patna,Wireless Earbuds Pro,Electronics,1,3120,3120,CUST-47724,App
UK-2026-102211,2026-03-01,Central,Bhopal,Running Sneakers,Fashion,1,2860,2860,CUST-80012,Website
UK-2026-101987,2026-03-26,Central,Raipur,Bluetooth Speaker Mini,Electronics,2,1515,3030,CUST-50030,Marketplace
UK-2026-100267,2026-01-06,East,Guwahati,Cotton Kurta Set,Fashion,2,1347,2694,CUST-94765,Website
UK-2026-103772,2026-05-14,West,Pune,Electric Kettle 1.5L,Home & Kitchen,2,1122,2244,CUST-26708,Marketplace
UK-2026-103405,2026-05-27,South,Hyderabad,Cotton Kurta Set,Fashion,2,1265,2530,CUST-38268,App
UK-2026-101665,2026-03-20,Central,Bhopal,Makeup Brush Set,Beauty,1,1339,1339,CUST-30288,Website
UK-2026-101911,2026-03-25,East,Kolkata,Smart Watch X2,Electronics,1,4524,4524,CUST-55126,App
UK-2026-102065,2026-03-09,South,Chennai,Modern Wall Clock,Home & Kitchen,2,804,1608,CUST-23331,Marketplace
UK-2026-104940,2026-06-01,South,Kochi,Silk Saree,Fashion,1,3453,3453,CUST-34841,App
UK-2026-101206,2026-02-28,North,Noida,Cycling Helmet,Sports,1,1586,1586,CUST-11479,App
UK-2026-100852,2026-02-15,,Noida,Cotton Kurta Set,Fashion,1,1252,1252,CUST-19064,App
UK-2026-104832,2026-06-27,West,Pune,Ultrabook Air 14,Electronics,3,31134,93402,CUST-15300,Marketplace
UK-2026-101134,2026-02-19,South,Kochi,Mirrorless Camera Lite,Electronics,1,28576,28576,CUST-12014,App
UK-2026-101641,2026-03-11,North,Chandigarh,Electric Kettle 1.5L,Home & Kitchen,1,1047,1047,CUST-57448,App
UK-2026-101945,2026-03-12,North,Gurugram,Silk Saree,Fashion,2,3563,7126,CUST-25211,App
UK-2026-102946,2026-04-21,East,Patna,Air Fryer 5L,Home & Kitchen,1,5341,5341,CUST-76646,App
UK-2026-102841,2026-04-09,North,Chandigarh,Mixer Grinder 750W,Home & Kitchen,1,3174,,CUST-28417,App
UK-2026-101644,02/03/2026,East,Patna,Denim Jacket,Fashion,1,2128,2128,CUST-78429,Website
UK-2026-104013,2026-05-30,West,Mumbai,  Smart Watch X2,Electronics,4,4398,17592,CUST-15481,Website
UK-2026-102088,2026-03-29,West,Ahmedabad,Ethnic Dupatta,Fashion,1,495,495,CUST-64992,Website
UK-2026-104317,2026-06-26,Central,Nagpur,Noise-Cancelling Headphones,Electronics,1,8606,8606,CUST-37761,App
UK-2026-101407,2026-02-23,North,Gurugram,Robot Vacuum R7,Home & Kitchen,2,18768,37536,CUST-41770,Website
UK-2026-103661,2026-05-19,South,Chennai,Vitamin C Serum,Beauty,1,715,715,CUST-69739,App
UK-2026-104992,2026-06-12,Central,Bhopal,Power Bank 20000mAh,Electronics,1,1726,1726,CUST-96908,Marketplace
UK-2026-101363,2026-02-10,East,Kolkata,Beard Grooming Kit,Beauty,1,1037,1037,CUST-16483,Website
UK-2026-100335,2026-01-22,East,Guwahati,Cotton Bedsheet Set,Home & Kitchen,2,1340,2680,CUST-52624,Website
UK-2026-100367,2026-01-25,East,Kolkata,Smart Watch X2,Electronics,1,4561,4561,CUST-99844,Marketplace
UK-2026-100958,2026-02-03,Central,Bhopal,43-inch Smart TV,Electronics,1,24941,24941,CUST-83221,Marketplace
UK-2026-102033,2026-03-29,West,Surat,Matte Lipstick Set,Beauty,1,910,910,CUST-28043,Marketplace
UK-2026-100625,2026-01-29,Central,Bhopal,Adjustable Dumbbells 15kg,Sports,1,4813,4813,CUST-76584,Website
UK-2026-100322,2026-01-05,West,Pune,Electric Kettle 1.5L,Home & Kitchen,1,1046,1046,CUST-28574,Marketplace
UK-2026-101962,2026-03-08,West,Pune,Cotton Bedsheet Set,Home & Kitchen,1,1341,"1,341.00",CUST-14281,Website
UK-2026-103617,2026-05-31,East,Kolkata,43-inch Smart TV,Electronics,2,25327,50654,CUST-53708,App
UK-2026-100738,2026-02-12,West,Ahmedabad,Bluetooth Speaker Mini,Electronics,1,1567,1567,CUST-74942,App
UK-2026-102319,"Apr 17, 2026",South,Hyderabad,Bluetooth Speaker Mini,Electronics,1,1506,1506,CUST-39912,App
UK-2026-100752,2026-02-18,North,Gurgaon,Formal Shirt,Fashion,1,1104,1104,CUST-79427,App
UK-2026-100962,2026-02-22,East,Kolkata,Robot Vacuum R7,Home & Kitchen,2,18904,37808,CUST-13341,App
UK-2026-101800,2026-03-24,South,Hyderabad,Bluetooth Speaker Mini,Electronics,1,1495,1495,CUST-94527,App
UK-2026-104322,2026-06-02,West,Pune,Cotton Kurta Set,Fashion,1,1319,1319,CUST-10380,App
UK-2026-101777,2026-03-22,East,Guwahati,Ultrabook Air 14,Electronics,1,29491,29491,CUST-26617,App
UK-2026-101743,2026-03-24,South,Kochi,Robot Vacuum R7,Home & Kitchen,2,18156,36312,CUST-44725,Marketplace
UK-2026-101381,2026-02-20,West,Pune,Mirrorless Camera Lite,Electronics,2,29936,59872,CUST-45786,Marketplace
UK-2026-104645,2026-06-07,West,Pune,Silk Saree,Fashion,1,3486,3486,CUST-90597,App
UK-2026-103439,2026-05-03,West,Surat,Badminton Racket Set,Sports,1,2481,2481,CUST-39667,App
UK-2026-100671,2026-01-18,North,Gurugram,Mirrorless Camera Lite,Electronics,1,28466,28466,CUST-76866,Website
UK-2026-101564,2026-03-02,West,Pune,Beard Grooming Kit,Beauty,1,1023,1023,CUST-55711,Website
UK-2026-104996,2026-06-24,North,Noida,Silk Saree,Fashion,1,3583,3583,CUST-84349,App
UK-2026-102031,2026-03-17,South,Kochi,Vitamin C Serum,Beauty,2,676,1352,CUST-46640,App
UK-2026-104874,2026-06-24,North,Gurugram,Matte Lipstick Set,Beauty,1,865,865,CUST-39853,App
UK-2026-100023,2026-01-29,North,Delhi,Power Bank 20000mAh,Electronics,3,1881,5643,CUST-54182,App
UK-2026-101053,2026-02-12,West,Surat,Power Bank 20000mAh,Electronics,2,1844,3688,CUST-95455,Marketplace
UK-2026-100923,2026-02-12,North,Noida,Cycling Helmet,Sports,2,1556,3112,CUST-53175,App
UK-2026-104376,2026-06-11,South,Chennai,Silk Saree,Fashion,1,3559,3559,CUST-79734,Website
UK-2026-101162,2026-02-10,North,Chandigarh,Non-Stick Cookware Set,Home & Kitchen,1,2980,2980,CUST-78577,Website
UK-2026-101111,2026-02-24,East,Patna,Smart Watch X2,Electronics,1,4452,4452,CUST-42321,Website
UK-2026-101439,2026-02-17,Central,Indore,Eau de Parfum 100ml,Beauty,1,2023,2023,CUST-84385,App
UK-2026-103148,2026-05-13,North,Gurugram,Mirrorless Camera Lite,Electronics,1,29987,29987,CUST-37030,Marketplace
UK-2026-100235,2026-01-08,North,Noida,Running Sneakers,Fashion,1,2920,2920,CUST-31478,App
UK-2026-103890,2026-05-17,West,Mumbai,Leather Wallet,Fashion,1,880,880,CUST-94051,Website
UK-2026-102608,2026-04-11,West,Ahmedabad,Running Sneakers,Fashion,0,2733,2733,CUST-68075,App
UK-2026-102570,2026-04-08,North,Chandigarh,Football Size 5,Sports,3,861,2583,CUST-87541,App
UK-2026-104951,2026-06-03,West,Mumbai,Cycling Helmet,Sports,1,1528,1528,CUST-97226,Website
UK-2026-104079,2026-06-17,South,Bengaluru,Leather Wallet,Fashion,1,919,919,CUST-56720,Marketplace
UK-2026-104331,2026-06-16,North,Gurugram,Noise-Cancelling Headphones,Electronics,2,9324,18648,CUST-66703,Website
UK-2026-104054,2026-06-16,North,Delhi,Mixer Grinder 750W,Home & Kitchen,1,3360,3360,CUST-76290,App
UK-2026-101093,2026-02-06,East,Patna,Smart Watch X2,Electronics,1,4395,4395,CUST-86752,Website
UK-2026-101591,30/03/2026,Central,Nagpur,Cotton Bedsheet Set,Home & Kitchen,1,1332,1332,CUST-80519,App
UK-2026-104857,2026-06-03,South,HYDERABAD,Formal Shirt,Fashion,2,1092,2184,CUST-22121,App
UK-2026-102408,2026-04-23,West,Surat,Electric Kettle 1.5L,Home & Kitchen,3,1067,3201,CUST-34648,App
UK-2026-101396,2026-02-05,Central,Nagpur,Wireless Earbuds Pro,Electronics,1,2889,2889,CUST-94527,Marketplace
UK-2026-103157,16/05/2026,South,Chennai,Gym Gloves,Sports,2,480,960,CUST-97785,Website
UK-2026-100243,2026-01-23,South,Kochi,Mixer Grinder 750W,Home & Kitchen,1,3151,3151,CUST-90929,App
UK-2026-101461,2026-03-26,Central,Raipur,Silk Saree,Fashion,1,3420,3420,CUST-78991,App
UK-2026-103793,2026-05-23,Central,Indore,Denim Jacket,Fashion,1,2096,2096,CUST-37237,Website
UK-2026-101884,2026-03-23,South,Kochi,Mirrorless Camera Lite,Electronics,4,29389,117556,CUST-90597,Website
UK-2026-103168,2026-05-23,North,Gurugram,Badminton Racket Set,Sports,1,2535,2535,CUST-97015,Marketplace
UK-2026-101288,2026-02-05,East,Bhubaneswar,Ultrabook Air 14,Electronics,1,30123,30123,CUST-40617,Marketplace
UK-2026-101955,2026-03-24,West,Surat,Leather Wallet,Fashion,1,857,857,CUST-47110,App
UK-2026-103897,2026-05-17,South,Chennai,Matte Lipstick Set,Beauty,1,937,937,CUST-28647,App
UK-2026-102145,2026-03-31,South,Hyderabad,Gym Gloves,Sports,1,508,508,CUST-96196,App
UK-2026-100040,2026-01-17,East,Guwahati,Badminton Racket Set,Sports,1,2490,2490,CUST-84857,App
UK-2026-104884,"Jun 18, 2026",West,Mumbai,Sunscreen SPF50,Beauty,1,576,576,CUST-78830,App
UK-2026-101482,2026-03-08,West,Ahmedabad,Electric Kettle 1.5L,Home & Kitchen,1,1143,1143,CUST-74477,App
UK-2026-103215,2026-05-21,West,Ahmedabad,Football Size 5,Sports,4,916,3664,CUST-91871,Website
UK-2026-100890,2026-02-21,West,Ahmedabad,Mixer Grinder 750W,Home & Kitchen,1,3316,3316,CUST-96126,Website
UK-2026-104753,2026-06-06,East,Guwahati,Ionic Hair Dryer,Beauty,2,1827,3654,CUST-10487,App
UK-2026-103278,2026-05-19,West,Mumbai,Noise-Cancelling Headphones,Electronics,2,9360,18720,CUST-97635,Website
UK-2026-101925,2026-03-28,,Delhi,Formal Shirt,Fashion,1,1047,1047,CUST-41140,Website
UK-2026-105000,2026-06-10,North,Delhi,Ultrabook Air 14,Electronics,4,29792,"119,168.00",CUST-95347,Website
UK-2026-103266,2026-05-05,West,Ahmedabad,Cotton Kurta Set,Fashion,1,1354,1354,CUST-98015,App
UK-2026-104311,27-06-26,North,Delhi,Matte Lipstick Set,Beauty,1,900,900,CUST-96418,Website
UK-2026-102566,2026-04-28,North,Delhi,Silk Saree,Fashion,2,3589,7178,CUST-18731,App
UK-2026-103541,2026-05-11,East,Bhubaneswar,Power Bank 20000mAh,Electronics,2,1784,3568,CUST-65066,Website
UK-2026-100794,2026-02-21,North,Delhi,Ethnic Dupatta,Fashion,1,508,508,CUST-33944,App
UK-2026-103684,2026-05-28,South,Madras,Cotton Bedsheet Set,Home & Kitchen,2,1448,2896,CUST-67634,Marketplace
UK-2026-101045,2026-02-23,North,Noida,Wireless Earbuds Pro,Electronics,1,3074,3074,CUST-14093,Website
UK-2026-102050,2026-03-16,West,Pune,Air Fryer 5L,Home & Kitchen,1,5731,5731,CUST-25986,Marketplace
UK-2026-103100,"May 14, 2026",Central,Indore,Formal Shirt,Fashion,1,1080,1080,CUST-42749,Website
UK-2026-103976,2026-05-25,North,Gurugram,Non-Stick Cookware Set,Home & Kitchen,1,2799,2799,CUST-78911,App
UK-2026-100886,2026-02-07,South,Bengaluru,Vitamin C Serum,Beauty,1,679,679,CUST-39769,App
UK-2026-103615,2026-05-24,North,Noida,Electric Kettle 1.5L,Home & Kitchen,1,1142,1142,CUST-58652,Website
UK-2026-103519,2026-05-10,North,Noida,Leather Wallet,Fashion,1,936,936,CUST-67596,Marketplace
UK-2026-102452,2026-04-09,East,Calcutta,Modern Wall Clock,Home & Kitchen,1,812,812,CUST-45487,Marketplace
UK-2026-102627,2026-04-14,East,Patna,  Badminton Racket Set,Sports,1,2410,2410,CUST-76980,Marketplace
UK-2026-101002,2026-02-03,Central,Nagpur,Robot Vacuum R7,Home & Kitchen,2,18487,36974,CUST-77094,Marketplace
UK-2026-102483,2026-04-09,North,Delhi,Leather Wallet,Fashion,2,879,1758,CUST-88958,Marketplace
UK-2026-103994,2026-05-17,South,Kochi,Dinner Set 24pc,Home & Kitchen,1,2620,2620,CUST-95761,App
UK-2026-100327,2026-01-04,East,Guwahati,Mixer Grinder 750W,Home & Kitchen,1,3297,3297,CUST-36080,App
UK-2026-100912,10/02/2026,South,Bengaluru,Formal Shirt,Fashion,1,1136,1136,CUST-40275,App
UK-2026-101278,2026-02-21,South,Hyderabad,Sunscreen SPF50,Beauty,1,564,564,CUST-11924,App
UK-2026-104766,2026-06-15,West,Surat,Bluetooth Speaker Mini,Electronics,,1525,3050,CUST-13341,App
UK-2026-100110,2026-01-26,North,Noida,Eau de Parfum 100ml,Beauty,2,1899,3798,CUST-57207,Marketplace
UK-2026-101949,2026-03-26,West,Surat,Makeup Brush Set,Beauty,1,1350,1350,CUST-80553,Website
UK-2026-101957,2026-03-20,North,Chandigarh,Mixer Grinder 750W,Home & Kitchen,1,3270,,CUST-67304,App
UK-2026-102222,16/03/2026,South,Hyderabad,Adjustable Dumbbells 15kg,Sports,2,4805,9610,CUST-56764,App
UK-2026-104807,"Jun 7, 2026",South,Chennai,Wireless Earbuds Pro,Electronics,1,3107,3107,CUST-64149,Website
UK-2026-102097,2026-03-26,East,Patna,Cotton Kurta Set,Fashion,1,1301,1301,CUST-18835,Website
UK-2026-100323,2026-01-05,South,Bengaluru,Ethnic Dupatta,Fashion,2,478,956,CUST-86289,App
UK-2026-102684,2026-04-24,Central,Bhopal,Robot Vacuum R7,Home & Kitchen,2,18130,36260,CUST-28915,Website
UK-2026-101115,2026-02-14,North,Delhi,43-inch Smart TV,Electronics,1,26849,26849,CUST-21397,Website
UK-2026-101073,2026-02-21,East,Guwahati,Ultrabook Air 14,Electronics,1,29239,29239,CUST-43990,App
UK-2026-104554,2026-06-05,West,Ahmedabad,Ethnic Dupatta,Fashion,1,494,494,CUST-26674,Marketplace
UK-2026-102203,2026-03-01,West,Mumbai,Face Wash Combo,Beauty,1,427,427,CUST-54623,Website
UK-2026-103648,2026-05-03,West,Mumbai,Mirrorless Camera Lite,Electronics,2,29915,59830,CUST-69164,Website
UK-2026-100306,2026-01-01,South,Chennai,Denim Jacket,Fashion,2,2098,4196,CUST-78567,Website
UK-2026-103423,2026-05-27,North,Noida,Eau de Parfum 100ml,Beauty,2,1899,3798,CUST-42403,Website
UK-2026-101402,2026-02-22,Central,Indore,Leather Wallet,Fashion,1,940,940,CUST-42154,App
UK-2026-102833,2026-04-22,West,Mumbai,Noise-Cancelling Headphones,Electronics,1,9410,9410,CUST-83234,Website
UK-2026-102448,2026-04-27,West,Mumbai,Cotton Bedsheet Set,Home & Kitchen,2,1451,2902,CUST-89508,Website
UK-2026-104497,2026-06-30,North,Chandigarh,Slim Fit Jeans,Fashion,1,1578,1578,CUST-71021,Website
UK-2026-102931,2026-04-20,East,Bhubaneswar,Robot Vacuum R7,Home & Kitchen,2,18469,36938,CUST-80259,Website
UK-2026-104123,2026-06-09,West,Mumbai,Matte Lipstick Set,Beauty,1,863,863,CUST-74356,Website
UK-2026-101026,2026-02-16,South,Kochi,Badminton Racket Set,Sports,2,2609,5218,CUST-89363,App
UK-2026-100436,2026-01-29,South,Chennai,Noise-Cancelling Headphones,Electronics,1,8613,8613,CUST-23331,App
UK-2026-102148,2026-03-30,Central,Nagpur,Ultrabook Air 14,Electronics,1,29509,29509,CUST-10735,App
UK-2026-100449,2026-01-17,North,Gurugram,Running Sneakers,Fashion,1,2854,2854,CUST-86409,App
UK-2026-101359,2026-02-12,West,Ahmedabad,Running Sneakers,Fashion,3,2868,8604,CUST-76359,Website
UK-2026-103804,2026-05-26,East,Kolkata,Football Size 5,Sports,1,855,855,CUST-30414,Website
UK-2026-101240,2026-02-27,West,Pune,Cotton Bedsheet Set,Home & Kitchen,1,1407,1407,CUST-59555,Website
UK-2026-100656,2026-01-04,East,Bhubaneswar,Mirrorless Camera Lite,Electronics,1,29068,29068,CUST-29896,App
UK-2026-103803,2026-05-01,East,Bhubaneswar,Smart Watch X2,Electronics,1,4624,4624,CUST-98275,App
UK-2026-104814,2026-06-23,South,Bangalore,Air Fryer 5L,Home & Kitchen,2,5640,11280,CUST-45929,App
UK-2026-100655,2026-01-13,South,Chennai,Matte Lipstick Set,Beauty,1,939,939,CUST-72376,Website
UK-2026-103577,2026-05-03,North,Delhi,Electric Kettle 1.5L,Home & Kitchen,1,1127,1127,CUST-13841,Marketplace
UK-2026-102714,2026-04-19,South,Kochi,Bluetooth Speaker Mini,Electronics,3,1440,4320,CUST-46354,Marketplace
UK-2026-100130,2026-01-04,Central,Nagpur,Ultrabook Air 14,Electronics,2,30708,61416,CUST-45132,Website
UK-2026-100811,2026-02-21,South,Bengaluru,Badminton Racket Set,Sports,1,2566,2566,CUST-48014,Marketplace
UK-2026-103571,2026-05-10,North,Gurugram,43-inch Smart TV,Electronics,3,25498,76494,CUST-66451,Website
UK-2026-102789,2026-04-19,South,Bengaluru,Denim Jacket,Fashion,1,2159,2159,CUST-40826,App
UK-2026-101457,2026-03-27,East,Guwahati,Formal Shirt,Fashion,1,1078,1078,CUST-61482,App
UK-2026-103297,2026-05-06,South,Hyderabad,Modern Wall Clock,Home & Kitchen,4,781,3124,CUST-53563,Website
UK-2026-103121,2026-05-02,South,Bengaluru,Ethnic Dupatta,Fashion,1,481,481,CUST-81876,App
UK-2026-104350,2026-06-19,North,Chandigarh,Dinner Set 24pc,Home & Kitchen,1,2483,2483,CUST-83338,Website
UK-2026-103333,2026-05-25,North,Noida,43-inch Smart TV,Electronics,2,24875,49750,CUST-35570,Marketplace
UK-2026-104733,2026-06-13,West,Mumbai,Ultrabook Air 14,Electronics,4,30921,123684,CUST-71230,Marketplace
UK-2026-100534,2026-01-22,West,Pune,Slim Fit Jeans,Fashion,2,1656,3312,CUST-77392,Website
UK-2026-100205,2026-01-10,Central,Raipur,Dinner Set 24pc,Home & Kitchen,1,2469,2469,CUST-64149,Website
UK-2026-101854,2026-03-03,South,Kochi,Silk Saree,Fashion,1,3630,"₹3,630",CUST-41697,App
UK-2026-102534,23-04-26,North,Gurugram,Robot Vacuum R7,Home & Kitchen,2,19445,38890,CUST-53765,App
UK-2026-103095,2026-05-16,South,Bengaluru,Robot Vacuum R7,Home & Kitchen,0,18056,18056,CUST-40922,Website
UK-2026-104220,2026-06-14,South,Hyderabad,Matte Lipstick Set,Beauty,1,897,897,CUST-45902,Website
UK-2026-100345,2026-01-31,North,Chandigarh,Makeup Brush Set,Beauty,1,1278,1278,CUST-98512,App
UK-2026-101345,2026-02-07,West,Ahmedabad,Vitamin C Serum,Beauty,1,690,690,CUST-46436,App
UK-2026-104990,2026-06-30,Central,Nagpur,Smart Watch X2,Electronics,2,4721,9442,CUST-23151,Marketplace
UK-2026-100629,2026-01-04,Central,Raipur,Cricket Bat English Willow,Sports,2,9377,18754,CUST-58524,App
UK-2026-100115,2026-01-16,East,Kolkata,Wireless Earbuds Pro,Electronics,1,2884,2884,CUST-53790,App
UK-2026-100008,2026-01-03,West,Surat,Vitamin C Serum,Beauty,1,686,686,CUST-89302,Website
UK-2026-101531,2026-03-21,West,Pune,Adjustable Dumbbells 15kg,Sports,1,4923,4923,CUST-55593,App
UK-2026-100240,2026-01-13,Central,Indore,Makeup Brush Set,Beauty,1,1327,1327,CUST-90725,Website
UK-2026-100314,2026-01-02,South,Chennai,Robot Vacuum R7,Home & Kitchen,1,18406,18406,CUST-92592,App
UK-2026-101710,2026-03-06,West,Ahmedabad,Cotton Kurta Set,Fashion,1,1307,"1,307.00",CUST-19064,Website
UK-2026-101994,2026-03-24,North,Delhi,Football Size 5,Sports,3,906,2718,CUST-35570,App
UK-2026-104313,2026-06-03,North,Delhi,Cricket Bat English Willow,Sports,1,9288,9288,CUST-96352,Marketplace
UK-2026-100558,04-01-26,West,Mumbai,Modern Wall Clock,Home & Kitchen,1,764,764,CUST-42565,App
UK-2026-100229,"Jan 29, 2026",North,Chandigarh,Robot Vacuum R7,Home & Kitchen,1,19183,19183,CUST-96418,Website
UK-2026-100167,2026-01-03,South,Bengaluru,Power Bank 20000mAh,Electronics,1,1789,1789,CUST-12095,App
UK-2026-101193,2026-02-22,North,Gurugram,Silk Saree,Fashion,1,3342,3342,CUST-30540,Website
UK-2026-104576,2026-06-28,West,Surat,Gym Gloves,Sports,2,512,1024,CUST-98862,Marketplace
UK-2026-102802,2026-04-27,North,Delhi,Dinner Set 24pc,Home & Kitchen,2,2388,4776,CUST-89699,Website
UK-2026-101900,2026-03-14,North,Delhi,Cotton Kurta Set,Fashion,1,1359,1359,CUST-50588,App
UK-2026-100443,2026-01-25,South,Chennai,Slim Fit Jeans,Fashion,1,1654,1654,CUST-55817,Website
UK-2026-104022,2026-06-07,North,Chandigarh,Cycling Helmet,Sports,1,1662,1662 INR,CUST-17155,Website
UK-2026-101062,2026-02-28,North,Delhi,Power Bank 20000mAh,Electronics,1,1759,1759,CUST-91132,Website
UK-2026-100137,2026-01-29,Central,Nagpur,Leather Wallet,Fashion,3,942,2826,CUST-78574,App
UK-2026-103655,2026-05-30,North,Chandigarh,Bluetooth Speaker Mini,Electronics,1,1494,1494,CUST-51678,App
UK-2026-104474,2026-06-26,North,Chandigarh,Formal Shirt,Fashion,2,1098,2196,CUST-44135,App
UK-2026-104493,21-06-26,North,Noida,Ultrabook Air 14,Electronics,2,30798,61596,CUST-99782,Website
UK-2026-102312,2026-04-24,West,Pune,Running Sneakers,Fashion,2,2938,5876,CUST-56764,App
UK-2026-103588,11/05/2026,North,Delhi,Mirrorless Camera Lite,Electronics,1,30343,30343,CUST-63594,Marketplace
UK-2026-103902,2026-05-02,North,Chandigarh,Formal Shirt,Fashion,1,1140,1140,CUST-90984,Website
UK-2026-104202,2026-06-19,South,Chennai,Leather Wallet,Fashion,1,858,858,CUST-93204,App
UK-2026-100140,2026-01-09,West,Pune,Mixer Grinder 750W,Home & Kitchen,2,3429,6858,CUST-92368,App
UK-2026-104073,2026-06-18,East,Guwahati,Football Size 5,Sports,1,871,871,CUST-70768,Website
UK-2026-104629,2026-06-20,South,Bengaluru,Air Fryer 5L,Home & Kitchen,2,5249,10498,CUST-66355,Marketplace
UK-2026-100882,2026-02-12,West,Surat,Dinner Set 24pc,Home & Kitchen,1,2566,2566,CUST-82891,Marketplace
UK-2026-100074,2026-01-04,North,Delhi,Beard Grooming Kit,Beauty,1,1010,1010,CUST-45867,App
UK-2026-103850,2026-05-25,East,Patna,43-inch Smart TV,Electronics,1,26723,26723,CUST-70990,Marketplace
UK-2026-102396,2026-04-22,South,Bengaluru,Power Bank 20000mAh,Electronics,1,1732,1732,CUST-90336,Marketplace
UK-2026-104155,2026-06-13,South,Chennai,Modern Wall Clock,Home & Kitchen,2,829,1658,CUST-48015,Marketplace
UK-2026-102735,2026-04-16,East,Patna,Noise-Cancelling Headphones,Electronics,1,8595,8595,CUST-50707,Marketplace
UK-2026-104301,2026-06-24,West,Mumbai,Electric Kettle 1.5L,Home & Kitchen,1,1138,1138,CUST-10975,App
UK-2026-104125,"Jun 29, 2026",North,Noida,Football Size 5,Sports,1,863,863,CUST-58407,Website
UK-2026-104119,2026-06-13,West,Surat,Cotton Bedsheet Set,Home & Kitchen,1,1344,1344,CUST-80656,App
UK-2026-104961,2026-06-09,West,Surat,Ultrabook Air 14,Electronics,1,29713,29713,CUST-67304,Marketplace
UK-2026-103957,2026-05-09,West,Mumbai,Smart Watch X2,Electronics,1,4544,4544,CUST-54582,Marketplace
UK-2026-100022,2026-01-14,North,Delhi,Badminton Racket Set,Sports,1,2565,2565,CUST-36566,App
UK-2026-101858,04/03/2026,West,Surat,Makeup Brush Set,Beauty,1,1271,1271,CUST-30168,App
UK-2026-102885,2026-04-01,South,Bengaluru,Modern Wall Clock,Home & Kitchen,3,809,2427,CUST-25308,Marketplace
UK-2026-103075,2026-04-18,West,Surat,Modern Wall Clock,Home & Kitchen,2,821,1642,CUST-13983,App
UK-2026-104085,2026-06-01,West,Bombay,Slim Fit Jeans,Fashion,1,1542,1542,CUST-94051,Website
UK-2026-103919,2026-05-13,East,Patna,Mirrorless Camera Lite,Electronics,1,28334,28334,CUST-88550,Marketplace
UK-2026-103556,2026-05-15,Central,Nagpur,Modern Wall Clock,Home & Kitchen,1,778,778,CUST-52432,Marketplace
UK-2026-104457,2026-06-22,South,Bengaluru,Power Bank 20000mAh,Electronics,1,1828,1828,CUST-28314,Marketplace
UK-2026-101567,2026-03-23,North,Delhi,Smart Watch X2,Electronics,1,4707,4707,CUST-12482,Website
UK-2026-103619,2026-05-02,North,Noida,Matte Lipstick Set,Beauty,1,860,860,CUST-38896,Marketplace
UK-2026-102356,2026-04-17,South,Chennai,Power Bank 20000mAh,Electronics,2,1862,3724,CUST-75635,Marketplace
UK-2026-104270,2026-06-22,East,Kolkata,Noise-Cancelling Headphones,Electronics,1,9051,9051,CUST-74307,App
UK-2026-104243,2026-06-05,West,Mumbai,Ionic Hair Dryer,Beauty,1,1879,1879,CUST-50649,Website
UK-2026-104540,2026-06-04,North,Noida,Ethnic Dupatta,Fashion,2,474,948,CUST-46640,Website
UK-2026-101178,2026-02-05,South,Chennai,Beard Grooming Kit,Beauty,1,986,986,CUST-56861,Website
UK-2026-100540,2026-01-01,West,Surat,Ionic Hair Dryer,Beauty,2,1892,3784,CUST-36868,App
UK-2026-102089,2026-03-28,Central,Nagpur,Ultrabook Air 14,Electronics,2,29671,59342,CUST-73957,Marketplace
UK-2026-100530,2026-01-21,West,Pune,Mirrorless Camera Lite,Electronics,1,27749,27749,CUST-66719,Website
UK-2026-104690,2026-06-18,North,Gurugram,Cotton Bedsheet Set,Home & Kitchen,1,1426,1426,CUST-93193,Website
UK-2026-103835,2026-05-03,North,Chandigarh,Cotton Bedsheet Set,Home & Kitchen,1,1375,1375,CUST-31549,App
UK-2026-103340,2026-05-06,West,Mumbai,Badminton Racket Set,Sports,4,2428,9712,CUST-99358,App
UK-2026-103906,2026-05-13,South,Hyderabad,Makeup Brush Set,Beauty,2,1312,2624,CUST-35570,App
UK-2026-100408,2026-01-31,South,Hyderabad,Mixer Grinder 750W,Home & Kitchen,2,3297,6594,CUST-45736,Website
UK-2026-102638,2026-04-27,South,Chennai,Slim Fit Jeans,Fashion,1,1596,1596,CUST-21854,Website
UK-2026-100808,2026-02-14,East,Kolkata,Modern Wall Clock,Home & Kitchen,2,791,1582,CUST-40943,Marketplace
UK-2026-102188,2026-03-26,East,Patna,Non-Stick Cookware Set,Home & Kitchen,3,2839,8517,CUST-46440,App
UK-2026-102933,05/04/2026,East,Kolkata,Makeup Brush Set,Beauty,1,1251,1251,CUST-27781,App
UK-2026-102294,2026-04-04,South,Bengaluru,Cotton Bedsheet Set,Home & Kitchen,0,1468,2936,CUST-97687,Website
UK-2026-103267,2026-05-22,Central,Nagpur,Ethnic Dupatta,Fashion,3,522,1566,CUST-34826,App
UK-2026-103457,2026-05-13,West,Pune,Mirrorless Camera Lite,Electronics,2,29983,59966,CUST-85765,Marketplace
UK-2026-100883,2026-02-28,South,Hyderabad,Smart Watch X2,Electronics,1,4420,4420,CUST-82468,Website
UK-2026-100041,2026-01-14,East,Guwahati,Silk Saree,Fashion,-1,3377,3377,CUST-73905,Website
UK-2026-104490,2026-06-27,West,Bombay,Robot Vacuum R7,Home & Kitchen,1,19851,19851,CUST-28933,Website
UK-2026-101572,2026-03-30,West,Surat,Mixer Grinder 750W,Home & Kitchen,2,3426,6852,CUST-88566,Marketplace
UK-2026-102347,2026-04-30,West,Surat,Matte Lipstick Set,Beauty,1,930,930,CUST-57507,App
UK-2026-102573,2026-04-06,West,Pune,Cricket Bat English Willow,Sports,1,8910,8910,CUST-53607,Website
UK-2026-101731,2026-03-02,South,Chennai,Yoga Mat Pro,Sports,1,1149,1149,CUST-78991,App
UK-2026-104787,2026-06-28,West,Ahmedabad,Power Bank 20000mAh,Electronics,1,1885,1885,CUST-94999,Marketplace
UK-2026-100254,2026-01-19,East,Bhubaneswar,Wireless Earbuds Pro,Electronics,1,2962,2962,CUST-66738,Website
UK-2026-104994,2026-06-29,North,Gurugram,Power Bank 20000mAh,Electronics,1,1728,1728,CUST-27318,Marketplace
UK-2026-102248,2026-04-23,South,Bengaluru,Bluetooth Speaker Mini,Electronics,1,1488,1488,CUST-76157,App
UK-2026-101846,2026-03-21,North,Delhi,Yoga Mat Pro,Sports,1,1146,1146,CUST-32859,App
UK-2026-100839,2026-02-25,West,Surat,Bluetooth Speaker Mini,Electronics,1,1453,1453,CUST-94967,Website
UK-2026-101256,2026-02-09,West,Ahmedabad,Ethnic Dupatta,Fashion,1,489,489,CUST-65715,Website
UK-2026-101614,2026-03-21,North,Chandigarh,Mixer Grinder 750W,Home & Kitchen,1,3368,3368,CUST-12868,App
UK-2026-104674,2026-06-19,North,Noida,Ethnic Dupatta,Fashion,1,509,509,CUST-33944,App
UK-2026-104126,2026-06-22,Central,Raipur,Gym Gloves,Sports,1,488,488,CUST-90725,Website
UK-2026-100282,2026-01-01,East,Patna,Ethnic Dupatta,Fashion,1,479,479,CUST-45567,App
UK-2026-101210,2026-02-05,East,Kolkata,Noise-Cancelling Headphones,Electronics,2,9072,18144,CUST-34983,App
UK-2026-101479,2026-03-28,South,Hyderabad,Running Sneakers,Fashion,1,2721,2721,CUST-94538,Website
UK-2026-100291,2026-01-16,West,Pune,Non-Stick Cookware Set,Home & Kitchen,1,2981,2981,CUST-10707,App
UK-2026-100054,2026-01-06,South,Kochi,Slim Fit Jeans,Fashion,1,1651,1651,CUST-82499,Website
UK-2026-103572,2026-05-13,East,Bhubaneswar,Face Wash Combo,Beauty,1,440,440,CUST-18637,App
UK-2026-102290,2026-04-05,South,Kochi,Gym Gloves,Sports,2,476,952,CUST-87589,App
UK-2026-100447,2026-01-15,South,Hyderabad,Formal Shirt,Fashion,1,1148,1148,CUST-30705,Website
UK-2026-103347,2026-05-13,North,Delhi,Football Size 5,Sports,2,914,1828,CUST-76539,Website
UK-2026-103422,2026-05-07,South,Bengaluru,Modern Wall Clock,Home & Kitchen,2,782,1564,CUST-68556,Marketplace
UK-2026-100844,2026-02-01,South,Hyderabad,Modern Wall Clock,Home & Kitchen,1,801,801,CUST-52343,App
UK-2026-103271,2026-05-29,West,Ahmedabad,Cotton Kurta Set,Fashion,1,1306,1306,CUST-78949,App
UK-2026-103807,2026-05-17,South,Chennai,Modern Wall Clock,Home & Kitchen,2,793,1586,CUST-25221,Website
UK-2026-104213,2026-06-04,South,Hyderabad,Air Fryer 5L,Home & Kitchen,1,5599,5599,CUST-82891,Website
UK-2026-104122,2026-06-01,West,Ahmedabad,Eau de Parfum 100ml,Beauty,1,2070,2070,CUST-14062,Website
UK-2026-103737,2026-05-13,West,Ahmedabad,Smart Watch X2,Electronics,1,4331,4331,CUST-73578,Website
UK-2026-104048,2026-06-13,South,Hyderabad,Robot Vacuum R7,Home & Kitchen,2,19123,38246,CUST-87090,Website
UK-2026-104582,2026-06-22,South,Hyderabad,Wireless Earbuds Pro,Electronics,1,2991,2991,CUST-28912,Marketplace
UK-2026-103640,2026-05-14,North,Gurugram,Vitamin C Serum,Beauty,1,708,708,CUST-18419,App
UK-2026-103532,2026-05-20,South,Bengaluru,Smart Watch X2,Electronics,2,4522,9044,CUST-58389,Website
UK-2026-104851,2026-06-16,South,Hyderabad,Ethnic Dupatta,Fashion,1,498,498,CUST-78911,Website
UK-2026-104440,2026-06-01,South,Hyderabad,Denim Jacket,Fashion,,2254,2254,CUST-37778,Website
UK-2026-102239,2026-03-30,West,Pune,Ultrabook Air 14,Electronics,1,29394,29394,CUST-92051,Marketplace
UK-2026-100563,2026-01-05,East,KOLKATA,Eau de Parfum 100ml,Beauty,2,1970,3940,CUST-24531,App
UK-2026-101541,2026-03-13,North,Chandigarh,Modern Wall Clock,Home & Kitchen,1,794,794,CUST-36566,App
UK-2026-103621,2026-05-17,North,Noida,Running Sneakers,Fashion,1,2817,2817,CUST-28574,App
UK-2026-104158,09/06/2026,Central,Bhopal,Cotton Bedsheet Set,Home & Kitchen,1,1436,1436,CUST-12589,App
UK-2026-101870,2026-03-28,West,Bombay,Vitamin C Serum,Beauty,1,705,705,CUST-25308,App
UK-2026-102540,2026-04-25,West,Surat,Ionic Hair Dryer,Beauty,1,1891,1891,CUST-70798,Website
UK-2026-103327,2026-05-28,North,Noida,Ionic Hair Dryer,Beauty,1,1969,1969,CUST-58256,Website
UK-2026-101165,2026-02-17,West,Ahmedabad,Smart Watch X2,Electronics,1,4498,4498,CUST-38454,Marketplace
UK-2026-104530,2026-06-05,North,Chandigarh,Ethnic Dupatta,Fashion,2,491,982,CUST-69183,Website
UK-2026-104511,"Jun 3, 2026",East,Guwahati,Denim Jacket,Fashion,1,2200,2200,CUST-23697,Marketplace
UK-2026-104496,2026-06-27,West,Pune,Vitamin C Serum,Beauty,1,681,681,CUST-44749,App
UK-2026-103820,2026-05-30,West,Pune,Vitamin C Serum,Beauty,1,731,731,CUST-37572,Website
UK-2026-104062,2026-06-11,South,Chennai,Silk Saree,Fashion,1,3580,3580,CUST-85603,Website
UK-2026-103792,2026-05-20,West,Surat,Denim Jacket,Fashion,1,2107,2107,CUST-61969,App
UK-2026-101763,2026-03-31,South,Hyderabad,Silk Saree,Fashion,1,3384,3384,CUST-61011,App
UK-2026-104280,2026-06-04,,Noida,Mirrorless Camera Lite,Electronics,1,28694,28694,CUST-81614,Website
UK-2026-104652,2026-06-24,West,Pune,Cycling Helmet,Sports,1,1613,1613,CUST-53708,App
UK-2026-100622,2026-01-10,South,Chennai,Slim Fit Jeans,Fashion,1,1574,1574,CUST-94527,Website
UK-2026-101185,2026-02-16,West,Pune,Slim Fit Jeans,Fashion,1,1631,1631,CUST-93087,Website
UK-2026-102708,2026-04-16,South,Chennai,Cycling Helmet,Sports,1,1613,1613,CUST-77795,Marketplace
UK-2026-104316,2026-06-05,South,Bengaluru,Foldable Treadmill T2,Sports,1,23868,23868,CUST-15333,Marketplace
UK-2026-103686,2026-05-22,South,Hyderabad,Face Wash Combo,Beauty,2,430,860,CUST-48737,App
UK-2026-104772,2026-06-16,West,Mumbai,43-inch Smart TV,Electronics,2,25605,51210,CUST-42565,Website
UK-2026-103917,2026-05-31,East,Guwahati,Cotton Bedsheet Set,Home & Kitchen,4,1405,5620,CUST-48737,App
UK-2026-100864,2026-02-08,South,Kochi,Cycling Helmet,Sports,2,1676,3352,CUST-82063,Website
UK-2026-102995,13/04/2026,South,Chennai,Cricket Bat English Willow,Sports,1,9314,9314,CUST-35489,Website
UK-2026-102417,2026-04-27,North,Chandigarh,Air Fryer 5L,Home & Kitchen,1,5753,5753,CUST-14044,App
UK-2026-103244,2026-05-17,South,Hyderabad,Yoga Mat Pro,Sports,1,1208,1208,CUST-99773,App
UK-2026-101004,2026-02-02,East,Bhubaneswar,Noise-Cancelling Headphones,Electronics,1,9086,9086,CUST-68044,App
UK-2026-101222,2026-02-10,East,Bhubaneswar,Eau de Parfum 100ml,Beauty,2,2071,4142,CUST-32769,Marketplace
UK-2026-104015,2026-05-17,West,Ahmedabad,Robot Vacuum R7,Home & Kitchen,1,18278,18278,CUST-78574,App
UK-2026-103120,2026-05-23,West,Mumbai,Modern Wall Clock,Home & Kitchen,1,812,812,CUST-78156,Website
UK-2026-103030,2026-04-23,North,DELHI,Wireless Earbuds Pro,Electronics,1,2904,2904,CUST-22340,Website
UK-2026-103564,2026-05-14,West,Surat,Wireless Earbuds Pro,Electronics,1,3146,3146,CUST-43484,Website
UK-2026-100116,2026-01-29,North,Gurugram,Wireless Earbuds Pro,Electronics,4,2852,11408,CUST-59534,App
UK-2026-100909,2026-02-18,North,Delhi,Noise-Cancelling Headphones,Electronics,1,8745,8745,CUST-49402,Website
UK-2026-100794,2026-02-21,North,Delhi,Ethnic Dupatta,Fashion,1,508,508,CUST-33944,App
UK-2026-100941,2026-02-22,North,Gurugram,Cotton Bedsheet Set,Home & Kitchen,2,1457,2914,CUST-51013,Website
UK-2026-100255,2026-01-07,West,Pune,Power Bank 20000mAh,Electronics,1,1784,1784,CUST-10380,App
UK-2026-100237,2026-01-10,West,Surat,Denim Jacket,Fashion,1,2203,2203,CUST-96908,App
UK-2026-102446,2026-04-14,West,Mumbai,Non-Stick Cookware Set,Home & Kitchen,1,2766,2766,CUST-12589,Website
UK-2026-101657,2026-03-09,West,Pune,Badminton Racket Set,Sports,1,2547,2547,CUST-42497,App
UK-2026-101604,09/03/2026,West,Surat,Noise-Cancelling Headphones,Electronics,1,9228,9228,CUST-20094,App
UK-2026-100745,2026-02-03,West,Ahmedabad,Cycling Helmet,Sports,1,1526,1526,CUST-43914,Website
UK-2026-101634,2026-03-08,West,Surat,Football Size 5,Sports,1,908,908,CUST-97015,App
UK-2026-103811,2026-05-06,West,Bombay,Mirrorless Camera Lite,Electronics,3,28557,85671,CUST-99211,Website
UK-2026-101840,2026-03-25,Central,Bhopal,Noise-Cancelling Headphones,Electronics,4,9331,37324,CUST-38535,Marketplace
UK-2026-101895,2026-03-13,North,Noida,Cycling Helmet,Sports,1,1634,1634,CUST-85765,Marketplace
UK-2026-102884,2026-04-18,West,Mumbai,Dinner Set 24pc,Home & Kitchen,2,2487,4974,CUST-66109,Website
UK-2026-104485,2026-06-02,West,Surat,Running Sneakers,Fashion,2,2711,5422,CUST-25494,Website
UK-2026-100336,2026-01-16,North,Noida,Sunscreen SPF50,Beauty,1,571,571,CUST-16124,App
UK-2026-100539,2026-01-24,East,Kolkata,Vitamin C Serum,Beauty,1,725,725,CUST-81385,App
UK-2026-104026,2026-06-02,North,Delhi,Badminton Racket Set,Sports,1,2597,2597,CUST-32295,App
UK-2026-104581,2026-06-15,West,Bombay,Smart Watch X2,Electronics,1,4353,4353,CUST-43968,Marketplace
UK-2026-101790,2026-03-23,East,Kolkata,Non-Stick Cookware Set,Home & Kitchen,1,2834,2834,CUST-81504,Website
UK-2026-104092,2026-06-26,South,Chennai,Eau de Parfum 100ml,Beauty,2,1916,"₹3,832",CUST-69982,App
UK-2026-103324,2026-05-05,North,Gurugram,Ethnic Dupatta,Fashion,1,484,484,CUST-91441,Website
UK-2026-101596,2026-03-10,South,Chennai,Ethnic Dupatta,Fashion,1,482,₹482,CUST-38266,Website
UK-2026-104034,2026-06-27,North,Noida,Cycling Helmet,Sports,1,1570,1570,CUST-40826,Website
UK-2026-103887,2026-05-19,West,Ahmedabad,Sunscreen SPF50,Beauty,1,544,544,CUST-19590,App
UK-2026-101819,2026-03-31,North,Delhi,Makeup Brush Set,Beauty,1,1313,1313,CUST-83063,App
UK-2026-100507,2026-01-11,North,Gurugram,Formal Shirt,Fashion,1,1145,1145,CUST-69074,Website
UK-2026-102831,2026-04-16,East,Patna,Bluetooth Speaker Mini,Electronics,1,1556,1556,CUST-24099,App
UK-2026-100236,2026-01-04,Central,Bhopal,Noise-Cancelling Headphones,Electronics,1,8896,8896,CUST-74356,Marketplace
UK-2026-103741,2026-05-11,West,Surat,43-inch Smart TV,Electronics,1,26454,26454,CUST-45143,Marketplace
UK-2026-103044,2026-04-09,North,Noida,Modern Wall Clock,Home & Kitchen,1,836,836,CUST-46996,App
UK-2026-100793,2026-02-20,East,Guwahati,Wireless Earbuds Pro,Electronics,1,3136,3136,CUST-64514,Marketplace
UK-2026-104896,2026-06-20,North,Noida,Mirrorless Camera Lite,Electronics,1,29358,29358,CUST-92580,App
UK-2026-104999,2026-06-01,East,Patna,43-inch Smart TV,Electronics,1,26688,26688,CUST-70798,App
UK-2026-101425,2026-02-17,Central,Indore,Gym Gloves,Sports,1,523,523,CUST-90300,Website
UK-2026-103515,2026-05-26,South,Bengaluru,43-inch Smart TV,Electronics,3,25712,77136,CUST-75635,Website
UK-2026-101451,2026-03-09,South,Chennai,Adjustable Dumbbells 15kg,Sports,2,5165,10330,CUST-91605,Marketplace
UK-2026-101598,2026-03-24,West,Pune,Eau de Parfum 100ml,Beauty,1,2095,2095,CUST-39399,Website
UK-2026-104194,2026-06-25,,Nagpur,Electric Kettle 1.5L,Home & Kitchen,1,1069,1069,CUST-69183,Website
UK-2026-104032,2026-06-15,East,Bhubaneswar,Beard Grooming Kit,Beauty,1,971,971,CUST-99939,App
UK-2026-103443,2026-05-12,South,Kochi,Robot Vacuum R7,Home & Kitchen,4,19540,78160,CUST-41617,Marketplace
UK-2026-102766,2026-04-02,North,Noida,Makeup Brush Set,Beauty,1,1262,1262,CUST-15014,Website
UK-2026-102058,2026-03-13,South,Hyderabad,Running Sneakers,Fashion,1,2922,2922,CUST-77759,App
UK-2026-100948,2026-02-28,South,Chennai,Non-Stick Cookware Set,Home & Kitchen,1,2868,2868,CUST-25939,Website
UK-2026-103058,2026-04-20,West,Pune,Makeup Brush Set,Beauty,1,1270,1270,CUST-91610,App
UK-2026-100916,2026-02-23,West,Ahmedabad,Silk Saree,Fashion,1,3435,3435,CUST-73002,App
UK-2026-103155,2026-05-13,South,Bengaluru,Cycling Helmet,Sports,2,1570,3140,CUST-29896,App
UK-2026-101748,2026-03-14,South,Chennai,Silk Saree,Fashion,1,3623,3623,CUST-35569,Marketplace
UK-2026-101471,2026-03-29,West,Mumbai,Noise-Cancelling Headphones,Electronics,1,9112,"₹9,112",CUST-66703,Marketplace
UK-2026-104934,2026-06-10,Central,Nagpur,Yoga Mat Pro,Sports,1,1147,1147,CUST-59841,App
UK-2026-102364,2026-04-23,South,Chennai,Air Fryer 5L,Home & Kitchen,1,5305,5305,CUST-98850,Website
UK-2026-104724,2026-06-15,West,Bombay,Cotton Kurta Set,Fashion,2,1292,2584,CUST-70319,Website
UK-2026-102775,2026-04-10,South,Hyderabad,Running Sneakers,Fashion,1,2823,2823,CUST-57093,Marketplace
UK-2026-104606,2026-06-04,West,Mumbai,Power Bank 20000mAh,Electronics,1,1786,1786,CUST-12217,Marketplace
UK-2026-101793,2026-03-14,Central,Bhopal,Air Fryer 5L,Home & Kitchen,3,5342,16026,CUST-28517,Marketplace
UK-2026-103102,2026-05-02,East,Patna,Badminton Racket Set,Sports,1,2541,2541,CUST-73765,Website
UK-2026-103412,2026-05-25,West,Pune,Mirrorless Camera Lite,Electronics,1,29636,29636,CUST-51354,Marketplace
UK-2026-101993,2026-03-06,South,Bengaluru,Makeup Brush Set,Beauty,1,1241,1241,CUST-24266,Website
UK-2026-100133,2026-01-15,North,Gurugram,Eau de Parfum 100ml,Beauty,1,1976,1976,CUST-37103,App
UK-2026-104667,2026-06-11,South,Hyderabad,Football Size 5,Sports,3,939,2817,CUST-70789,App
UK-2026-100479,2026-01-06,South,Hyderabad,Cotton Bedsheet Set,Home & Kitchen,2,1407,2814,CUST-99410,Website
UK-2026-104673,2026-06-19,Central,Nagpur,Bluetooth Speaker Mini,Electronics,1,1446,1446,CUST-88985,App
UK-2026-101466,2026-03-03,South,Kochi,Makeup Brush Set,Beauty,2,1339,2678,CUST-12217,Marketplace
UK-2026-102675,2026-04-29,East,Patna,Bluetooth Speaker Mini,Electronics,1,1506,1506,CUST-61128,Marketplace
UK-2026-100266,2026-01-24,West,Ahmedabad,Cotton Bedsheet Set,Home & Kitchen,1,1384,1384,CUST-40981,Website
UK-2026-101167,2026-02-04,West,Pune,Ethnic Dupatta,Fashion,2,501,1002,CUST-88342,App
UK-2026-103750,2026-05-22,South,Hyderabad,Noise-Cancelling Headphones,Electronics,2,9302,18604,CUST-29816,Website
UK-2026-104979,2026-06-30,West,Mumbai,Wireless Earbuds Pro,Electronics,3,3027,9081,CUST-48188,Marketplace
UK-2026-101013,2026-02-12,North,Chandigarh,Power Bank 20000mAh,Electronics,1,1777,1777,CUST-91989,App
UK-2026-101827,2026-03-20,West,Surat,Formal Shirt,Fashion,1,1099,1099,CUST-36080,App
UK-2026-104849,2026-06-04,West,Surat,Modern Wall Clock,Home & Kitchen,1,775,775,CUST-22192,Marketplace
UK-2026-100535,2026-01-15,South,Hyderabad,Formal Shirt,Fashion,1,1134,1134,CUST-98424,Marketplace
UK-2026-100364,2026-01-31,Central,Bhopal,Mixer Grinder 750W,Home & Kitchen,2,3325,6650,CUST-90613,App
UK-2026-103845,2026-05-13,Central,Raipur,Bluetooth Speaker Mini,Electronics,3,1500,4500,CUST-31355,Marketplace
UK-2026-100549,08/01/2026,East,Bhubaneswar,Adjustable Dumbbells 15kg,Sports,2,5237,10474,CUST-78183,App
UK-2026-104037,2026-06-28,South,Hyderabad,43-inch Smart TV,Electronics,2,24745,49490,CUST-17269,App
UK-2026-102857,2026-04-01,South,Bengaluru,Mirrorless Camera Lite,Electronics,1,28441,28441,CUST-20661,App
UK-2026-104021,2026-06-27,West,Surat,Dinner Set 24pc,Home & Kitchen,1,2484,2484,CUST-72393,App
UK-2026-102544,2026-04-28,North,Chandigarh,Mirrorless Camera Lite,Electronics,1,28739,28739,CUST-17155,App
UK-2026-102959,04/04/2026,West,Surat,Slim Fit Jeans,Fashion,1,1670,1670,CUST-22066,Website
UK-2026-102096,2026-03-23,South,Hyderabad,Wireless Earbuds Pro,Electronics,1,2926,2926,CUST-80012,App
UK-2026-101252,2026-02-20,South,Bengaluru,Mixer Grinder 750W,Home & Kitchen,1,3340,3340,CUST-52315,App
UK-2026-101235,2026-02-05,North,Noida,Matte Lipstick Set,Beauty,1,906,906,CUST-48406,App
UK-2026-104664,2026-06-28,North,Noida,Gym Gloves,Sports,2,510,1020,CUST-32634,Marketplace
UK-2026-103936,2026-05-11,Central,Nagpur,Cotton Bedsheet Set,Home & Kitchen,3,1331,3993,CUST-97534,Marketplace
UK-2026-100470,2026-01-20,South,Chennai,Gym Gloves,Sports,1,489,489,CUST-34398,Website
UK-2026-100806,2026-02-21,Central,Nagpur,Bluetooth Speaker Mini,Electronics,2,1527,3054,CUST-47110,App
UK-2026-101924,2026-03-02,South,Hyderabad,Electric Kettle 1.5L,Home & Kitchen,1,1092,1092,CUST-54564,Website
UK-2026-100975,2026-02-11,North,Noida,Non-Stick Cookware Set,Home & Kitchen,1,2873,2873,CUST-36665,Website
UK-2026-104276,2026-06-03,East,Patna,Cotton Kurta Set,Fashion,1,1274,1274,CUST-91610,Website
UK-2026-104091,2026-06-19,Central,Raipur,Ultrabook Air 14,Electronics,1,31347,31347,CUST-69839,App
UK-2026-102879,2026-04-05,Central,Raipur,Adjustable Dumbbells 15kg,Sports,1,5095,5095,CUST-61773,Website
UK-2026-101106,2026-02-19,South,Hyderabad,Air Fryer 5L,Home & Kitchen,1,5247,5247,CUST-22657,App
UK-2026-101511,2026-03-25,South,Kochi,Modern Wall Clock,Home & Kitchen,1,816,816,CUST-85765,App
UK-2026-101380,2026-02-17,North,Chandigarh,Smart Watch X2,Electronics,,4493,4493,CUST-81552,Website
UK-2026-100045,2026-01-19,East,Guwahati,Adjustable Dumbbells 15kg,Sports,2,4794,9588,CUST-38135,App
UK-2026-100523,2026-01-06,West,Mumbai,cycling helmet,Sports,2,1543,3086,CUST-16977,App
UK-2026-104399,2026-06-28,North,Delhi,Power Bank 20000mAh,Electronics,1,1849,1849,CUST-57507,Website
UK-2026-104466,2026-06-22,Central,Bhopal,Ionic Hair Dryer,Beauty,1,1925,1925,CUST-53622,App
UK-2026-104114,2026-06-06,East,Kolkata,Wireless Earbuds Pro,Electronics,1,3112,3112,CUST-46887,Marketplace
UK-2026-103530,2026-05-04,West,Pune,Non-Stick Cookware Set,Home & Kitchen,1,2774,2774,CUST-68635,App
UK-2026-104203,2026-06-23,North,Chandigarh,Ionic Hair Dryer,Beauty,1,1896,1896,CUST-32166,App
UK-2026-102758,2026-04-12,East,Guwahati,Leather Wallet,Fashion,3,925,2775,CUST-76571,App
UK-2026-100344,2026-01-19,West,Mumbai,Beard Grooming Kit,Beauty,1,983,983,CUST-78475,App
UK-2026-104810,2026-06-05,West,Ahmedabad,Air Fryer 5L,Home & Kitchen,1,5709,"5,709.00",CUST-91785,Marketplace
UK-2026-103453,2026-05-25,Central,Raipur,Smart Watch X2,Electronics,1,4405,4405,CUST-23151,App
UK-2026-100294,2026-01-02,North,Delhi,Smart Watch X2,Electronics,2,4366,8732,CUST-38211,Marketplace
UK-2026-100663,2026-01-10,West,Mumbai,Ethnic Dupatta,Fashion,2,509,1018,CUST-85691,App
UK-2026-101762,2026-03-15,West,Surat,Ethnic Dupatta,Fashion,1,478,478,CUST-36764,App
UK-2026-102917,2026-04-29,South,Hyderabad,Mirrorless Camera Lite,Electronics,1,27971,27971,CUST-83743,Marketplace
UK-2026-104613,2026-06-11,West,Ahmedabad,Silk Saree,Fashion,1,3661,3661,CUST-82649,Website
UK-2026-104728,2026-06-10,West,Pune,Bluetooth Speaker Mini,Electronics,1,1453,1453,CUST-78168,Marketplace
UK-2026-101460,2026-03-27,,Indore,Eau de Parfum 100ml,Beauty,1,2093,2093,CUST-26674,Website
UK-2026-100952,2026-02-10,South,Chennai,Gym Gloves,Sports,1,486,486,CUST-96196,Website
UK-2026-103599,2026-05-21,West,Surat,Electric Kettle 1.5L,Home & Kitchen,3,1045,3135,CUST-90359,Marketplace
UK-2026-104448,2026-06-12,South,Chennai,Running Sneakers,Fashion,2,2774,5548,CUST-73905,Website
UK-2026-100153,2026-01-26,West,Mumbai,Noise-Cancelling Headphones,Electronics,1,8606,8606,CUST-43219,App
UK-2026-104465,2026-06-01,North,Chandigarh,43-inch Smart TV,Electronics,1,26880,26880,CUST-66307,Marketplace
UK-2026-100028,2026-01-23,Central,Raipur,Ultrabook Air 14,Electronics,2,29648,59296,CUST-33821,App
UK-2026-104713,20-06-26,South,Hyderabad,Robot Vacuum R7,Home & Kitchen,1,19286,19286,CUST-98565,Marketplace
UK-2026-102776,2026-04-15,North,Noida,Ethnic Dupatta,Fashion,1,523,523,CUST-39004,App
UK-2026-100352,2026-01-11,North,Chandigarh,Air Fryer 5L,Home & Kitchen,1,5462,5462,CUST-40617,App
UK-2026-101883,2026-03-23,West,Pune,NOISE-CANCELLING HEADPHONES,Electronics,1,9356,9356,CUST-77396,App
UK-2026-103618,2026-05-06,North,Chandigarh,Football Size 5,Sports,1,927,927,CUST-48848,App
UK-2026-103426,2026-05-04,South,Hyderabad,Modern Wall Clock,Home & Kitchen,-1,791,791,CUST-76571,App
UK-2026-103003,2026-04-19,South,Hyderabad,Football Size 5,Sports,1,864,864,CUST-67596,Marketplace
UK-2026-103942,2026-05-27,North,Chandigarh,Running Sneakers,Fashion,1,2898,2898,CUST-18641,Website
UK-2026-103201,2026-05-19,North,Noida,Smart Watch X2,Electronics,2,4590,9180,CUST-72322,Marketplace
UK-2026-102823,2026-04-27,West,Surat,43-inch Smart TV,Electronics,1,24732,"24,732.00",CUST-78156,App
UK-2026-103040,2026-04-01,South,Bengaluru,43-inch Smart TV,Electronics,1,24897,24897,CUST-14166,App
UK-2026-102649,2026-04-28,North,Gurugram,Badminton Racket Set,Sports,1,2595,2595,CUST-68915,Website
UK-2026-104342,2026-06-14,North,Chandigarh,Wireless Earbuds Pro,Electronics,4,3011,12044,CUST-48253,Marketplace
UK-2026-104174,2026-06-23,East,Bhubaneswar,Sunscreen SPF50,Beauty,1,537,537,CUST-34551,Marketplace
UK-2026-100083,2026-01-25,Central,Raipur,Ultrabook Air 14,Electronics,1,28887,28887,CUST-18583,App
UK-2026-103042,2026-04-26,Central,Indore,Dinner Set 24pc,Home & Kitchen,1,2518,2518,CUST-39399,App
UK-2026-101146,2026-02-10,South,Bengaluru,Yoga Mat Pro,Sports,2,1238,2476,CUST-73586,Website
UK-2026-100996,2026-02-06,South,Hyderabad,Robot Vacuum R7,Home & Kitchen,2,18400,36800,CUST-36868,App
UK-2026-103052,2026-04-10,North,Chandigarh,Foldable Treadmill T2,Sports,1,25350,25350,CUST-56764,App
UK-2026-104899,2026-06-30,West,Pune,Dinner Set 24pc,Home & Kitchen,1,2427,2427,CUST-13841,Website
UK-2026-102157,2026-03-01,West,Mumbai,Denim Jacket,Fashion,2,2172,4344,CUST-69639,App
UK-2026-102884,2026-04-18,West,Mumbai,Dinner Set 24pc,Home & Kitchen,2,2487,4974,CUST-66109,Website
UK-2026-101391,2026-02-09,East,Patna,Face Wash Combo,Beauty,1,453,453,CUST-35640,Website
UK-2026-104363,2026-06-15,West,Ahmedabad,Noise-Cancelling Headphones,Electronics,2,8570,17140,CUST-62181,Marketplace
UK-2026-101725,2026-03-23,North,Chandigarh,Denim Jacket,Fashion,2,2281,4562,CUST-88763,Marketplace
UK-2026-102104,2026-03-30,South,Bengaluru,Adjustable Dumbbells 15kg,Sports,1,4843,4843,CUST-95445,App
UK-2026-103787,2026-05-06,East,Bhubaneswar,Eau de Parfum 100ml,Beauty,2,2043,4086,CUST-45786,App
UK-2026-102008,2026-03-22,South,Kochi,Eau de Parfum 100ml,Beauty,1,1956,1956,CUST-24552,App
UK-2026-102371,2026-04-30,North,Delhi,Cycling Helmet,Sports,1,1596,1596,CUST-94527,Marketplace
UK-2026-103437,2026-05-04,North,Chandigarh,Formal Shirt,Fashion,3,1140,3420,CUST-47409,App
UK-2026-100541,2026-01-04,East,Patna,Silk Saree,Fashion,1,3419,,CUST-29896,App
UK-2026-100392,2026-01-30,North,Noida,Non-Stick Cookware Set,Home & Kitchen,2,2755,5510,CUST-94538,Website
UK-2026-103652,2026-05-20,North,Gurugram,Smart Watch X2,Electronics,2,4722,9444,CUST-77584,Website
UK-2026-104489,2026-06-01,North,Delhi,Slim Fit Jeans,Fashion,2,1678,3356,CUST-97226,Website
UK-2026-102957,2026-04-08,West,Ahmedabad,Smart Watch X2,Electronics,2,4548,9096,CUST-30789,App
UK-2026-100532,2026-01-20,West,Mumbai,Face Wash Combo,Beauty,1,462,462,CUST-52180,App
UK-2026-104420,2026-06-30,East,Bhubaneswar,Mirrorless Camera Lite,Electronics,1,29713,29713,CUST-27905,Marketplace
UK-2026-103742,2026-05-17,Central,Indore,Ultrabook Air 14,Electronics,3,28900,86700,CUST-77630,App
UK-2026-104277,2026-06-28,North,Delhi,Wireless Earbuds Pro,Electronics,1,2950,2950,CUST-17013,Marketplace
UK-2026-101058,2026-02-21,West,Pune,Ultrabook Air 14,Electronics,1,28847,,CUST-96316,App
UK-2026-101299,2026-02-19,Central,Indore,Non-Stick Cookware Set,Home & Kitchen,1,2864,2864,CUST-37103,Website
UK-2026-101369,2026-02-07,East,Bhubaneswar,43-inch Smart TV,Electronics,3,25494,76482,CUST-22940,Marketplace
UK-2026-100835,2026-02-26,East,Patna,Adjustable Dumbbells 15kg,Sports,1,5054,5054,CUST-57020,App
UK-2026-103050,2026-04-27,East,Patna,Air Fryer 5L,Home & Kitchen,1,5706,5706,CUST-14343,App
UK-2026-102317,2026-04-12,West,Mumbai,Noise-Cancelling Headphones,Electronics,2,8982,17964,CUST-77809,Marketplace
UK-2026-102690,2026-04-12,East,Guwahati,Gym Gloves,Sports,1,480,480,CUST-55924,App
UK-2026-103623,2026-05-13,South,Bengaluru,Bluetooth Speaker Mini,Electronics,1,1517,1517,CUST-48215,App
UK-2026-104528,2026-06-23,West,Ahmedabad,Smart Watch X2,Electronics,-2,4450,4450,CUST-80081,App
UK-2026-100569,2026-01-07,Central,Nagpur,Ultrabook Air 14,Electronics,1,29800,29800,CUST-12715,App
UK-2026-104427,2026-06-04,North,Delhi,Denim Jacket,Fashion,2,2111,4222,CUST-60887,App
UK-2026-104028,"Jun 21, 2026",North,Gurugram,Badminton Racket Set,Sports,1,2487,2487,CUST-38910,App
UK-2026-101658,2026-03-31,Central,Raipur,Mixer Grinder 750W,Home & Kitchen,-2,3291,6582,CUST-76721,App
UK-2026-101284,2026-02-11,West,Ahmedabad,Makeup Brush Set,Beauty,1,1324,,CUST-46390,Website
UK-2026-102014,2026-03-05,Central,Bhopal,43-inch Smart TV,Electronics,1,25619,25619,CUST-78830,Website
UK-2026-104445,2026-06-03,Central,Raipur,43-inch Smart TV,Electronics,1,26887,26887,CUST-26675,App
UK-2026-103124,2026-05-03,Central,Raipur,Non-Stick Cookware Set,Home & Kitchen,1,2988,2988,CUST-40085,App
UK-2026-101448,2026-02-16,South,Bengaluru,Bluetooth Speaker Mini,Electronics,1,1492,1492,CUST-31825,Marketplace
UK-2026-103862,2026-05-14,South,Kochi,Robot Vacuum R7,Home & Kitchen,1,19218,19218,CUST-62727,Website
UK-2026-104662,2026-06-01,East,Kolkata,Wireless Earbuds Pro,Electronics,3,2851,8553,CUST-44782,Website
UK-2026-102972,2026-04-02,South,Hyderabad,Makeup Brush Set,Beauty,1,1347,1347,CUST-75875,App
UK-2026-103241,2026-05-22,West,Surat,Ultrabook Air 14,Electronics,1,30368,30368,CUST-20656,Marketplace
UK-2026-101057,2026-02-22,East,Patna,Noise-Cancelling Headphones,Electronics,1,8614,8614,CUST-14888,Marketplace
UK-2026-101963,2026-03-15,Central,Bhopal,Ionic Hair Dryer,Beauty,2,1990,3980,CUST-29445,Website
UK-2026-101532,2026-03-05,West,Ahmedabad,Cricket Bat English Willow,Sports,2,8886,17772,CUST-76584,App
UK-2026-102921,2026-04-21,West,Surat,Leather Wallet,Fashion,1,925,925,CUST-94683,App
UK-2026-100841,2026-02-18,East,Kolkata,Running Sneakers,Fashion,1,2924,2924,CUST-58407,App
UK-2026-100056,2026-01-31,South,Chennai,Cricket Bat English Willow,Sports,1,9413,9413,CUST-83682,App
UK-2026-101528,2026-03-15,South,Hyderabad,Noise-Cancelling Headphones,Electronics,1,9053,9053 INR,CUST-99879,App
UK-2026-101552,2026-03-05,West,Ahmedabad,Eau de Parfum 100ml,Beauty,2,1916,3832,CUST-67927,Marketplace
UK-2026-100186,2026-01-27,East,Kolkata,Mixer Grinder 750W,Home & Kitchen,1,3435,3435,CUST-17523,App
UK-2026-102460,2026-04-22,South,Bengaluru,Slim Fit Jeans,Fashion,1,1588,1588,CUST-84565,Website
UK-2026-102306,2026-04-06,East,Patna,Eau de Parfum 100ml,Beauty,1,2094,2094,CUST-61282,Marketplace
UK-2026-102589,2026-04-25,West,Surat,Running Sneakers,Fashion,1,2841,2841,CUST-58300,Website
UK-2026-103920,2026-05-30,West,Ahmedabad,Bluetooth Speaker Mini,Electronics,1,1543,1543,CUST-82354,App
UK-2026-100395,2026-01-12,South,BLR,Ultrabook Air 14,Electronics,1,28580,28580,CUST-36848,Marketplace
UK-2026-101593,2026-03-24,East,Bhubaneswar,Gym Gloves,Sports,1,479,479,CUST-43382,Website
UK-2026-102897,2026-04-16,West,Ahmedabad,Robot Vacuum R7,Home & Kitchen,1,19596,19596,CUST-76290,App
UK-2026-103691,2026-05-17,West,Surat,Foldable Treadmill T2,Sports,1,23790,23790,CUST-79427,Website
UK-2026-104071,2026-06-06,North,Noida,43-inch Smart TV,Electronics,2,26535,53070,CUST-23032,App
UK-2026-104735,2026-06-13,East,Bhubaneswar,Mirrorless Camera Lite,Electronics,1,28939,28939,CUST-47299,Website
UK-2026-103565,2026-05-23,West,Pune,Mixer Grinder 750W,Home & Kitchen,1,3180,3180,CUST-74990,Marketplace
UK-2026-102094,2026-03-23,West,Pune,Ultrabook Air 14,Electronics,1,29138,29138,CUST-90359,Marketplace
UK-2026-101326,2026-02-13,South,Kochi,Face Wash Combo,Beauty,1,444,444,CUST-75049,App
UK-2026-103988,2026-05-30,North,Chandigarh,Matte Lipstick Set,Beauty,1,854,854 INR,CUST-55827,App
UK-2026-101679,2026-03-08,South,Chennai,Wireless Earbuds Pro,Electronics,1,2980,2980,CUST-65935,Website
UK-2026-101650,23/03/2026,South,Chennai,Denim Jacket,Fashion,1,2297,2297,CUST-87897,App
UK-2026-101640,2026-03-07,Central,Bhopal,Face Wash Combo,Beauty,1,462,462,CUST-58652,Website
UK-2026-104089,2026-06-18,West,Ahmedabad,Mixer Grinder 750W,Home & Kitchen,1,3307,3307,CUST-24205,Marketplace
UK-2026-100407,2026-01-11,North,Gurgaon,Formal Shirt,Fashion,2,1075,2150,CUST-34560,Website
UK-2026-101568,2026-03-01,West,Surat,Electric Kettle 1.5L,Home & Kitchen,1,1092,1092,CUST-39240,Website
UK-2026-102189,2026-03-04,West,Pune,Air Fryer 5L,Home & Kitchen,1,5736,5736,CUST-97534,Marketplace
UK-2026-100505,2026-01-18,North,Noida,Cotton Kurta Set,Fashion,1,1244,1244,CUST-80928,App
UK-2026-100242,2026-01-04,East,Kolkata,Smart Watch X2,Electronics,1,4441,4441,CUST-99685,Marketplace
UK-2026-101128,2026-02-15,Central,Indore,Electric Kettle 1.5L,Home & Kitchen,2,1072,2144,CUST-38135,Website
UK-2026-102313,2026-04-15,South,Kochi,Ionic Hair Dryer,Beauty,1,1849,1849,CUST-78802,App
UK-2026-102433,2026-04-12,East,Guwahati,Denim Jacket,Fashion,1,2274,"2,274.00",CUST-20635,Website
UK-2026-103898,"May 20, 2026",West,Pune,Dinner Set 24pc,Home & Kitchen,1,2444,2444,CUST-88958,Marketplace
UK-2026-101891,2026-03-17,North,Delhi,Ethnic Dupatta,Fashion,1,517,517,CUST-99358,App
UK-2026-100087,2026-01-27,South,Kochi,Yoga Mat Pro,Sports,2,1206,2412,CUST-13809,App
UK-2026-103011,2026-04-13,West,Pune,Smart Watch X2,Electronics,2,4313,8626,CUST-47812,Marketplace
UK-2026-100373,2026-01-08,North,Noida,Beard Grooming Kit,Beauty,1,978,978,CUST-72393,App
UK-2026-104666,2026-06-20,North,Gurgaon,Ionic Hair Dryer,Beauty,1,1861,1861,CUST-24621,App
UK-2026-104369,2026-06-30,Central,Bhopal,Electric Kettle 1.5L,Home & Kitchen,2,1048,2096,CUST-13694,Marketplace
UK-2026-104229,2026-06-12,Central,Indore,Football Size 5,Sports,1,903,903,CUST-92522,App
UK-2026-103909,2026-05-31,South,Chennai,43-inch Smart TV,Electronics,1,26362,26362,CUST-70474,Website
UK-2026-101717,2026-03-19,South,Chennai,Makeup Brush Set,Beauty,2,1301,2602,CUST-71570,App
UK-2026-100219,2026-01-05,West,Mumbai,Air Fryer 5L,Home & Kitchen,1,5268,5268,CUST-18835,App
UK-2026-101138,2026-02-18,North,Delhi,Leather Wallet,Fashion,2,937,1874,CUST-42995,App
UK-2026-102270,2026-04-04,West,Mumbai,Cotton Kurta Set,Fashion,1,1273,1273,CUST-89116,Website
UK-2026-100831,2026-02-09,South,Bengaluru,Smart Watch X2,Electronics,1,4321,4321,CUST-35570,App
UK-2026-101192,2026-02-26,East,Kolkata,Noise-Cancelling Headphones,Electronics,1,8654,8654,CUST-86458,App
UK-2026-101018,2026-02-12,East,Guwahati,Denim Jacket,Fashion,1,2177,2177,CUST-19528,Website
UK-2026-102218,2026-03-24,North,Chandigarh,Cycling Helmet,Sports,2,1555,3110,CUST-68044,Marketplace
UK-2026-103864,2026-05-28,Central,Raipur,Running Sneakers,Fashion,2,2789,5578,CUST-82244,Website
UK-2026-104223,2026-06-30,East,Patna,Power Bank 20000mAh,Electronics,1,1783,1783,CUST-27738,App
UK-2026-100599,2026-01-18,South,Hyderabad,Ethnic Dupatta,Fashion,1,499,499,CUST-73593,App
UK-2026-102342,2026-04-13,South,Kochi,Formal Shirt,Fashion,1,1114,1114,CUST-67427,App
UK-2026-102559,2026-04-10,South,Kochi,Denim Jacket,Fashion,1,2132,2132,CUST-81063,App
UK-2026-102718,2026-04-23,South,Kochi,43-inch Smart TV,Electronics,1,26447,26447,CUST-89887,Marketplace
UK-2026-104344,2026-06-23,South,Bengaluru,Mixer Grinder 750W,Home & Kitchen,1,3427,3427,CUST-74498,Marketplace
UK-2026-102445,2026-04-09,West,Ahmedabad,Running Sneakers,Fashion,1,2826,2826,CUST-86376,Marketplace
UK-2026-104932,30/06/2026,West,Mumbai,Silk Saree,Fashion,1,3364,3364,CUST-14229,App
UK-2026-104330,2026-06-21,East,Patna,Power Bank 20000mAh,Electronics,2,1847,3694,CUST-86619,Marketplace
UK-2026-102288,2026-04-04,Central,Indore,Formal Shirt,Fashion,1,1107,,CUST-94801,Website
UK-2026-104258,06/06/2026,East,Bhubaneswar,Matte Lipstick Set,Beauty,1,856,856,CUST-12589,App
UK-2026-100933,2026-02-25,West,Ahmedabad,Adjustable Dumbbells 15kg,Sports,4,5084,20336,CUST-37778,Marketplace
UK-2026-100244,2026-01-23,West,Mumbai,Ultrabook Air 14,Electronics,1,30004,30004,CUST-51043,Marketplace
UK-2026-102359,2026-04-19,East,Kolkata,Noise-Cancelling Headphones,Electronics,3,8594,25782,CUST-82278,App
UK-2026-104829,2026-06-03,West,Surat,Mirrorless Camera Lite,Electronics,1,28288,28288,CUST-89493,Website
UK-2026-102277,2026-04-22,East,Guwahati,Mirrorless Camera Lite,Electronics,1,29357,29357,CUST-87678,Marketplace
UK-2026-102531,2026-04-02,North,Noida,Air Fryer 5L,Home & Kitchen,1,5492,5492,CUST-46765,Website
UK-2026-101932,2026-03-08,North,Chandigarh,Electric Kettle 1.5L,Home & Kitchen,2,1075,2150,CUST-74207,Website
UK-2026-101897,2026-03-08,West,Mumbai,Modern Wall Clock,Home & Kitchen,1,766,766,CUST-85700,Website
UK-2026-102665,2026-04-13,East,Bhubaneswar,  Leather Wallet,Fashion,2,938,1876,CUST-49767,App
UK-2026-100066,2026-01-11,South,Kochi,Silk Saree,Fashion,1,3364,3364,CUST-22176,App
UK-2026-101334,2026-02-03,North,DELHI,Mixer Grinder 750W,Home & Kitchen,1,3263,3263,CUST-22432,Website
UK-2026-102826,2026-04-27,South,Madras,Wireless Earbuds Pro,Electronics,1,2921,2921,CUST-23735,Marketplace
UK-2026-100467,2026-01-23,South,Chennai,Sunscreen SPF50,Beauty,1,541,541,CUST-71021,App
UK-2026-100001,2026-01-05,North,Delhi,Vitamin C Serum,Beauty,1,695,695,CUST-85770,Website
UK-2026-102109,2026-03-31,South,Chennai,Badminton Racket Set,Sports,1,2457,2457,CUST-54403,App
UK-2026-102760,2026-04-16,South,Hyderabad,Sunscreen SPF50,Beauty,1,542,542,CUST-69993,Website
UK-2026-103760,2026-05-23,West,Pune,Bluetooth Speaker Mini,Electronics,2,1434,2868,CUST-47389,App
UK-2026-103083,2026-04-21,South,Bengaluru,Air Fryer 5L,Home & Kitchen,1,5527,5527,CUST-23151,App
UK-2026-104715,2026-06-12,North,Noida,Noise-Cancelling Headphones,Electronics,1,8881,8881,CUST-76290,App
UK-2026-104043,2026-06-17,West,Pune,Silk Saree,Fashion,1,3473,3473,CUST-27949,Marketplace
UK-2026-100071,2026-01-12,North,Gurugram,Denim Jacket,Fashion,1,2297,2297,CUST-20915,App
UK-2026-104019,2026-05-27,South,Madras,Mixer Grinder 750W,Home & Kitchen,3,3185,9555,CUST-41770,Website
UK-2026-100132,2026-01-08,South,Bengaluru,Non-Stick Cookware Set,Home & Kitchen,1,2995,2995,CUST-26920,App
UK-2026-100072,2026-01-26,East,Bhubaneswar,Matte Lipstick Set,Beauty,1,922,922,CUST-89620,Website
UK-2026-100857,2026-02-28,North,Gurugram,Wireless Earbuds Pro,Electronics,1,3039,3039,CUST-93036,Website
UK-2026-103508,2026-05-08,North,Chandigarh,Non-Stick Cookware Set,Home & Kitchen,1,3039,3039,CUST-27388,Marketplace
UK-2026-100776,2026-02-01,West,Pune,Yoga Mat Pro,Sports,1,1171,1171,CUST-33144,Marketplace
UK-2026-104771,2026-06-10,North,Gurugram,Ethnic Dupatta,Fashion,1,484,484,CUST-76878,App
UK-2026-103272,2026-05-21,West,Surat   ,Robot Vacuum R7,Home & Kitchen,1,19833,19833,CUST-49708,Marketplace
UK-2026-100848,2026-02-27,West,Pune,Bluetooth Speaker Mini,Electronics,2,1537,3074,CUST-62557,Website
UK-2026-101698,2026-03-12,South,Kochi,Mixer Grinder 750W,Home & Kitchen,1,3361,3361,CUST-85294,Website
UK-2026-103089,2026-04-15,West,Pune,Vitamin C Serum,Beauty,1,677,677,CUST-50030,Website
UK-2026-104744,2026-06-16,West,Mumbai,Beard Grooming Kit,Beauty,1,971,971,CUST-22340,Website
UK-2026-101487,2026-03-04,South,Kochi,Noise-Cancelling Headphones,Electronics,1,9329,9329,CUST-94139,App
UK-2026-100934,2026-02-18,North,Gurugram,Ethnic Dupatta,Fashion,2,519,1038,CUST-44585,Website
UK-2026-102686,2026-04-06,South,Hyderabad,Beard Grooming Kit,Beauty,1,1006,1006,CUST-34505,App
UK-2026-103600,2026-05-23,South,Kochi,Noise-Cancelling Headphones,Electronics,1,9081,9081,CUST-36665,Website
UK-2026-103760,2026-05-23,West,Pune,Bluetooth Speaker Mini,Electronics,2,1434,2868,CUST-47389,App
UK-2026-104897,2026-06-17,West,Pune,Leather Wallet,Fashion,1,901,901,CUST-55532,App
UK-2026-103018,2026-04-04,North,Gurugram,Bluetooth Speaker Mini,Electronics,1,1516,1516,CUST-40826,App
UK-2026-100719,2026-01-06,Central,Nagpur,Cotton Kurta Set,Fashion,1,1334,1334,CUST-40826,App
UK-2026-100489,2026-01-14,West,Ahmedabad,Running Sneakers,Fashion,1,2779,2779,CUST-29825,App
UK-2026-102961,2026-04-27,South,Hyderabad,Noise-Cancelling Headphones,Electronics,1,9361,9361,CUST-81478,Marketplace
UK-2026-104924,2026-06-29,North,Gurugram,Electric Kettle 1.5L,Home & Kitchen,3,1113,3339,CUST-51857,App
UK-2026-103292,2026-05-13,North,Delhi,Leather Wallet,Fashion,1,918,918,CUST-18057,Website
UK-2026-100905,2026-02-21,West,Mumbai,Wireless Earbuds Pro,Electronics,2,3071,6142,CUST-14062,Website
UK-2026-103711,2026-05-16,South,Bengaluru,Cotton Bedsheet Set,Home & Kitchen,1,1382,1382,CUST-77486,Website
UK-2026-100348,2026-01-16,North,Noida,Cricket Bat English Willow,Sports,2,8897,17794,CUST-72322,App
UK-2026-102407,2026-04-16,North,Noida,Silk Saree,Fashion,1,3448,,CUST-67690,App
UK-2026-101587,2026-03-15,West,Mumbai,Noise-Cancelling Headphones,Electronics,1,9320,9320,CUST-57131,App
UK-2026-102732,2026-04-30,Central,Indore,Slim Fit Jeans,Fashion,1,1603,1603,CUST-34716,App
UK-2026-101877,2026-03-05,South,Hyderabad,Formal Shirt,Fashion,2,1093,2186,CUST-39004,App
UK-2026-101300,2026-02-16,North,Noida,43-inch Smart TV,Electronics,2,26035,52070,CUST-23045,Marketplace
UK-2026-104881,2026-06-27,West,Ahmedabad,Denim Jacket,Fashion,1,2181,2181,CUST-67988,Website
UK-2026-102991,2026-04-02,West,Mumbai,Mirrorless Camera Lite,Electronics,2,29578,59156,CUST-19519,Marketplace
UK-2026-101881,2026-03-24,South,Kochi,Running Sneakers,Fashion,3,2778,8334,CUST-68256,Website
UK-2026-104290,2026-06-18,South,Kochi,Dinner Set 24pc,Home & Kitchen,1,2414,2414,CUST-31474,Website
UK-2026-103975,2026-05-06,North,GGN,Mirrorless Camera Lite,Electronics,3,29565,88695,CUST-53182,Website
UK-2026-100313,2026-01-01,West,Surat,Eau de Parfum 100ml,Beauty,1,1917,1917,CUST-40262,Website
UK-2026-102247,2026-04-04,North,Delhi,Ionic Hair Dryer,Beauty,1,1947,1947,CUST-70736,Website
UK-2026-100458,2026-01-16,South,Bengaluru,Leather Wallet,Fashion,1,862,862,CUST-62885,App
UK-2026-104505,2026-06-20,North,Noida   ,Yoga Mat Pro,Sports,1,1147,1147,CUST-36566,Marketplace
UK-2026-102254,2026-04-23,South,Bengaluru,Face Wash Combo,Beauty,1,458,458,CUST-32859,Marketplace
UK-2026-103748,25/05/2026,East,Kolkata,Electric Kettle 1.5L,Home & Kitchen,2,1114,2228,CUST-77513,Website
UK-2026-104888,2026-06-27,East,Patna,Slim Fit Jeans,Fashion,1,1658,1658,CUST-16173,Website
UK-2026-102340,2026-04-04,South,Hyderabad,Vitamin C Serum,Beauty,1,676,,CUST-13009,App
UK-2026-104298,2026-06-29,,Pune,Football Size 5,Sports,1,865,865,CUST-65935,Website
UK-2026-103675,2026-05-04,North,Gurugram,Foldable Treadmill T2,Sports,2,24277,48554,CUST-15445,Website
UK-2026-100510,2026-01-05,North,Gurgaon,Sunscreen SPF50,Beauty,1,575,575,CUST-82435,App
UK-2026-104726,2026-06-10,West,Ahmedabad,Ultrabook Air 14,Electronics,2,30770,61540,CUST-98296,Website
UK-2026-103797,2026-05-29,Central,Bhopal,Mixer Grinder 750W,Home & Kitchen,1,3209,3209,CUST-46390,Marketplace
UK-2026-104493,21-06-26,North,Noida,Ultrabook Air 14,Electronics,2,30798,61596,CUST-99782,Website
UK-2026-104244,2026-06-15,East,Guwahati,Power Bank 20000mAh,Electronics,1,1757,1757,CUST-46889,Marketplace
UK-2026-101757,2026-03-16,South,Kochi,Cotton Bedsheet Set,Home & Kitchen,1,1388,1388,CUST-22192,App
UK-2026-102620,2026-04-04,South,Kochi,Matte Lipstick Set,Beauty,2,885,1770,CUST-51678,Website
UK-2026-102632,2026-04-25,East,Guwahati,Mirrorless Camera Lite,Electronics,1,28059,28059,CUST-82244,App
UK-2026-100073,2026-01-03,East,Guwahati,Smart Watch X2,Electronics,1,4441,4441,CUST-49579,Marketplace
UK-2026-100809,2026-02-04,South,Hyderabad,Mixer Grinder 750W,Home & Kitchen,1,3419,3419,CUST-57664,App
UK-2026-101874,2026-03-20,West,Pune,Badminton Racket Set,Sports,,2405,2405,CUST-74498,Marketplace
UK-2026-101237,2026-02-17,South,Bangalore,Running Sneakers,Fashion,2,2909,5818,CUST-71570,App
UK-2026-101621,2026-03-12,East,Guwahati,Modern Wall Clock,Home & Kitchen,1,793,793,CUST-55411,App
UK-2026-102646,2026-04-23,East,Kolkata,Gym Gloves,Sports,2,498,996,CUST-87188,Website
UK-2026-104405,2026-06-11,Central,Raipur,Beard Grooming Kit,Beauty,1,1038,1038,CUST-49274,Marketplace
UK-2026-104717,2026-06-09,North,Delhi,Matte Lipstick Set,Beauty,4,904,3616,CUST-66719,App
UK-2026-100099,2026-01-28,South,Hyderabad,Noise-Cancelling Headphones,Electronics,3,8660,25980,CUST-90878,App
UK-2026-103660,2026-05-09,North,Chandigarh,Football Size 5,Sports,1,856,856,CUST-48188,Marketplace
UK-2026-104482,2026-06-30,East,Kolkata,43-inch Smart TV,Electronics,2,25847,51694,CUST-93203,Website
UK-2026-102653,2026-04-15,West,Surat,Denim Jacket,Fashion,2,2229,4458,CUST-98697,Website
UK-2026-101636,2026-03-16,West,Surat,Leather Wallet,Fashion,1,910,910,CUST-97785,App
UK-2026-101059,2026-02-26,West,Pune,Silk Saree,Fashion,4,3334,13336,CUST-56652,App
UK-2026-103969,2026-05-04,South,Hyderabad,Running Sneakers,Fashion,1,2913,2913,CUST-96733,App
UK-2026-101608,2026-03-21,South,Hyderabad,Air Fryer 5L,Home & Kitchen,2,5630,11260,CUST-82371,Marketplace
UK-2026-100065,2026-01-08,South,Hyderabad,Mixer Grinder 750W,Home & Kitchen,1,3420,3420,CUST-67199,App
UK-2026-103539,2026-05-12,South,Hyderabad,Smart Watch X2,Electronics,1,4360,4360,CUST-84408,Website
UK-2026-101855,"Mar 20, 2026",East,Kolkata,Gym Gloves,Sports,1,506,506,CUST-60999,App
UK-2026-104428,2026-06-01,South,Hyderabad,Robot Vacuum R7,Home & Kitchen,1,18320,18320,CUST-73997,App
UK-2026-104147,2026-06-23,South,Hyderabad,43-inch Smart TV,Electronics,1,25722,,CUST-77073,App
UK-2026-103255,2026-05-09,South,Kochi,Mixer Grinder 750W,Home & Kitchen,2,3435,6870,CUST-72390,App
UK-2026-100747,2026-02-18,South,Bengaluru,Formal Shirt,Fashion,1,1131,1131,CUST-65136,App
UK-2026-103381,2026-05-23,West,Ahmedabad,matte lipstick set,Beauty,3,900,2700,CUST-37778,App
UK-2026-103586,2026-05-28,South,Bengaluru,Slim Fit Jeans,Fashion,1,1567,1567,CUST-33894,App
UK-2026-104007,2026-05-24,East,Kolkata,Power Bank 20000mAh,Electronics,2,1819,3638,CUST-84319,Marketplace
UK-2026-102798,2026-04-17,South,Chennai,Yoga Mat Pro,Sports,1,1187,1187,CUST-25241,App
UK-2026-103466,2026-05-19,North,Noida,Eau de Parfum 100ml,Beauty,1,2066,2066,CUST-78991,Website
UK-2026-102210,2026-03-31,West,Surat,43-inch Smart TV,Electronics,1,26604,26604,CUST-17013,App
UK-2026-101183,2026-02-13,South,Kochi,Bluetooth Speaker Mini,Electronics,2,1531,3062,CUST-36665,App
UK-2026-104415,2026-06-18,West,Surat,Eau de Parfum 100ml,Beauty,2,2007,4014,CUST-36923,App
UK-2026-104395,2026-06-02,Central,Bhopal,Mirrorless Camera Lite,Electronics,2,27823,55646,CUST-89481,App
UK-2026-100261,2026-01-10,West,Pune,Ionic Hair Dryer,Beauty,1,1863,1863,CUST-32769,App
UK-2026-100326,04/01/2026,West,Ahmedabad,Matte Lipstick Set,Beauty,2,934,1868,CUST-76407,App
UK-2026-100181,2026-01-19,Central,Bhopal,Robot Vacuum R7,Home & Kitchen,1,19244,19244,CUST-67304,App
UK-2026-100490,2026-01-13,East,Kolkata,Slim Fit Jeans,Fashion,1,1638,1638,CUST-70941,App
UK-2026-102902,2026-04-15,North,Noida,Modern Wall Clock,Home & Kitchen,1,809,809,CUST-44672,Website
UK-2026-101095,2026-02-28,Central,Raipur,Cricket Bat English Willow,Sports,1,8977,8977,CUST-91814,Marketplace
UK-2026-102367,2026-04-02,North,Chandigarh,Eau de Parfum 100ml,Beauty,1,2062,2062,CUST-37330,Marketplace
UK-2026-102556,2026-04-04,East,Guwahati,Cycling Helmet,Sports,1,1620,1620,CUST-73171,Marketplace
UK-2026-102596,2026-04-08,North,Chandigarh,Face Wash Combo,Beauty,1,435,435,CUST-60759,Website
UK-2026-101143,2026-02-21,West,Mumbai,Ionic Hair Dryer,Beauty,2,1834,3668,CUST-80225,App
UK-2026-101550,2026-03-17,Central,Raipur,Smart Watch X2,Electronics,3,4363,13089,CUST-77073,App
UK-2026-100368,2026-01-31,West,Pune,Wireless Earbuds Pro,Electronics,1,2941,2941,CUST-54437,Website
UK-2026-104143,2026-06-19,North,Delhi,Dinner Set 24pc,Home & Kitchen,1,2497,2497,CUST-12095,App
UK-2026-103165,2026-05-05,South,Chennai,Wireless Earbuds Pro,Electronics,1,3131,3131,CUST-23680,Marketplace
UK-2026-104462,2026-06-04,West,Pune,Sunscreen SPF50,Beauty,2,542,1084,CUST-55532,App
UK-2026-101208,2026-02-04,Central,Bhopal,Power Bank 20000mAh,Electronics,1,1866,1866,CUST-41836,Website
UK-2026-100046,2026-01-17,West,Ahmedabad,Ultrabook Air 14,Electronics,1,30488,30488,CUST-37768,App
UK-2026-100100,2026-01-08,West,Mumbai,Power Bank 20000mAh,Electronics,1,1716,1716,CUST-71544,Marketplace
UK-2026-100405,2026-01-09,West,Ahmedabad,Vitamin C Serum,Beauty,1,703,703,CUST-34716,App
UK-2026-100150,2026-01-11,North,Gurugram,43-inch Smart TV,Electronics,2,27197,54394,CUST-28574,App
UK-2026-103641,2026-05-07,East,Guwahati,Ultrabook Air 14,Electronics,,30547,30547,CUST-61537,Marketplace
UK-2026-104194,2026-06-25,,Nagpur,Electric Kettle 1.5L,Home & Kitchen,1,1069,1069,CUST-69183,Website
UK-2026-102198,2026-03-12,West,Pune,Noise-Cancelling Headphones,Electronics,1,8997,8997,CUST-83743,Marketplace
UK-2026-100658,2026-01-26,East,Bhubaneswar,Dinner Set 24pc,Home & Kitchen,1,2406,2406,CUST-67927,Marketplace
UK-2026-104398,2026-06-15,North,Gurugram,Makeup Brush Set,Beauty,1,1235,1235,CUST-77392,Website
UK-2026-100623,2026-01-18,Central,Nagpur,Noise-Cancelling Headphones,Electronics,1,9435,9435,CUST-10122,App
UK-2026-101264,2026-02-22,South,Chennai,Smart Watch X2,Electronics,1,4712,4712,CUST-38910,Website
UK-2026-100830,2026-02-17,West,Pune,Wireless Earbuds Pro,Electronics,1,2984,2984,CUST-94765,Marketplace
UK-2026-100048,2026-01-06,South,Hyderabad,Mirrorless Camera Lite,Electronics,1,27855,27855,CUST-85740,App
UK-2026-103937,2026-05-08,West,Surat,Badminton Racket Set,Sports,-2,2421,2421,CUST-20628,App
UK-2026-101686,2026-03-10,Central,Nagpur,Non-Stick Cookware Set,Home & Kitchen,1,2825,2825,CUST-61482,Website
UK-2026-101733,2026-03-21,East,Guwahati,Makeup Brush Set,Beauty,1,1260,1260,CUST-12482,App
UK-2026-100860,2026-02-27,East,Kolkata,Denim Jacket,Fashion,3,2306,6918,CUST-64126,App
UK-2026-101009,2026-02-27,North,Noida,Football Size 5,Sports,4,862,3448,CUST-89972,Marketplace
UK-2026-104029,2026-06-24,North,Noida,Football Size 5,Sports,4,876,3504,CUST-51678,App
UK-2026-102308,2026-04-03,West,Ahmedabad,Air Fryer 5L,Home & Kitchen,2,5586,11172,CUST-26617,Website
UK-2026-103852,2026-05-22,West,Ahmedabad,Cotton Bedsheet Set,Home & Kitchen,1,1394,1394,CUST-44672,Website
UK-2026-102794,2026-04-09,South,Hyderabad,Makeup Brush Set,Beauty,3,1334,4002,CUST-26073,Website
UK-2026-102390,2026-04-22,South,Kochi,Formal Shirt,Fashion,1,1148,1148,CUST-90252,Website
UK-2026-100613,2026-01-07,West,Pune,Mixer Grinder 750W,Home & Kitchen,1,3249,3249,CUST-24862,App
UK-2026-103744,18-05-26,North,Noida,Smart Watch X2,Electronics,1,4490,4490,CUST-14093,App
UK-2026-102324,2026-04-06,South,Hyderabad,Modern Wall Clock,Home & Kitchen,2,761,1522,CUST-37237,App
UK-2026-100251,2026-01-21,West,Ahmedabad,Makeup Brush Set,Beauty,2,1335,2670,CUST-28340,App
UK-2026-102219,2026-03-17,West,Pune,Vitamin C Serum,Beauty,2,685,1370,CUST-33551,Website
UK-2026-100274,2026-01-01,North,Gurugram,Noise-Cancelling Headphones,Electronics,1,8551,8551,CUST-12017,Website
UK-2026-104973,2026-06-22,West,Ahmedabad,Formal Shirt,Fashion,1,1101,1101,CUST-97785,App
UK-2026-101990,2026-03-17,Central,Raipur,Silk Saree,Fashion,2,3581,7162,CUST-95455,App
UK-2026-102599,2026-04-06,North,Chandigarh,Silk Saree,Fashion,1,3473,3473,CUST-41345,Marketplace
UK-2026-100076,2026-01-09,South,Chennai,Cotton Bedsheet Set,Home & Kitchen,1,1384,1384,CUST-69982,Website
UK-2026-101308,2026-02-14,West,Surat,Beard Grooming Kit,Beauty,1,975,975,CUST-22846,Marketplace
UK-2026-104239,2026-06-15,South,Hyderabad,Non-Stick Cookware Set,Home & Kitchen,1,2895,2895,CUST-85750,App
UK-2026-104349,2026-06-28,East,Bhubaneswar,43-inch Smart TV,Electronics,2,25455,50910,CUST-40882,Website
UK-2026-103990,2026-05-25,West,Pune,Ultrabook Air 14,Electronics,1,31134,31134,CUST-31557,App
UK-2026-101395,2026-02-25,Central,Nagpur,Dinner Set 24pc,Home & Kitchen,1,2478,2478,CUST-14044,App
UK-2026-104508,2026-06-20,Central,Indore,Wireless Earbuds Pro,Electronics,1,2999,2999,CUST-42740,Marketplace
UK-2026-101590,2026-03-27,South,Cochin,Foldable Treadmill T2,Sports,4,25798,103192,CUST-32569,Website
UK-2026-100468,2026-01-24,North,Noida,Noise-Cancelling Headphones,Electronics,-1,8876,8876,CUST-80553,App
UK-2026-100120,2026-01-28,South,Hyderabad,Running Sneakers,Fashion,1,2715,2715,CUST-48737,App
UK-2026-102401,2026-04-30,West,Mumbai,Cricket Bat English Willow,Sports,2,9353,18706,CUST-22066,Website
UK-2026-103676,2026-05-21,North,Chandigarh,Ultrabook Air 14,Electronics,1,29036,29036,CUST-50194,App
UK-2026-102338,2026-04-24,West,Pune,Vitamin C Serum,Beauty,1,683,683,CUST-71453,Website
UK-2026-100273,2026-01-22,Central,Nagpur,Slim Fit Jeans,Fashion,1,1661,1661,CUST-22846,Website
UK-2026-103045,2026-04-27,Central,Raipur,Dinner Set 24pc,Home & Kitchen,1,2515,2515,CUST-70401,Website
UK-2026-103547,2026-05-26,North,Delhi,Sunscreen SPF50,Beauty,1,541,541,CUST-13003,App
UK-2026-100006,2026-01-24,South,Chennai,Noise-Cancelling Headphones,Electronics,1,9197,9197,CUST-28375,Website
UK-2026-103108,2026-05-01,Central,Bhopal,Foldable Treadmill T2,Sports,1,24522,,CUST-61410,App
UK-2026-104409,2026-06-21,East,Kolkata,Mirrorless Camera Lite,Electronics,1,27860,27860,CUST-92820,Marketplace
UK-2026-101785,2026-03-08,North,Gurugram,Air Fryer 5L,Home & Kitchen,1,5544,5544,CUST-14916,App
UK-2026-104067,2026-06-22,Central,Nagpur,Ethnic Dupatta,Fashion,3,502,1506,CUST-86015,App
UK-2026-103205,2026-05-20,South,Bengaluru,Football Size 5,Sports,2,926,1852,CUST-97753,Website
UK-2026-101755,2026-03-15,East,Patna,Slim Fit Jeans,Fashion,2,1550,3100,CUST-87589,Website
UK-2026-103172,2026-05-23,South,Kochi,Cricket Bat English Willow,Sports,1,8843,8843,CUST-70220,App
UK-2026-101554,2026-03-23,North,Gurugram,Formal Shirt,Fashion,1,1114,1114,CUST-19921,App
UK-2026-100288,2026-01-13,East,Guwahati,Running Sneakers,Fashion,1,2718,2718,CUST-80488,App
UK-2026-102844,2026-04-24,South,Hyderabad,Ultrabook Air 14,Electronics,1,31149,31149,CUST-47981,Marketplace
UK-2026-102579,2026-04-07,North,Noida,Mixer Grinder 750W,Home & Kitchen,1,3175,3175,CUST-38454,App
UK-2026-103037,2026-04-16,North,Chandigarh,Vitamin C Serum,Beauty,3,666,1998,CUST-14166,Website
UK-2026-102246,2026-04-20,South,Chennai,Modern Wall Clock,Home & Kitchen,1,770,770,CUST-65542,App
UK-2026-102341,2026-04-06,East,Bhubaneswar,Silk Saree,Fashion,1,3457,3457,CUST-82603,App
UK-2026-100942,2026-02-04,North,Delhi,Formal Shirt,Fashion,1,1146,1146,CUST-70194,Marketplace
UK-2026-101873,2026-03-04,East,Kolkata,Cotton Kurta Set,Fashion,-2,1341,1341,CUST-38896,App
UK-2026-100165,2026-01-30,West,Mumbai,Cotton Bedsheet Set,Home & Kitchen,2,1354,2708,CUST-60156,App
UK-2026-103383,2026-05-29,North,Chandigarh,Silk Saree,Fashion,1,3358,3358,CUST-69245,App
UK-2026-103397,2026-05-10,South,Hyderabad,Denim Jacket,Fashion,1,2199,2199,CUST-85132,App
UK-2026-100606,2026-01-20,West,Surat,Ultrabook Air 14,Electronics,2,29201,58402,CUST-41525,App
UK-2026-100843,2026-02-23,South,Bengaluru,Cycling Helmet,Sports,1,1531,1531,CUST-17117,Website
UK-2026-104228,2026-06-08,North,Gurugram,Non-Stick Cookware Set,Home & Kitchen,4,2997,11988,CUST-52180,App
UK-2026-100542,2026-01-18,West,Surat,Foldable Treadmill T2,Sports,1,25372,25372,CUST-25673,App
UK-2026-104036,2026-06-22,West,Mumbai,Sunscreen SPF50,Beauty,-2,526,1052,CUST-63503,App
UK-2026-101687,2026-03-08,South,Chennai,Silk Saree,Fashion,2,3454,6908,CUST-37608,Website
UK-2026-103478,2026-05-18,East,Bhubaneswar,Wireless Earbuds Pro,Electronics,1,3011,3011,CUST-18107,Website
UK-2026-100552,2026-01-25,West,Surat,Non-Stick Cookware Set,Home & Kitchen,1,2911,2911,CUST-56403,Website
UK-2026-102770,2026-04-12,South,Hyderabad,Cotton Bedsheet Set,Home & Kitchen,1,1350,1350,CUST-54379,App
UK-2026-100797,2026-02-23,South,Chennai,Electric Kettle 1.5L,Home & Kitchen,2,1065,2130,CUST-33707,App
UK-2026-102362,2026-04-02,East,Patna,Matte Lipstick Set,Beauty,1,875,875,CUST-45866,App
UK-2026-101744,2026-03-21,West,Mumbai,Badminton Racket Set,Sports,1,2585,2585,CUST-79427,Marketplace
UK-2026-104338,2026-06-13,South,Hyderabad,Mirrorless Camera Lite,Electronics,4,28743,114972,CUST-96889,App
UK-2026-104109,2026-06-13,South,Bengaluru,43-inch Smart TV,Electronics,1,26288,26288,CUST-22340,Marketplace
UK-2026-101123,2026-02-15,North,Delhi,Yoga Mat Pro,Sports,4,1214,4856,CUST-26987,Marketplace
UK-2026-100873,2026-02-10,South,Hyderabad,Formal Shirt,Fashion,-1,1064,1064,CUST-18223,Website
UK-2026-103993,2026-05-19,South,Chennai,Ionic Hair Dryer,Beauty,4,1818,7272,CUST-71542,App
UK-2026-103183,2026-05-27,West,Surat,Robot Vacuum R7,Home & Kitchen,1,18966,"18,966.00",CUST-61011,App
UK-2026-100426,2026-01-22,North,Chandigarh,Running Sneakers,Fashion,3,2912,8736,CUST-60885,App
UK-2026-103554,2026-05-16,South,Kochi,Yoga Mat Pro,Sports,4,1142,4568,CUST-76181,Website
UK-2026-100734,2026-02-19,South,Hyderabad,Yoga Mat Pro,Sports,1,1148,1148,CUST-33447,App
UK-2026-103012,2026-04-20,East,Guwahati,Face Wash Combo,Beauty,1,443,443,CUST-26674,Marketplace
UK-2026-100177,2026-01-28,South,Hyderabad,Modern Wall Clock,Home & Kitchen,1,759,759,CUST-82873,App
UK-2026-103482,2026-05-30,West,Mumbai,Wireless Earbuds Pro,Electronics,2,3009,6018,CUST-48848,App
UK-2026-102631,2026-04-08,East,Kolkata,Wireless Earbuds Pro,Electronics,1,2906,"₹2,906",CUST-46150,Website
UK-2026-100531,2026-01-14,North,Delhi,Modern Wall Clock,Home & Kitchen,2,796,1592,CUST-73572,Website
UK-2026-102424,2026-04-08,North,Gurugram,Mixer Grinder 750W,Home & Kitchen,1,3236,3236 INR,CUST-77795,Website
UK-2026-100699,2026-01-09,North,Delhi,Smart Watch X2,Electronics,1,4421,4421,CUST-36665,Marketplace
UK-2026-104509,2026-06-07,South,Chennai,MATTE LIPSTICK SET,Beauty,1,910,910,CUST-34841,App
UK-2026-101199,2026-02-08,West,Surat,Silk Saree,Fashion,3,3501,10503,CUST-37009,Website
UK-2026-100218,"Jan 16, 2026",South,Hyderabad,Vitamin C Serum,Beauty,1,665,665,CUST-19875,App
UK-2026-100292,2026-01-11,East,Patna,Robot Vacuum R7,Home & Kitchen,1,18458,18458,CUST-18057,Marketplace
UK-2026-101309,2026-02-06,West,Mumbai,43-inch Smart TV,Electronics,1,25467,25467 INR,CUST-39240,Website
UK-2026-102631,2026-04-08,East,Kolkata,Wireless Earbuds Pro,Electronics,1,2906,"₹2,906",CUST-46150,Website
UK-2026-102510,2026-04-22,East,Guwahati,Ultrabook Air 14,Electronics,2,28820,57640,CUST-49655,App
UK-2026-103780,2026-05-14,South,Bengaluru,Mirrorless Camera Lite,Electronics,1,28854,28854,CUST-90252,App
UK-2026-103636,2026-05-20,East,Kolkata,Matte Lipstick Set,Beauty,1,856,856,CUST-74592,Website
UK-2026-101243,2026-02-23,West,Mumbai,Ethnic Dupatta,Fashion,1,480,480,CUST-70920,App
UK-2026-101741,2026-03-10,South,Hyderabad,Slim Fit Jeans,Fashion,-1,1534,4602,CUST-74010,Website
UK-2026-101516,2026-03-04,North,Noida,Gym Gloves,Sports,1,520,520,CUST-44749,App
UK-2026-103404,2026-05-06,South,Chennai,Robot Vacuum R7,Home & Kitchen,1,19500,19500,CUST-37831,App
UK-2026-100039,2026-01-30,West,Ahmedabad,Ultrabook Air 14,Electronics,1,31380,31380,CUST-48940,Marketplace
UK-2026-104186,2026-06-01,East,Bhubaneswar,Noise-Cancelling Headphones,Electronics,1,9010,9010,CUST-46889,Marketplace
UK-2026-101896,2026-03-30,Central,Nagpur,Adjustable Dumbbells 15kg,Sports,1,5041,5041,CUST-41617,Marketplace
UK-2026-101432,2026-02-13,East,Kolkata,Football Size 5,Sports,1,903,903,CUST-47701,App
UK-2026-104792,2026-06-08,South,Kochi,Mirrorless Camera Lite,Electronics,1,28302,28302,CUST-91441,Marketplace
UK-2026-102421,2026-04-18,South,Kochi,Leather Wallet,Fashion,1,892,892,CUST-21854,App
UK-2026-104050,2026-06-28,Central,Nagpur,Makeup Brush Set,Beauty,1,1358,1358,CUST-93204,Website
UK-2026-102835,2026-04-21,Central,Nagpur,Electric Kettle 1.5L,Home & Kitchen,3,1060,3180,CUST-46996,Marketplace
UK-2026-101529,2026-03-03,South,Chennai,Denim Jacket,Fashion,1,2254,2254,CUST-54186,Website
UK-2026-101030,2026-02-14,Central,Raipur,Ionic Hair Dryer,Beauty,2,1821,3642,CUST-81807,Website
UK-2026-100030,2026-01-07,South,Bengaluru,Vitamin C Serum,Beauty,2,690,1380,CUST-66003,Website
UK-2026-100704,2026-01-19,North,Noida,Cotton Kurta Set,Fashion,1,1246,1246,CUST-60569,App
UK-2026-103306,2026-05-07,East,Bhubaneswar,Bluetooth Speaker Mini,Electronics,4,1495,5980,CUST-38535,App
UK-2026-100927,2026-02-12,East,Patna,Electric Kettle 1.5L,Home & Kitchen,1,1048,1048,CUST-45132,Marketplace
UK-2026-102989,2026-04-08,North,Gurugram,Non-Stick Cookware Set,Home & Kitchen,1,2960,2960,CUST-78158,Marketplace
UK-2026-100233,2026-01-23,South,Kochi,Wireless Earbuds Pro,Electronics,2,2949,5898,CUST-46765,App
UK-2026-103513,2026-05-14,West,Bombay,43-inch Smart TV,Electronics,1,26520,26520,CUST-48720,App
UK-2026-103711,2026-05-16,South,Bengaluru,Cotton Bedsheet Set,Home & Kitchen,1,1382,1382,CUST-77486,Website
UK-2026-100659,2026-01-21,Central,Bhopal,Adjustable Dumbbells 15kg,Sports,1,4800,4800,CUST-46765,Website
UK-2026-104959,2026-06-04,North,Gurugram,Robot Vacuum R7,Home & Kitchen,1,19587,19587,CUST-99661,App
UK-2026-102258,2026-04-03,South,Madras,Power Bank 20000mAh,Electronics,1,1783,1783,CUST-57096,App
UK-2026-103492,2026-05-19,South,Chennai,43-inch Smart TV,Electronics,1,25078,25078,CUST-52133,Website
UK-2026-104640,11/06/2026,North,Delhi,Smart Watch X2,Electronics,1,4690,4690,CUST-65139,Marketplace
UK-2026-101776,2026-03-29,West,Mumbai,Sunscreen SPF50,Beauty,2,541,1082,CUST-94683,Website
UK-2026-102399,2026-04-25,South,Kochi,Leather Wallet,Fashion,2,869,1738,CUST-34160,App
UK-2026-104336,2026-06-14,East,Kolkata,Eau de Parfum 100ml,Beauty,1,1973,1973,CUST-99062,Website
UK-2026-103270,2026-05-02,North,Noida,Leather Wallet,Fashion,1,901,901,CUST-82140,App
UK-2026-102827,2026-04-01,North,Delhi,Football Size 5,Sports,1,926,926,CUST-74207,App
UK-2026-103105,2026-05-08,North,Chandigarh,Beard Grooming Kit,Beauty,2,992,"₹1,984",CUST-36923,Website
UK-2026-103580,2026-05-28,West,Surat,Running Sneakers,Fashion,1,2705,2705,CUST-29408,Website
UK-2026-101849,2026-03-09,West,Pune,Silk Saree,Fashion,1,3419,3419,CUST-80012,Website
UK-2026-103464,2026-05-12,South,Hyderabad,Gym Gloves,Sports,1,490,490,CUST-71230,App
UK-2026-104878,2026-06-19,South,Hyderabad,Noise-Cancelling Headphones,Electronics,2,9154,18308,CUST-58256,App
UK-2026-104300,2026-06-19,North,Noida,Dinner Set 24pc,Home & Kitchen,1,2545,2545,CUST-24621,App
UK-2026-103206,30/05/2026,South,Hyderabad,Matte Lipstick Set,Beauty,1,878,878,CUST-87677,Marketplace
UK-2026-101545,2026-03-01,North,Noida,Modern Wall Clock,Home & Kitchen,1,770,770 INR,CUST-65715,Marketplace
UK-2026-103289,2026-05-17,North,Noida,Cotton Kurta Set,Fashion,1,1276,1276,CUST-60999,Marketplace
UK-2026-104252,2026-06-21,West,Pune,Eau de Parfum 100ml,Beauty,1,2015,2015,CUST-75736,Website
UK-2026-102028,2026-03-15,West,Mumbai,Cotton Bedsheet Set,Home & Kitchen,2,1341,2682,CUST-74942,Website
UK-2026-102577,2026-04-25,West,Pune,Wireless Earbuds Pro,Electronics,1,3107,3107,CUST-44749,Marketplace
UK-2026-102005,2026-03-19,North,Gurugram,Ethnic Dupatta,Fashion,3,493,1479,CUST-73952,App
UK-2026-100077,2026-01-28,North,Noida,Silk Saree,Fashion,2,3376,6752,CUST-33502,Website
UK-2026-100754,2026-02-22,South,Bengaluru,Modern Wall Clock,Home & Kitchen,1,781,781,CUST-12393,Website
UK-2026-103046,2026-04-05,North,Delhi,Sunscreen SPF50,Beauty,2,563,1126,CUST-70048,App
UK-2026-104142,2026-06-08,South,Hyderabad,Slim Fit Jeans,Fashion,2,1677,3354,CUST-31825,Marketplace
UK-2026-103061,2026-04-22,South,Bengaluru,Denim Jacket,Fashion,1,2268,2268,CUST-45469,App
UK-2026-102172,2026-03-07,South,Kochi,Electric Kettle 1.5L,Home & Kitchen,1,1052,1052,CUST-69565,Website
UK-2026-102346,2026-04-07,North,Noida,Matte Lipstick Set,Beauty,2,942,1884,CUST-95455,App
UK-2026-104419,2026-06-30,South,Bengaluru,Adjustable Dumbbells 15kg,Sports,1,4841,4841,CUST-52406,App
UK-2026-104351,2026-06-16,South,Hyderabad,Cotton Kurta Set,Fashion,1,1359,1359,CUST-14916,App
UK-2026-102279,2026-04-12,West,Ahmedabad,Mirrorless Camera Lite,Electronics,1,28587,28587,CUST-22111,Marketplace
UK-2026-100674,2026-01-03,South,Bengaluru,Formal Shirt,Fashion,2,1096,2192,CUST-38680,Marketplace
UK-2026-102488,2026-04-23,North,Noida,Slim Fit Jeans,Fashion,2,1530,3060,CUST-30690,App
UK-2026-102071,2026-03-13,South,Bengaluru,Ethnic Dupatta,Fashion,1,484,484,CUST-53607,App
UK-2026-101803,2026-03-22,West,Surat,Ethnic Dupatta,Fashion,1,505,505,CUST-10787,Website
UK-2026-101153,2026-02-17,East,Kolkata,Denim Jacket,Fashion,1,2154,2154,CUST-94801,App
UK-2026-101583,2026-03-12,South,Hyderabad,Power Bank 20000mAh,Electronics,1,1837,1837,CUST-42403,Website
UK-2026-104138,2026-06-24,Central,Raipur,Denim Jacket,Fashion,2,2304,4608,CUST-81628,App
UK-2026-102429,2026-04-12,South,Kochi,Cotton Kurta Set,Fashion,1,1287,1287,CUST-14228,App
UK-2026-101565,2026-03-22,South,Bengaluru,Badminton Racket Set,Sports,1,2612,2612,CUST-58896,App
UK-2026-101842,2026-03-02,West,Mumbai,Vitamin C Serum,Beauty,1,718,718,CUST-58866,Website
UK-2026-102701,2026-04-01,West,Ahmedabad,Denim Jacket,Fashion,1,2249,2249,CUST-83980,App
UK-2026-100992,2026-02-14,East,Bhubaneswar,Formal Shirt,Fashion,2,1094,2188,CUST-70789,Website
UK-2026-102748,2026-04-09,East,Kolkata,Beard Grooming Kit,Beauty,1,955,955,CUST-12217,Website
UK-2026-104131,2026-06-10,East,Patna,Mixer Grinder 750W,Home & Kitchen,2,3262,6524,CUST-22340,Website
UK-2026-104757,2026-06-16,Central,Bhopal,Football Size 5,Sports,3,942,2826,CUST-74307,App
UK-2026-102016,2026-03-30,West,Surat,Silk Saree,Fashion,2,3431,6862,CUST-37813,Marketplace
UK-2026-101063,2026-02-22,East,Kolkata,Cotton Bedsheet Set,Home & Kitchen,1,1353,1353,CUST-16959,Website
UK-2026-101981,2026-03-28,East,Kolkata,Slim Fit Jeans,Fashion,1,1572,1572,CUST-25211,Website
UK-2026-100956,2026-02-13,Central,Raipur,Foldable Treadmill T2,Sports,1,24413,24413,CUST-10036,App
UK-2026-101721,2026-03-07,South,Chennai   ,Face Wash Combo,Beauty,4,465,1860,CUST-31126,App
UK-2026-103237,2026-05-17,West,Pune,Air Fryer 5L,Home & Kitchen,1,5551,5551,CUST-94877,Website
UK-2026-103493,03-05-26,South,Chennai,Mirrorless Camera Lite,Electronics,1,27750,27750,CUST-13334,App
UK-2026-104748,2026-06-16,South,Bengaluru,Power Bank 20000mAh,Electronics,1,1714,1714,CUST-92580,Website
UK-2026-101249,2026-02-27,South,Kochi,Foldable Treadmill T2,Sports,1,24412,24412,CUST-14228,Website
UK-2026-100196,26-01-26,South,Hyderabad,Beard Grooming Kit,Beauty,2,959,1918,CUST-82034,Website
UK-2026-103614,2026-05-18,West,Pune,Cycling Helmet,Sports,1,1536,1536,CUST-65542,Marketplace
UK-2026-102331,2026-04-12,East,Kolkata,Wireless Earbuds Pro,Electronics,1,2965,2965,CUST-51857,Marketplace
UK-2026-101690,2026-03-27,South,Bengaluru,Running Sneakers,Fashion,1,2823,2823,CUST-45336,Website
UK-2026-102469,2026-04-30,North,Noida,Adjustable Dumbbells 15kg,Sports,1,4995,4995,CUST-89442,Website
UK-2026-104196,2026-06-05,North,Noida,Makeup Brush Set,Beauty,4,1314,,CUST-35473,App
UK-2026-100646,2026-01-29,West,Surat,Football Size 5,Sports,1,935,935,CUST-60724,App
UK-2026-102200,2026-03-19,East,Patna,Gym Gloves,Sports,1,522,522,CUST-44725,App
UK-2026-101048,2026-02-10,Central,Bhopal,Slim Fit Jeans,Fashion,4,1589,6356,CUST-13003,App
UK-2026-103627,2026-05-05,South,Kochi,Gym Gloves,Sports,1,483,483,CUST-84595,Website
UK-2026-102328,2026-04-23,North,Gurugram,Electric Kettle 1.5L,Home & Kitchen,1,1068,1068,CUST-94216,App
UK-2026-101447,2026-02-27,West,Surat,Eau de Parfum 100ml,Beauty,,2083,4166,CUST-34841,App
UK-2026-102293,2026-04-09,East,Kolkata,Denim Jacket,Fashion,1,2141,2141,CUST-43806,Website
UK-2026-100333,2026-01-19,East,Kolkata,Wireless Earbuds Pro,Electronics,1,2851,2851,CUST-52771,App
UK-2026-100836,2026-02-10,South,Bengaluru,Running Sneakers,Fashion,1,2937,2937,CUST-88965,App
UK-2026-103034,2026-04-02,North,Delhi,Sunscreen SPF50,Beauty,1,522,522,CUST-74169,Marketplace
UK-2026-100478,2026-01-17,East,Guwahati,Ultrabook Air 14,Electronics,1,28980,28980,CUST-35570,App
UK-2026-104295,2026-06-14,North,Chandigarh,Dinner Set 24pc,Home & Kitchen,2,2551,5102,CUST-54182,Marketplace
UK-2026-101979,2026-03-24,South,Chennai,Dinner Set 24pc,Home & Kitchen,2,2510,5020,CUST-20661,App
UK-2026-101773,2026-03-14,South,Bengaluru,Ultrabook Air 14,Electronics,-2,31229,31229,CUST-87614,Website
UK-2026-103495,2026-05-19,West,Ahmedabad,Adjustable Dumbbells 15kg,Sports,1,4871,4871,CUST-64941,Marketplace
UK-2026-100587,2026-01-16,East,Patna,Wireless Earbuds Pro,Electronics,1,2920,2920,CUST-97247,Marketplace
UK-2026-101723,2026-03-08,South,Hyderabad,Air Fryer 5L,Home & Kitchen,1,5274,5274,CUST-32859,Website
UK-2026-104268,2026-06-12,South,Bengaluru,Yoga Mat Pro,Sports,2,1168,2336,CUST-37320,Marketplace
UK-2026-104747,2026-06-16,East,Guwahati,Ethnic Dupatta,Fashion,1,478,478,CUST-47409,Marketplace
UK-2026-101074,2026-02-13,North,Delhi,Noise-Cancelling Headphones,Electronics,1,9143,9143,CUST-20094,Marketplace
UK-2026-104516,2026-06-30,West,Mumbai,Ultrabook Air 14,Electronics,1,31493,31493,CUST-24391,Marketplace
UK-2026-104683,2026-06-18,South,Chennai,Bluetooth Speaker Mini,Electronics,2,1493,2986,CUST-29389,Marketplace
UK-2026-103966,2026-05-24,North,Chandigarh,Leather Wallet,Fashion,2,902,1804,CUST-74743,App
UK-2026-103360,2026-05-04,North,Chandigarh,Running Sneakers,Fashion,1,2704,2704,CUST-22340,Website
UK-2026-100720,2026-01-24,South,Kochi,Running Sneakers,Fashion,1,2671,2671,CUST-46640,App
UK-2026-102557,2026-04-04,Central,Nagpur,Foldable Treadmill T2,Sports,1,25515,25515,CUST-15018,App
UK-2026-104303,2026-06-26,South,Bengaluru,Air Fryer 5L,Home & Kitchen,2,5381,10762,CUST-54753,Website
UK-2026-100555,2026-01-19,North,Noida,Bluetooth Speaker Mini,Electronics,1,1518,1518,CUST-90072,Marketplace
UK-2026-104014,2026-05-16,North,Gurugram,Mirrorless Camera Lite,Electronics,1,28795,28795,CUST-48751,App
UK-2026-103527,2026-05-10,South,Bangalore,Noise-Cancelling Headphones,Electronics,1,9316,9316,CUST-19767,App
UK-2026-100141,2026-01-10,East,Kolkata,Mirrorless Camera Lite,Electronics,1,27731,27731,CUST-75648,Marketplace
UK-2026-103870,2026-05-30,Central,Raipur,Running Sneakers,Fashion,3,2662,7986,CUST-61011,Website
UK-2026-103461,2026-05-04,West,Surat,Sunscreen SPF50,Beauty,1,535,535,CUST-78830,App
UK-2026-101011,2026-02-03,South,Bengaluru,Ethnic Dupatta,Fashion,1,522,522,CUST-79156,Website
UK-2026-100452,2026-01-03,Central,Bhopal,Power Bank 20000mAh,Electronics,2,1786,3572,CUST-99403,Website
UK-2026-100757,2026-02-23,Central,Raipur,Robot Vacuum R7,Home & Kitchen,1,19098,19098,CUST-84595,Website
UK-2026-103861,2026-05-01,South,Kochi,Adjustable Dumbbells 15kg,Sports,1,4801,4801 INR,CUST-67596,App
UK-2026-100095,2026-01-31,North,Noida,Cotton Bedsheet Set,Home & Kitchen,2,1404,2808,CUST-77809,Marketplace
UK-2026-100161,2026-01-12,South,Bengaluru,Beard Grooming Kit,Beauty,1,951,951,CUST-56720,Website
UK-2026-101164,2026-02-24,West,Pune,Cycling Helmet,Sports,1,1637,1637,CUST-12080,App
UK-2026-101135,2026-02-10,Central,Bhopal,Smart Watch X2,Electronics,2,4326,8652,CUST-30972,App
UK-2026-103563,2026-05-27,,Pune,Silk Saree,Fashion,1,3500,3500,CUST-86619,Website
UK-2026-101865,2026-03-12,South,Bengaluru,Denim Jacket,Fashion,1,2100,2100,CUST-35039,App
UK-2026-103970,2026-05-22,West,Surat,Makeup Brush Set,Beauty,2,1321,2642,CUST-41944,App
UK-2026-102458,2026-04-19,North,Noida,Mirrorless Camera Lite,Electronics,1,27741,27741,CUST-12312,Marketplace
UK-2026-100316,2026-01-28,West,Surat,Cotton Bedsheet Set,Home & Kitchen,2,1343,2686,CUST-70736,Website
UK-2026-101430,2026-02-08,South,Chennai,Smart Watch X2,Electronics,1,4449,4449,CUST-22850,Marketplace
UK-2026-102664,2026-04-16,West,Ahmedabad,Wireless Earbuds Pro,Electronics,1,2931,2931,CUST-90261,Website
UK-2026-101120,2026-02-24,South,Kochi,Electric Kettle 1.5L,Home & Kitchen,2,1137,2274 INR,CUST-36876,App
UK-2026-100425,2026-01-12,South,Hyderabad,Mirrorless Camera Lite,Electronics,1,29350,29350,CUST-47724,App
UK-2026-102419,2026-04-26,Central,Raipur,43-inch Smart TV,Electronics,1,27247,27247,CUST-82468,Website
UK-2026-103857,2026-05-25,Central,Raipur,Robot Vacuum R7,Home & Kitchen,2,18943,37886,CUST-93149,App
UK-2026-101091,2026-02-18,Central,Raipur,Eau de Parfum 100ml,Beauty,1,2096,2096,CUST-60570,Website
UK-2026-102158,2026-03-21,East,Patna,Ultrabook Air 14,Electronics,1,30729,30729,CUST-47701,Marketplace
UK-2026-102740,2026-04-19,North,  Gurugram,Non-Stick Cookware Set,Home & Kitchen,2,2883,5766,CUST-35888,App
UK-2026-100591,2026-01-05,West,Ahmedabad,Running Sneakers,Fashion,1,2677,2677,CUST-93857,App
UK-2026-102822,2026-04-07,East,Patna,Adjustable Dumbbells 15kg,Sports,2,5088,10176,CUST-40867,Marketplace
UK-2026-104555,2026-06-02,West,Pune,Denim Jacket,Fashion,1,2142,2142,CUST-12589,Marketplace
UK-2026-104737,2026-06-09,North,Delhi,Mixer Grinder 750W,Home & Kitchen,1,3171,3171,CUST-25889,App
UK-2026-101422,"Feb 25, 2026",Central,Nagpur,Robot Vacuum R7,Home & Kitchen,2,18130,36260,CUST-39466,Website
UK-2026-104188,2026-06-17,North,Noida,Ethnic Dupatta,Fashion,1,522,522,CUST-62925,Marketplace
UK-2026-101177,2026-02-23,North,Chandigarh,Air Fryer 5L,Home & Kitchen,2,5644,11288,CUST-88561,Marketplace
UK-2026-104283,2026-06-02,East,Patna,Mirrorless Camera Lite,Electronics,4,27794,111176,CUST-25770,Marketplace
UK-2026-103899,2026-05-14,South,Bengaluru,Cotton Kurta Set,Fashion,1,1322,1322,CUST-62237,App
UK-2026-100705,2026-01-08,Central,Raipur,Eau de Parfum 100ml,Beauty,,1978,1978,CUST-87416,App
UK-2026-103071,03/04/2026,South,Chennai,Power Bank 20000mAh,Electronics,1,1838,1838,CUST-43056,Website
UK-2026-104557,2026-06-24,South,Chennai,Slim Fit Jeans,Fashion,1,1594,1594 INR,CUST-99563,Website
UK-2026-101882,2026-03-08,Central,Nagpur,Non-Stick Cookware Set,Home & Kitchen,1,2967,2967,CUST-90561,Marketplace
UK-2026-102882,2026-04-01,North,Chandigarh,Modern Wall Clock,Home & Kitchen,1,760,760,CUST-73952,App
UK-2026-100594,2026-01-13,East,Bhubaneswar,Slim Fit Jeans,Fashion,1,1641,1641,CUST-85320,Website
UK-2026-100683,2026-01-04,Central,Nagpur,Gym Gloves,Sports,1,518,518 INR,CUST-48848,App
UK-2026-100278,2026-01-03,South,Chennai,Noise-Cancelling Headphones,Electronics,1,9151,9151 INR,CUST-36665,App
UK-2026-103692,2026-05-03,North,Delhi,Cotton Kurta Set,Fashion,1,1349,1349,CUST-45867,App
UK-2026-103553,2026-05-29,Central,Nagpur,Gym Gloves,Sports,1,511,511,CUST-72855,Website
UK-2026-104965,2026-06-12,North,Delhi,Foldable Treadmill T2,Sports,0,25986,51972,CUST-42390,Website
UK-2026-101947,2026-03-03,South,Chennai,Ethnic Dupatta,Fashion,1,474,474,CUST-56165,App
UK-2026-100506,2026-01-23,East,Patna,Robot Vacuum R7,Home & Kitchen,1,19380,19380,CUST-81807,Website
UK-2026-100135,2026-01-12,West,Ahmedabad,Silk Saree,Fashion,1,3367,3367,CUST-48172,App
UK-2026-101543,2026-03-20,North,Noida,Mirrorless Camera Lite,Electronics,1,29163,29163,CUST-96703,App
UK-2026-103948,2026-05-18,South,Bengaluru,Cycling Helmet,Sports,2,1642,3284,CUST-12613,Marketplace
UK-2026-102853,2026-04-16,North,Gurugram,Mixer Grinder 750W,Home & Kitchen,1,3158,3158,CUST-14228,App
UK-2026-102505,2026-04-01,South,Hyderabad,Gym Gloves,Sports,1,485,485,CUST-97852,Website
UK-2026-101714,2026-03-27,Central,Indore,Mirrorless Camera Lite,Electronics,1,28197,28197,CUST-87405,App
UK-2026-101995,2026-03-22,South,Bengaluru,Beard Grooming Kit,Beauty,1,982,982,CUST-84385,Marketplace
UK-2026-104106,2026-06-22,East,Bhubaneswar,Beard Grooming Kit,Beauty,1,964,964,CUST-83741,App
UK-2026-103433,2026-05-22,North,New Delhi,43-inch Smart TV,Electronics,1,25199,25199,CUST-97015,Marketplace
UK-2026-103685,2026-05-15,West,Surat,Makeup Brush Set,Beauty,3,1308,3924,CUST-70669,App
UK-2026-104682,2026-06-22,South,Hyderabad,Beard Grooming Kit,Beauty,2,965,1930,CUST-74878,App
UK-2026-103246,2026-05-07,West,Surat,Adjustable Dumbbells 15kg,Sports,2,5170,10340,CUST-11724,Website
UK-2026-101247,2026-02-26,South,Hyderabad,Smart Watch X2,Electronics,1,4290,4290,CUST-77944,Website
UK-2026-103823,2026-05-17,South,Hyderabad,Mirrorless Camera Lite,Electronics,2,30369,60738,CUST-53790,App
UK-2026-100638,2026-01-14,North,Delhi,Noise-Cancelling Headphones,Electronics,1,8733,8733,CUST-22753,Website
UK-2026-100993,2026-02-25,North,Gurugram,Denim Jacket,Fashion,1,2243,2243,CUST-51947,Website
UK-2026-103187,2026-05-08,North,Delhi,Foldable Treadmill T2,Sports,2,26055,52110,CUST-21120,App
UK-2026-101289,2026-02-15,South,Bengaluru,Power Bank 20000mAh,Electronics,1,1795,1795,CUST-98509,Website
UK-2026-104818,2026-06-02,East,Bhubaneswar,Yoga Mat Pro,Sports,1,1155,1155,CUST-57093,Website
UK-2026-103499,2026-05-18,South,Chennai,Power Bank 20000mAh,Electronics,2,1748,3496,CUST-58896,App
UK-2026-100298,2026-01-07,North,Chandigarh,Sunscreen SPF50,Beauty,1,565,,CUST-62925,App
UK-2026-101907,2026-03-03,East,Kolkata,Badminton Racket Set,Sports,1,2502,2502,CUST-79427,Marketplace
UK-2026-101468,2026-03-23,North,Gurugram,Dinner Set 24pc,Home & Kitchen,1,2590,2590,CUST-34095,Website
UK-2026-102601,2026-04-03,Central,Raipur,Badminton Racket Set,Sports,1,2414,2414,CUST-11729,App
UK-2026-103164,2026-05-15,South,Chennai,Non-Stick Cookware Set,Home & Kitchen,2,2892,5784,CUST-25308,Website
UK-2026-101901,2026-03-10,East,Guwahati,Non-Stick Cookware Set,Home & Kitchen,1,3036,3036,CUST-28655,App
UK-2026-101172,2026-02-06,South,Bengaluru,Dinner Set 24pc,Home & Kitchen,1,2548,2548,CUST-57448,Marketplace
UK-2026-102402,2026-04-23,East,Kolkata,Cotton Bedsheet Set,Home & Kitchen,2,1367,2734,CUST-19528,App
UK-2026-103441,2026-05-08,North,Gurugram,Slim Fit Jeans,Fashion,4,1558,6232,CUST-31478,Website
UK-2026-102693,2026-04-01,East,Bhubaneswar,Ionic Hair Dryer,Beauty,2,1907,3814,CUST-49028,App
UK-2026-101356,2026-02-01,North,Delhi,Wireless Earbuds Pro,Electronics,1,3061,3061,CUST-43741,Marketplace
UK-2026-101038,2026-02-02,North,Gurugram,Matte Lipstick Set,Beauty,1,932,932,CUST-94999,Website
UK-2026-100765,2026-02-17,East,Patna,Bluetooth Speaker Mini,Electronics,1,1558,1558,CUST-15167,Website
UK-2026-100994,2026-02-23,Central,Indore,Modern Wall Clock,Home & Kitchen,2,763,1526,CUST-52139,App
UK-2026-100476,2026-01-09,South,Kochi,Beard Grooming Kit,Beauty,1,994,994,CUST-83505,App
UK-2026-101028,2026-02-13,South,Hyderabad,Non-Stick Cookware Set,Home & Kitchen,4,2912,11648,CUST-76160,App
UK-2026-100464,2026-01-24,South,Bengaluru,Smart Watch X2,Electronics,2,4306,8612,CUST-23059,App
UK-2026-102100,2026-03-10,North,Chandigarh,Eau de Parfum 100ml,Beauty,1,2018,2018,CUST-73737,Website
UK-2026-101902,2026-03-09,Central,Nagpur,Cotton Kurta Set,Fashion,1,1240,1240,CUST-22111,Website
UK-2026-104891,2026-06-26,West,Surat,Wireless Earbuds Pro,Electronics,2,2932,5864,CUST-53089,Marketplace
UK-2026-104039,2026-06-26,Central,Raipur,Formal Shirt,Fashion,-2,1119,1119,CUST-49767,App
UK-2026-103488,2026-05-28,Central,Nagpur,Ethnic Dupatta,Fashion,4,492,1968,CUST-56364,App
UK-2026-101100,2026-02-25,West,Mumbai,Noise-Cancelling Headphones,Electronics,-2,9294,9294,CUST-42154,Marketplace
UK-2026-104565,2026-06-27,North,Delhi,Power Bank 20000mAh,Electronics,1,1829,1829,CUST-28365,Website
UK-2026-101470,2026-03-16,Central,Nagpur,Bluetooth Speaker Mini,Electronics,3,1465,4395,CUST-73890,Website
UK-2026-100285,2026-01-18,West,Surat,Ionic Hair Dryer,Beauty,,1833,1833,CUST-63230,Marketplace
UK-2026-103722,2026-05-04,South,Bengaluru,Power Bank 20000mAh,Electronics,3,1769,5307,CUST-93977,App
UK-2026-100483,2026-01-22,East,Guwahati,Gym Gloves,Sports,2,479,958,CUST-57093,App
UK-2026-100826,2026-02-08,West,Mumbai,Ultrabook Air 14,Electronics,1,31180,31180,CUST-18488,App
UK-2026-101163,2026-02-14,Central,Nagpur,Smart Watch X2,Electronics,1,4477,4477,CUST-75049,Marketplace
UK-2026-104798,2026-06-19,South,Bengaluru,Wireless Earbuds Pro,Electronics,1,2994,"2,994.00",CUST-83383,Website
UK-2026-103949,2026-05-24,North,Gurugram,Makeup Brush Set,Beauty,1,1362,1362,CUST-45174,Website
UK-2026-103363,2026-05-18,West,Surat,Non-Stick Cookware Set,Home & Kitchen,1,2761,2761,CUST-28843,App
UK-2026-103900,2026-05-02,West,Ahmedabad,Leather Wallet   ,Fashion,1,913,913,CUST-76539,Website
UK-2026-103796,2026-05-13,West,Pune,Vitamin C Serum,Beauty,1,734,734,CUST-81807,Website
UK-2026-100924,2026-02-19,North,Chandigarh,Football Size 5,Sports,1,930,930,CUST-11346,Website
UK-2026-103396,2026-05-18,East,Kolkata,Denim Jacket,Fashion,1,2159,2159,CUST-56739,App
UK-2026-101418,2026-02-26,Central,Raipur,Electric Kettle 1.5L,Home & Kitchen,1,1061,1061,CUST-26781,Marketplace
UK-2026-100482,2026-01-19,Central,Nagpur,Foldable Treadmill T2,Sports,1,26025,26025,CUST-33418,Website
UK-2026-100971,2026-02-28,West,Surat,Running Sneakers,Fashion,2,2928,5856,CUST-80109,App
UK-2026-103456,2026-05-13,West,Ahmedabad,Denim Jacket,Fashion,2,2153,4306,CUST-18807,Marketplace
UK-2026-104080,2026-06-17,West,Mumbai,Football Size 5,Sports,1,936,936,CUST-70941,App
UK-2026-102663,2026-04-14,North,New Delhi,Denim Jacket,Fashion,1,2112,2112,CUST-41617,Marketplace
UK-2026-101080,2026-02-03,North,Noida,Robot Vacuum R7,Home & Kitchen,1,19883,19883,CUST-43008,Website
UK-2026-101414,2026-02-24,North,  Chandigarh,Slim Fit Jeans,Fashion,2,1524,3048,CUST-27441,App
UK-2026-100498,2026-01-10,East,Kolkata,Modern Wall Clock,Home & Kitchen,2,816,1632,CUST-22630,App
UK-2026-104559,2026-06-17,South,Hyderabad,Slim Fit Jeans,Fashion,1,1610,1610,CUST-97242,Marketplace
UK-2026-103093,2026-05-07,South,Kochi,Mixer Grinder 750W,Home & Kitchen,1,3421,3421,CUST-50019,Website
UK-2026-102687,2026-04-30,Central,Raipur,Silk Saree,Fashion,2,3539,,CUST-73850,Marketplace
UK-2026-102069,2026-03-06,North,Gurugram,Electric Kettle 1.5L,Home & Kitchen,2,1080,2160,CUST-77392,Marketplace
UK-2026-100366,2026-01-03,Central,Raipur,Makeup Brush Set,Beauty,1,1289,1289,CUST-48692,Website
UK-2026-100643,2026-01-26,North,Delhi,Vitamin C Serum,Beauty,3,665,1995,CUST-30240,Website
UK-2026-102410,2026-04-11,North,Noida   ,Noise-Cancelling Headphones,Electronics,1,8623,8623,CUST-27050,Marketplace
UK-2026-102536,2026-04-24,Central,Bhopal,Air Fryer 5L,Home & Kitchen,1,5720,5720,CUST-51042,Website
UK-2026-101317,2026-02-07,West,Mumbai,Leather Wallet,Fashion,1,885,885,CUST-76181,Website
UK-2026-101706,2026-03-03,North,Delhi,Leather Wallet,Fashion,1,875,875,CUST-84631,App
UK-2026-100721,2026-02-26,Central,Raipur,Smart Watch X2,Electronics,1,4600,4600,CUST-53732,Website
UK-2026-102982,2026-04-23,East,Patna,Vitamin C Serum,Beauty,1,689,689,CUST-81385,Marketplace
UK-2026-103489,2026-05-16,West,Ahmedabad,Silk Saree,Fashion,1,3564,3564,CUST-89508,Website
UK-2026-103516,2026-05-25,Central,Nagpur,Wireless Earbuds Pro,Electronics,1,2903,2903,CUST-30705,App
UK-2026-104944,2026-06-13,West,Bombay,Cotton Bedsheet Set,Home & Kitchen,2,1407,2814,CUST-94765,App
UK-2026-104056,2026-06-06,South,Kochi,Face Wash Combo,Beauty,1,454,454,CUST-63594,Website
UK-2026-100749,2026-02-24,East,Guwahati,Wireless Earbuds Pro,Electronics,2,3072,6144,CUST-47195,Website
UK-2026-103435,2026-05-12,North,Noida,Ionic Hair Dryer,Beauty,1,1816,1816,CUST-15333,Website
UK-2026-100667,2026-01-29,West,Surat,Foldable Treadmill T2,Sports,0,24208,24208,CUST-52624,Website
UK-2026-102949,2026-04-06,North,Gurugram,Modern Wall Clock,Home & Kitchen,1,821,821,CUST-55593,Website
UK-2026-100363,2026-01-20,North,Gurgaon,Wireless Earbuds Pro,Electronics,2,3007,6014,CUST-43968,App
UK-2026-100136,2026-01-20,Central,Indore,Power Bank 20000mAh,Electronics,1,1721,1721,CUST-11427,Website
UK-2026-104222,2026-06-10,North,New Delhi,Mirrorless Camera Lite,Electronics,1,27771,27771,CUST-74207,Marketplace
UK-2026-101941,2026-03-01,North,Noida,Air Fryer 5L,Home & Kitchen,2,5570,11140,CUST-12393,Website
UK-2026-104545,2026-06-16,West,Surat,Makeup Brush Set,Beauty,1,1280,1280,CUST-29408,App
UK-2026-104614,2026-06-13,South,Chennai,Mixer Grinder 750W,Home & Kitchen,1,3206,3206,CUST-42017,Website
UK-2026-104517,2026-06-24,West,Pune,Smart Watch X2,Electronics,1,4702,4702,CUST-64595,App
UK-2026-101064,2026-02-15,North,Chandigarh,Cotton Bedsheet Set,Home & Kitchen,1,1377,1377,CUST-98226,App
UK-2026-104805,2026-06-16,East,Guwahati,Electric Kettle 1.5L,Home & Kitchen,1,1086,1086,CUST-34095,App
UK-2026-101835,2026-03-10,South,Kochi,Yoga Mat Pro,Sports,3,1237,3711,CUST-80894,Marketplace
UK-2026-100543,2026-01-17,North,Gurugram,Football Size 5,Sports,1,892,892,CUST-19480,App
UK-2026-100932,2026-02-23,West,Surat,Noise-Cancelling Headphones,Electronics,1,8661,8661,CUST-97242,Marketplace
UK-2026-100393,2026-01-15,South,Bengaluru,Bluetooth Speaker Mini,Electronics,3,1450,4350,CUST-20391,Website
UK-2026-103542,2026-05-09,South,Bengaluru,Dinner Set 24pc,Home & Kitchen,1,2422,2422,CUST-30044,App
UK-2026-104426,2026-06-10,South,Kochi,Eau de Parfum 100ml,Beauty,4,2097,8388,CUST-85765,Marketplace
UK-2026-103409,2026-05-03,North,Gurugram,Noise-Cancelling Headphones,Electronics,2,8643,17286,CUST-80545,App
UK-2026-104308,2026-06-01,West,Surat,Matte Lipstick Set,Beauty,2,934,1868 INR,CUST-46765,Website
UK-2026-103178,2026-05-29,East,Guwahati,Wireless Earbuds Pro,Electronics,1,2865,2865,CUST-18773,App
UK-2026-102953,2026-04-25,North,Chandigarh,Yoga Mat Pro,Sports,2,1152,2304,CUST-90613,App
UK-2026-100984,2026-02-28,North,Noida,Leather Wallet,Fashion,1,941,941 INR,CUST-26073,Marketplace
UK-2026-102893,2026-04-02,West,Mumbai,Denim Jacket,Fashion,1,2112,2112,CUST-41836,App
UK-2026-102131,2026-03-26,West,Mumbai,Cycling Helmet,Sports,1,1540,1540,CUST-42390,App
UK-2026-102212,29-03-26,South,Bengaluru,Smart Watch X2,Electronics,1,4652,4652,CUST-98968,Marketplace
UK-2026-104481,"Jun 3, 2026",South,Bengaluru,Mirrorless Camera Lite,Electronics,1,29691,29691,CUST-86619,Website
UK-2026-104929,2026-06-16,West,Surat,Wireless Earbuds Pro,Electronics,1,3046,3046,CUST-87541,Marketplace
UK-2026-102082,2026-03-17,North,Chandigarh,Leather Wallet,Fashion,1,904,904,CUST-64983,Website
UK-2026-101476,2026-03-13,North,Delhi,Formal Shirt,Fashion,4,1098,4392,CUST-67944,App
UK-2026-100265,2026-01-14,North,Chandigarh,Noise-Cancelling Headphones,Electronics,1,8740,8740,CUST-46262,App
UK-2026-100800,2026-02-24,West,Surat,Mixer Grinder 750W,Home & Kitchen,1,3456,3456,CUST-36117,Marketplace
UK-2026-103646,2026-05-14,Central,Indore,Eau de Parfum 100ml,Beauty,1,1956,1956,CUST-46765,App
UK-2026-100832,2026-02-23,East,Guwahati,Power Bank 20000mAh,Electronics,1,1885,1885,CUST-48014,Website
UK-2026-100521,2026-01-26,South,Cochin,Ionic Hair Dryer,Beauty,2,1884,3768,CUST-82244,App
UK-2026-102647,2026-04-26,Central,Indore,Robot Vacuum R7,Home & Kitchen,1,18289,18289,CUST-78245,App
UK-2026-101878,2026-03-27,East,Guwahati,Foldable Treadmill T2,Sports,2,26116,52232,CUST-39901,App
UK-2026-100791,2026-02-17,West,Surat,Formal Shirt,Fashion,2,1095,2190,CUST-38211,App
UK-2026-100435,2026-01-15,South,Kochi,Formal Shirt,Fashion,1,1103,1103,CUST-78744,App
UK-2026-100784,2026-02-10,North,Delhi,Mirrorless Camera Lite,Electronics,3,29122,87366,CUST-19174,App
UK-2026-101581,2026-03-27,West,Mumbai,Air Fryer 5L,Home & Kitchen,1,5548,5548,CUST-53195,Website
UK-2026-103233,2026-05-30,South,Kochi,Power Bank 20000mAh,Electronics,1,1770,1770,CUST-11149,Website
UK-2026-100477,2026-01-20,West,Ahmedabad,Leather Wallet,Fashion,1,855,855,CUST-32195,App
UK-2026-100172,2026-01-25,North,Delhi,Matte Lipstick Set,Beauty,1,922,922,CUST-53175,Marketplace
UK-2026-100403,2026-01-17,North,Noida,Gym Gloves,Sports,1,502,502,CUST-28647,App
UK-2026-101615,2026-03-30,North,Delhi,Mixer Grinder 750W,Home & Kitchen,2,3358,6716,CUST-83338,App
UK-2026-101825,2026-03-03,North,Gurugram,Modern Wall Clock,Home & Kitchen,2,815,1630,CUST-55593,App
UK-2026-101862,2026-03-12,East,Bhubaneswar,Air Fryer 5L,Home & Kitchen,1,5285,5285,CUST-34891,Website
UK-2026-104628,2026-06-09,North,Noida,Non-Stick Cookware Set,Home & Kitchen,2,3003,6006,CUST-52343,App
UK-2026-100019,2026-01-10,East,Bhubaneswar,Running Sneakers,Fashion,1,2694,2694,CUST-14827,App
UK-2026-101536,2026-03-03,West,Pune,Cotton Kurta Set,Fashion,1,1358,1358,CUST-43523,Marketplace
UK-2026-100439,2026-01-08,,Ahmedabad,43-inch Smart TV,Electronics,1,24774,24774,CUST-41648,Marketplace
UK-2026-104191,2026-06-22,East,Bhubaneswar,Leather Wallet,Fashion,2,931,1862,CUST-83511,Website
UK-2026-104635,2026-06-27,East,Bhubaneswar,Air Fryer 5L,Home & Kitchen,2,5754,11508,CUST-72393,App
UK-2026-102652,2026-04-08,South,Hyderabad,Eau de Parfum 100ml,Beauty,2,1930,3860,CUST-75875,Marketplace
UK-2026-104720,2026-06-22,North,Chandigarh,Leather Wallet,Fashion,3,903,2709,CUST-81063,App
UK-2026-104571,2026-06-10,East,Bhubaneswar,Smart Watch X2,Electronics,1,4404,4404,CUST-88566,Marketplace
UK-2026-104361,2026-06-06,South,Chennai,Wireless Earbuds Pro,Electronics,1,3126,3126,CUST-98326,Marketplace
UK-2026-100365,2026-01-01,North,Noida,Ethnic Dupatta,Fashion,1,493,,CUST-64149,Website
UK-2026-104345,2026-06-18,West,Mumbai,Dinner Set 24pc,Home & Kitchen,1,2587,2587,CUST-85297,Marketplace
UK-2026-102080,2026-03-11,West,Surat,Ethnic Dupatta,Fashion,,515,1545,CUST-48062,Website
UK-2026-104172,2026-06-30,North,Chandigarh,Ultrabook Air 14,Electronics,1,30346,30346,CUST-98680,Marketplace
UK-2026-100810,2026-02-11,North,Gurugram,Foldable Treadmill T2,Sports,1,24603,24603,CUST-18158,Marketplace
UK-2026-101916,2026-03-16,South,Bengaluru,Slim Fit Jeans,Fashion,1,1637,1637,CUST-43963,Website
UK-2026-104512,2026-06-25,West,Pune,Modern Wall Clock,Home & Kitchen,1,794,794,CUST-12868,App
UK-2026-103351,2026-05-13,West,Ahmedabad,Cotton Kurta Set,Fashion,1,1277,1277,CUST-57664,App
UK-2026-100166,2026-01-19,North,Delhi,Wireless Earbuds Pro,Electronics,1,2886,2886,CUST-46889,App
UK-2026-101740,2026-03-20,East,Kolkata,Running Sneakers,Fashion,1,2668,2668,CUST-46436,Marketplace
UK-2026-101348,2026-02-22,Central,Raipur,Ultrabook Air 14,Electronics,2,29786,59572,CUST-91411,Website
UK-2026-102251,2026-04-24,South,Kochi,Vitamin C Serum,Beauty,1,682,682,CUST-53765,App
UK-2026-102878,2026-04-23,South,Hyderabad,Sunscreen SPF50,Beauty,1,524,524,CUST-97648,Website
UK-2026-102107,2026-03-26,South,Bengaluru,Ultrabook Air 14,Electronics,1,31003,31003,CUST-31355,App
UK-2026-100398,2026-01-30,Central,Raipur,Mixer Grinder 750W,Home & Kitchen,1,3423,3423,CUST-25308,Marketplace
UK-2026-101200,2026-02-06,East,Patna,Denim Jacket,Fashion,1,2230,2230,CUST-20012,Website
UK-2026-101364,2026-02-01,South,Kochi,43-inch Smart TV,Electronics,1,25427,25427,CUST-54934,Website
UK-2026-100612,2026-01-07,South,Hyderabad,Formal Shirt,Fashion,2,1100,2200,CUST-74357,Website
UK-2026-100672,2026-01-11,North,New Delhi,Non-Stick Cookware Set,Home & Kitchen,1,2795,2795,CUST-28912,App
UK-2026-100230,2026-01-02,North,Noida,Noise-Cancelling Headphones,Electronics,3,9090,27270,CUST-12080,App
UK-2026-103094,2026-05-08,South,Chennai,Silk Saree,Fashion,2,3353,6706,CUST-68556,App
UK-2026-104437,2026-06-17,West,Ahmedabad,Formal Shirt,Fashion,2,1145,2290,CUST-70474,App
UK-2026-102877,2026-04-05,North,Chandigarh,Modern Wall Clock,Home & Kitchen,,798,798,CUST-91616,App
UK-2026-103593,2026-05-20,North,Gurugram,Vitamin C Serum,Beauty,4,690,2760,CUST-75049,App
UK-2026-102118,2026-03-31,South,Chennai,Denim Jacket,Fashion,1,2281,2281,CUST-98761,App
UK-2026-104418,2026-06-13,West,Pune,Cotton Bedsheet Set,Home & Kitchen,1,1398,1398,CUST-62723,Marketplace
UK-2026-104866,2026-06-12,South,Hyderabad,Ultrabook Air 14,Electronics,1,31375,31375,CUST-82371,Website
UK-2026-100432,2026-01-10,West,Ahmedabad,Adjustable Dumbbells 15kg,Sports,2,5199,10398,CUST-74195,Website
UK-2026-102468,2026-04-12,South,Hyderabad,Yoga Mat Pro,Sports,1,1184,,CUST-97242,Marketplace
UK-2026-101303,2026-02-10,South,Kochi,Cotton Kurta Set,Fashion,1,1362,1362,CUST-97015,Website
UK-2026-103085,2026-04-28,Central,Bhopal,Cycling Helmet,Sports,1,1641,1641,CUST-20861,App
UK-2026-101670,2026-03-28,South,Bengaluru,Slim Fit Jeans,Fashion,1,1557,1557,CUST-78830,Website
UK-2026-101283,20/02/2026,East,Bhubaneswar,Non-Stick Cookware Set,Home & Kitchen,1,2881,2881,CUST-81920,Website
UK-2026-100005,2026-01-23,South,Hyderabad,Mixer Grinder 750W,Home & Kitchen,1,3161,3161,CUST-94527,Website
UK-2026-104988,2026-06-08,North,Delhi,Running Sneakers,Fashion,2,2920,5840,CUST-78183,Website
UK-2026-102502,2026-04-04,West,Mumbai,Mirrorless Camera Lite,Electronics,1,28338,28338,CUST-54360,Website
UK-2026-100247,2026-01-20,South,Bengaluru,Ultrabook Air 14,Electronics,3,29528,88584,CUST-91989,App
UK-2026-100819,2026-02-11,South,Bengaluru,Mirrorless Camera Lite,Electronics,1,30363,30363,CUST-85781,Website
UK-2026-102937,2026-04-12,South,Chennai,Noise-Cancelling Headphones,Electronics,3,9171,27513,CUST-93955,Website
UK-2026-103349,2026-05-11,East,Bhubaneswar,Badminton Racket Set,Sports,1,2382,2382,CUST-38135,Marketplace
UK-2026-103799,2026-05-28,East,Kolkata,Yoga Mat Pro,Sports,1,1218,1218,CUST-49829,App
UK-2026-102388,"Apr 28, 2026",South,Kochi,Ionic Hair Dryer,Beauty,2,1808,3616,CUST-70401,Website
UK-2026-102383,"Apr 26, 2026",Central,Indore,Sunscreen SPF50,Beauty,1,566,566,CUST-97648,App
UK-2026-100847,"Feb 4, 2026",South,Chennai,Slim Fit Jeans,Fashion,1,1616,1616,CUST-32480,Website
UK-2026-103774,2026-05-22,South,Chennai,Cricket Bat English Willow,Sports,1,9017,9017,CUST-91411,Website
UK-2026-100027,2026-01-22,West,Pune,Dinner Set 24pc,Home & Kitchen,1,2498,2498,CUST-45213,Website
UK-2026-101361,2026-02-01,South,Hyderabad,Denim Jacket,Fashion,1,2145,2145,CUST-98240,App
UK-2026-102880,2026-04-07,North,Gurugram,Ultrabook Air 14,Electronics,1,28674,28674,CUST-23282,App
UK-2026-104069,2026-06-23,South,BLR,Matte Lipstick Set,Beauty,4,868,3472,CUST-42403,App
UK-2026-104504,2026-06-29,East,Kolkata,Robot Vacuum R7,Home & Kitchen,1,18982,18982,CUST-30240,Website
UK-2026-101995,2026-03-22,South,Bengaluru,Beard Grooming Kit,Beauty,1,982,982,CUST-84385,Marketplace
UK-2026-104656,2026-06-01,South,Chennai,Ultrabook Air 14,Electronics,1,29893,29893,CUST-39956,App
UK-2026-103150,2026-05-27,North,Chandigarh,Slim Fit Jeans,Fashion,2,1596,3192,CUST-99685,Website
UK-2026-104348,2026-06-05,North,Gurugram,Foldable Treadmill T2,Sports,1,23757,23757,CUST-24149,Website
UK-2026-101561,2026-03-18,South,Cochin,Adjustable Dumbbells 15kg,Sports,1,5065,5065,CUST-41446,App
UK-2026-101680,2026-03-22,Central,Bhopal,Bluetooth Speaker Mini,Electronics,2,1522,3044,CUST-25769,Marketplace
UK-2026-102834,2026-04-19,North,Gurugram,Wireless Earbuds Pro,Electronics,1,3045,3045,CUST-44672,Marketplace
UK-2026-103794,2026-05-05,South,Bengaluru,Ionic Hair Dryer,Beauty,1,1971,1971,CUST-95001,Website
UK-2026-103106,2026-05-30,South,Chennai,Ionic Hair Dryer,Beauty,1,1965,1965,CUST-91814,Website
UK-2026-104736,2026-06-02,West,Mumbai,Dinner Set 24pc,Home & Kitchen,2,2411,4822,CUST-22026,Marketplace
UK-2026-103996,2026-05-02,East,Bhubaneswar,Leather Wallet,Fashion,3,910,2730,CUST-92788,App
UK-2026-100021,2026-01-16,North,Chandigarh,Cricket Bat English Willow,Sports,2,8555,17110,CUST-10487,App
UK-2026-104845,2026-06-16,West,Pune,Leather Wallet,Fashion,1,906,906,CUST-24987,App
UK-2026-100224,2026-01-05,Central,Bhopal,Noise-Cancelling Headphones,Electronics,1,9018,9018,CUST-37739,Marketplace
UK-2026-104246,2026-06-22,South,Hyderabad,43-inch Smart TV,Electronics,1,25045,25045,CUST-10036,Marketplace
UK-2026-103659,2026-05-18,,Hyderabad,Foldable Treadmill T2,Sports,1,25638,25638,CUST-22957,Marketplace
UK-2026-103114,2026-05-31,East,Kolkata,Noise-Cancelling Headphones,Electronics,2,8673,17346,CUST-62885,Website
UK-2026-104185,2026-06-27,North,Chandigarh,Modern Wall Clock,Home & Kitchen,1,788,788,CUST-18107,App
UK-2026-101788,2026-03-07,Central,Nagpur,Matte Lipstick Set,Beauty,1,873,873,CUST-14166,Website
UK-2026-104914,2026-06-26,East,Guwahati,Matte Lipstick Set,Beauty,1,940,940,CUST-23855,App
UK-2026-101446,2026-02-27,South,Hyderabad,Non-Stick Cookware Set,Home & Kitchen,2,2928,5856,CUST-27930,App
UK-2026-102778,2026-04-24,North,Gurugram,Smart Watch X2,Electronics,1,4390,4390,CUST-17269,Marketplace
UK-2026-101280,2026-02-20,South,Chennai,Cotton Bedsheet Set,Home & Kitchen,1,1435,1435,CUST-68028,Marketplace
UK-2026-104470,2026-06-25,South,Bengaluru,Power Bank 20000mAh,Electronics,1,1767,1767,CUST-88525,App
UK-2026-104937,2026-06-05,North,Gurugram,Non-Stick Cookware Set,Home & Kitchen,1,2805,2805,CUST-83338,App
UK-2026-100731,2026-02-07,West,Pune,Foldable Treadmill T2,Sports,1,24281,24281,CUST-95082,Marketplace
UK-2026-101130,2026-02-28,South,Hyderabad,Cotton Bedsheet Set,Home & Kitchen,1,1421,1421,CUST-38886,Website
UK-2026-102800,2026-04-26,North,Noida,Ultrabook Air 14,Electronics,2,30816,,CUST-38454,App
UK-2026-104622,2026-06-21,West,Pune,Cotton Kurta Set,Fashion,2,1281,2562,CUST-61164,App
UK-2026-101727,2026-03-15,West,Surat,Ethnic Dupatta,Fashion,1,497,497,CUST-68905,App
UK-2026-100057,2026-01-20,South,Hyderabad,Ethnic Dupatta,Fashion,2,503,1006,CUST-95761,App
UK-2026-100533,2026-01-31,South,BLR,Running Sneakers,Fashion,1,2832,2832,CUST-88546,Website
UK-2026-103450,2026-05-06,South,Chennai,Mirrorless Camera Lite,Electronics,2,28299,"56,598.00",CUST-96561,Marketplace
UK-2026-101477,2026-03-24,Central,Nagpur,Bluetooth Speaker Mini,Electronics,1,1514,1514,CUST-12846,App
UK-2026-104464,2026-06-13,East,Patna,Modern Wall Clock,Home & Kitchen,2,785,1570,CUST-21854,Website
UK-2026-100142,2026-01-29,East,Patna,Ethnic Dupatta,Fashion,2,476,952,CUST-12653,App
UK-2026-103364,2026-05-21,North,Delhi,Smart Watch X2,Electronics,1,4397,4397,CUST-17657,App
UK-2026-102723,2026-04-28,West,Mumbai,Cycling Helmet,Sports,2,1658,3316,CUST-66310,Website
UK-2026-100146,2026-01-13,,Hyderabad,Ultrabook Air 14,Electronics,1,29249,29249,CUST-10975,Marketplace
UK-2026-101330,10-02-26,South,Bengaluru,Cotton Bedsheet Set,Home & Kitchen,1,1383,1383,CUST-21211,App
UK-2026-104960,"Jun 30, 2026",Central,Nagpur,Football Size 5,Sports,1,869,869,CUST-32321,Marketplace
UK-2026-102899,2026-04-27,South,Bengaluru,Sunscreen SPF50,Beauty,1,548,548,CUST-94171,App
UK-2026-102484,2026-04-12,West,Surat,Matte Lipstick Set,Beauty,2,887,1774,CUST-94353,App
UK-2026-101772,"Mar 2, 2026",North,Delhi,Formal Shirt,Fashion,2,1082,2164,CUST-12218,Website
UK-2026-102482,2026-04-06,Central,Bhopal,Silk Saree,Fashion,1,3644,3644,CUST-39884,Website
UK-2026-102035,2026-03-18,North,Gurugram,Denim Jacket,Fashion,2,2267,4534,CUST-42033,Website
UK-2026-102891,2026-04-24,East,Kolkata,Slim Fit Jeans,Fashion,1,1569,1569,CUST-44585,Marketplace
UK-2026-100289,2026-01-20,West,Ahmedabad,43-inch Smart TV,Electronics,1,26240,26240,CUST-69536,App
UK-2026-103301,2026-05-25,West,Surat,Vitamin C Serum,Beauty,1,709,709,CUST-64804,App
UK-2026-104515,2026-06-12,West,Ahmedabad,Mirrorless Camera Lite,Electronics,1,29137,29137,CUST-31263,App
UK-2026-102393,2026-04-12,West,Surat,Foldable Treadmill T2,Sports,1,24422,24422,CUST-49181,Website
UK-2026-103631,2026-05-27,East,Patna,Adjustable Dumbbells 15kg,Sports,1,5244,5244,CUST-43963,App
UK-2026-103867,2026-05-02,West,Mumbai,Cricket Bat English Willow,Sports,2,8659,17318,CUST-99685,App
UK-2026-103109,2026-05-20,West,Surat,Mixer Grinder 750W,Home & Kitchen,2,3198,6396,CUST-78477,App
UK-2026-104164,2026-06-05,South,Hyderabad,Slim Fit Jeans,Fashion,-2,1551,1551,CUST-48692,Marketplace
UK-2026-101242,2026-02-14,East,Patna,Mixer Grinder 750W,Home & Kitchen,1,3367,3367,CUST-74357,App
UK-2026-104819,2026-06-06,North,Noida,Dinner Set 24pc,Home & Kitchen,1,2610,2610,CUST-97621,Website
UK-2026-101239,2026-02-04,South,Chennai,Robot Vacuum R7,Home & Kitchen,1,19611,19611,CUST-89124,Marketplace
UK-2026-102821,2026-04-03,North,Gurugram,Dinner Set 24pc,Home & Kitchen,2,2545,5090,CUST-98761,App
UK-2026-100527,2026-01-29,South,Bengaluru,Adjustable Dumbbells 15kg,Sports,1,5186,5186,CUST-20628,Website
UK-2026-100588,2026-01-29,South,Chennai,Formal Shirt,Fashion,4,1102,4408,CUST-68938,App
UK-2026-103189,2026-05-16,West,Ahmedabad,Mirrorless Camera Lite,Electronics,1,27892,27892,CUST-69042,Website
UK-2026-102297,2026-04-25,North,Gurugram,Ethnic Dupatta,Fashion,1,514,514,CUST-19683,App
UK-2026-100756,2026-02-15,Central,Nagpur,Slim Fit Jeans,Fashion,1,1565,1565,CUST-88965,App
UK-2026-104070,"Jun 9, 2026",Central,Nagpur,Electric Kettle 1.5L,Home & Kitchen,2,1115,2230,CUST-90929,Website
UK-2026-103103,2026-05-13,North,New Delhi,Denim Jacket,Fashion,1,2188,2188,CUST-95926,App
UK-2026-103308,2026-05-31,East,Guwahati,Cricket Bat English Willow,Sports,1,8982,8982,CUST-78475,App
UK-2026-102988,2026-04-03,East,Kolkata,Modern Wall Clock,Home & Kitchen,2,767,1534,CUST-73765,App
UK-2026-102996,2026-04-23,West,Ahmedabad,Noise-Cancelling Headphones,Electronics,1,9040,9040,CUST-54127,Marketplace
UK-2026-100489,2026-01-14,West,Ahmedabad,Running Sneakers,Fashion,1,2779,2779,CUST-29825,App
UK-2026-102129,2026-03-11,North,Chandigarh,Ultrabook Air 14,Electronics,1,29532,29532,CUST-84631,Website
UK-2026-102038,2026-03-15,West,Surat,Foldable Treadmill T2,Sports,1,25822,,CUST-74878,Website
UK-2026-101893,2026-03-21,West,Ahmedabad,Bluetooth Speaker Mini,Electronics,1,1473,1473,CUST-98226,App
UK-2026-103250,2026-05-19,South,Kochi,Formal Shirt,Fashion,2,1075,2150,CUST-94765,Website
UK-2026-100070,2026-01-21,South,Bengaluru,Ethnic Dupatta,Fashion,3,492,1476,CUST-54229,App
UK-2026-101912,2026-03-31,Central,Indore,Cricket Bat English Willow,Sports,1,8811,8811,CUST-55532,App
UK-2026-101738,20-03-26,Central,Indore,Non-Stick Cookware Set,Home & Kitchen,1,2928,2928,CUST-48692,App
UK-2026-100121,06/01/2026,South,Bengaluru,Air Fryer 5L,Home & Kitchen,1,5613,5613,CUST-91397,Marketplace
UK-2026-103666,2026-05-15,East,Bhubaneswar,Power Bank 20000mAh,Electronics,1,1823,1823,CUST-81790,Marketplace
UK-2026-101625,2026-03-03,North,Chandigarh,Smart Watch X2,Electronics,1,4578,4578,CUST-81712,Website
UK-2026-103559,2026-05-17,South,Kochi,Ionic Hair Dryer,Beauty,1,1815,1815,CUST-48131,App
UK-2026-102159,2026-03-05,South,Chennai,Football Size 5,Sports,2,918,1836,CUST-37761,Marketplace
UK-2026-103072,2026-04-09,West,Surat,Football Size 5,Sports,1,867,867,CUST-71542,App
UK-2026-104417,2026-06-03,North,Chandigarh,Cycling Helmet,Sports,4,1550,6200,CUST-68212,Marketplace
UK-2026-104343,2026-06-12,South,Kochi,Smart Watch X2,Electronics,1,4495,4495,CUST-47914,App
UK-2026-103566,2026-05-24,South,Chennai,Mirrorless Camera Lite,Electronics,1,29549,29549,CUST-91397,Website
UK-2026-104812,2026-06-20,South,Hyderabad,Foldable Treadmill T2,Sports,1,26074,26074,CUST-47701,Marketplace
UK-2026-100574,2026-01-04,Central,Raipur,Face Wash Combo,Beauty,1,445,445,CUST-30705,App
UK-2026-104219,2026-06-19,South,Kochi,Electric Kettle 1.5L,Home & Kitchen,1,1121,1121,CUST-18394,Marketplace
UK-2026-102459,2026-04-01,North,Chandigarh,Eau de Parfum 100ml,Beauty,2,2012,4024,CUST-44672,App
UK-2026-103736,2026-05-16,North,Chandigarh,Badminton Racket Set,Sports,1,2384,2384,CUST-66904,Marketplace
UK-2026-101764,2026-03-23,East,Patna,Denim Jacket,Fashion,1,2251,2251,CUST-70474,App
UK-2026-103476,2026-05-31,North,Delhi,Leather Wallet,Fashion,3,895,2685,CUST-20656,Website
UK-2026-100807,"Feb 17, 2026",South,Chennai,Denim Jacket,Fashion,1,2089,2089,CUST-74263,Website
UK-2026-100409,2026-01-06,South,Kochi,Face Wash Combo,Beauty,1,456,456,CUST-66156,App
UK-2026-103585,2026-05-26,South,Chennai,43-inch Smart TV,Electronics,1,26187,26187,CUST-23282,Marketplace
UK-2026-104569,2026-06-08,West,Mumbai,Non-Stick Cookware Set,Home & Kitchen,1,3017,3017,CUST-69074,Marketplace
UK-2026-103073,2026-04-14,North,Delhi,Ethnic Dupatta,Fashion,1,512,512,CUST-28533,App
UK-2026-103472,2026-05-05,West,Surat,Leather Wallet,Fashion,2,931,1862,CUST-79582,Website
UK-2026-102586,2026-04-09,West,Ahmedabad,Noise-Cancelling Headphones,Electronics,1,8824,8824,CUST-37237,Marketplace
UK-2026-101225,09-02-26,North,Delhi,Ultrabook Air 14,Electronics,2,30516,61032,CUST-71021,Website
UK-2026-104643,2026-06-03,Central,Bhopal,Ethnic Dupatta,Fashion,1,494,494,CUST-81790,App
UK-2026-103698,2026-05-07,East,Calcutta,Leather Wallet,Fashion,4,912,3648,CUST-22026,App
UK-2026-103738,2026-05-11,South,Hyderabad,Eau de Parfum 100ml,Beauty,1,2090,2090,CUST-90561,Website
UK-2026-104081,2026-06-25,South,Bengaluru,Running Sneakers,Fashion,1,2886,2886,CUST-80839,App
UK-2026-102530,2026-04-25,West,Mumbai,Ultrabook Air 14,Electronics,3,28851,86553,CUST-40198,Marketplace
UK-2026-100377,2026-01-11,North,Gurugram,Leather Wallet,Fashion,1,885,885,CUST-43523,App
UK-2026-104637,2026-06-12,West,Pune,Mixer Grinder 750W,Home & Kitchen,1,3377,3377,CUST-76866,Website
UK-2026-100798,2026-02-01,East,Patna,Smart Watch X2,Electronics,2,4314,8628,CUST-42101,Website
UK-2026-100118,2026-01-17,East,Kolkata,Badminton Racket Set,Sports,1,2470,2470,CUST-26497,Website
UK-2026-100856,2026-02-28,West,Surat,Slim Fit Jeans,Fashion,2,1653,3306,CUST-45213,Marketplace
UK-2026-100082,2026-01-24,North,Gurugram,Leather Wallet,Fashion,1,902,902,CUST-42826,Website
UK-2026-100321,2026-01-07,North,Noida,Noise-Cancelling Headphones,Electronics,1,8857,8857,CUST-18731,Marketplace
UK-2026-101355,2026-02-23,North,Chandigarh,Cycling Helmet,Sports,1,1631,1631,CUST-24205,Website
UK-2026-104587,2026-06-08,West,Pune,Mirrorless Camera Lite,Electronics,1,28037,28037,CUST-46640,Marketplace
UK-2026-101859,2026-03-27,Central,Indore,  Gym Gloves,Sports,2,523,1046,CUST-48215,Marketplace
UK-2026-100995,2026-02-12,North,Delhi,Air Fryer 5L,Home & Kitchen,1,5693,5693,CUST-18641,Website
UK-2026-103558,2026-05-02,West,Surat,Bluetooth Speaker Mini,Electronics,1,1463,1463,CUST-99563,App
UK-2026-101519,2026-03-23,Central,Raipur,Ionic Hair Dryer,Beauty,1,1985,1985,CUST-61037,App
UK-2026-104096,2026-06-07,South,Bengaluru,Wireless Earbuds Pro,Electronics,1,3103,3103,CUST-27992,Marketplace
UK-2026-100180,2026-01-03,West,Surat,Ionic Hair Dryer,Beauty,1,1917,1917,CUST-80225,Marketplace
UK-2026-103954,2026-05-28,West,Pune,Cotton Kurta Set,Fashion,1,1301,,CUST-32321,App
UK-2026-103846,2026-05-01,West,Ahmedabad,Adjustable Dumbbells 15kg,Sports,4,5100,20400,CUST-23045,App
UK-2026-104312,2026-06-22,West,Pune,Mirrorless Camera Lite,Electronics,2,29864,59728,CUST-62237,Website
UK-2026-102950,2026-04-28,South,Bengaluru,Yoga Mat Pro,Sports,3,1215,3645,CUST-11236,Website
UK-2026-103224,2026-05-15,West,Pune,43-inch Smart TV,Electronics,1,27041,27041,CUST-67251,Website
UK-2026-101503,2026-03-20,North,Noida,Vitamin C Serum,Beauty,1,716,716,CUST-53934,Website
UK-2026-102185,2026-03-26,East,Patna,Matte Lipstick Set,Beauty,1,885,885,CUST-11346,App
UK-2026-103893,2026-05-02,North,Gurugram,Vitamin C Serum,Beauty,2,666,1332,CUST-90024,App
UK-2026-101212,2026-02-03,South,Kochi,Slim Fit Jeans,Fashion,1,1526,1526,CUST-27272,App
UK-2026-101021,2026-02-03,North,Delhi,Yoga Mat Pro,Sports,2,1214,2428,CUST-78830,Website
UK-2026-103479,2026-05-03,North,Chandigarh,Robot Vacuum R7,Home & Kitchen,1,19385,19385,CUST-28340,App
UK-2026-101037,2026-02-28,North,Noida,Makeup Brush Set,Beauty,1,1273,1273,CUST-53979,Website
UK-2026-103223,2026-05-23,North,Gurugram,43-inch Smart TV,Electronics,4,25934,103736,CUST-19767,App
UK-2026-102471,2026-04-11,North,Noida,Badminton Racket Set,Sports,2,2469,4938,CUST-12846,App
UK-2026-104989,2026-06-13,Central,Bhopal,Cycling Helmet,Sports,2,1628,3256,CUST-66483,App
UK-2026-104716,2026-06-16,Central,Raipur,Cotton Bedsheet Set,Home & Kitchen,1,1464,1464,CUST-28843,Website
UK-2026-103294,2026-05-22,North,Noida,Makeup Brush Set,Beauty,2,1309,2618,CUST-88941,Website
UK-2026-102249,"Apr 9, 2026",East,Bhubaneswar,Ethnic Dupatta,Fashion,1,489,489,CUST-22408,Marketplace
UK-2026-104233,2026-06-25,East,Kolkata,Ultrabook Air 14,Electronics,2,29710,59420,CUST-26670,App
UK-2026-102119,2026-03-01,Central,Indore,Electric Kettle 1.5L,Home & Kitchen,2,1124,2248,CUST-67944,App
UK-2026-103467,2026-05-29,West,Ahmedabad,Silk Saree,Fashion,1,3627,3627,CUST-88061,App
UK-2026-102144,2026-03-07,South,Bengaluru,Smart Watch X2,Electronics,1,4414,4414,CUST-31237,App
UK-2026-101196,2026-02-03,Central,Nagpur,Bluetooth Speaker Mini,Electronics,2,1471,2942,CUST-93205,App
UK-2026-103153,2026-05-21,North,Gurugram,Smart Watch X2,Electronics,1,4626,4626,CUST-32526,App
UK-2026-103484,"May 30, 2026",South,Kochi,43-inch Smart TV,Electronics,4,24722,98888,CUST-16959,Marketplace
UK-2026-102514,2026-04-24,South,Kochi,Foldable Treadmill T2,Sports,1,24962,24962,CUST-88763,Marketplace
UK-2026-100466,2026-01-21,East,Kolkata,Ultrabook Air 14,Electronics,1,30370,30370,CUST-21141,Marketplace
UK-2026-104695,2026-06-22,West,Surat,  Ethnic Dupatta,Fashion,2,502,1004,CUST-69245,Website
UK-2026-104894,2026-06-26,North,Gurugram,Bluetooth Speaker Mini,Electronics,4,1427,5708,CUST-73063,App
UK-2026-100355,2026-01-25,,Bhubaneswar,Face Wash Combo,Beauty,2,427,854,CUST-80877,Website
UK-2026-102818,2026-04-27,North,Chandigarh,Yoga Mat Pro,Sports,1,1177,1177,CUST-18338,App
UK-2026-102561,2026-04-24,North,Noida,Cotton Kurta Set,Fashion,1,1273,1273,CUST-35653,App
UK-2026-100759,2026-02-18,North,Noida,Noise-Cancelling Headphones,Electronics,2,8878,17756,CUST-36080,Website
UK-2026-104943,2026-06-15,West,Surat,Leather Wallet,Fashion,2,940,1880,CUST-94216,Website
UK-2026-100695,2026-01-17,East,Bhubaneswar,Mirrorless Camera Lite,Electronics,1,27917,27917,CUST-90644,Marketplace
UK-2026-103256,2026-05-04,East,Guwahati,Leather Wallet,Fashion,1,897,897 INR,CUST-22148,Marketplace
UK-2026-102751,2026-04-12,West,Mumbai,Power Bank 20000mAh,Electronics,3,1718,5154,CUST-80877,Website
UK-2026-100782,2026-02-19,South,Chennai,Sunscreen SPF50,Beauty,1,540,540,CUST-57131,App
UK-2026-100878,2026-02-06,North,Gurugram,Non-Stick Cookware Set,Home & Kitchen,1,2995,2995,CUST-19953,App
UK-2026-104679,2026-06-26,North,Noida,Smart Watch X2,Electronics,2,4659,9318,CUST-55817,Marketplace
UK-2026-103481,2026-05-09,North,Delhi,Electric Kettle 1.5L,Home & Kitchen,1,1063,1063,CUST-20966,Website
UK-2026-101585,2026-03-01,East,Bhubaneswar,Leather Wallet,Fashion,1,912,912,CUST-70220,App
UK-2026-101753,2026-03-25,Central,Raipur,Cricket Bat English Willow,Sports,1,8644,8644,CUST-42995,Website
UK-2026-104651,2026-06-15,Central,Nagpur,Leather Wallet,Fashion,3,921,2763,CUST-92572,App
UK-2026-103922,2026-05-18,West,Surat,Makeup Brush Set,Beauty,1,1267,1267,CUST-54182,Website
UK-2026-102235,2026-03-02,East,Bhubaneswar,Cotton Bedsheet Set,Home & Kitchen,1,1372,1372,CUST-54229,App
UK-2026-101189,2026-02-25,East,Patna,Noise-Cancelling Headphones,Electronics,1,9305,9305,CUST-76878,Website
UK-2026-100484,2026-01-20,South,Bengaluru,Noise-Cancelling Headphones,Electronics,1,8698,8698,CUST-55182,App
UK-2026-102114,2026-03-01,West,Pune,Mirrorless Camera Lite,Electronics,1,29739,29739,CUST-45143,App
UK-2026-103739,2026-05-01,South,Kochi,Ultrabook Air 14,Electronics,3,30204,90612,CUST-53325,App
UK-2026-101919,2026-03-25,East,Guwahati,Makeup Brush Set,Beauty,0,1350,2700,CUST-85585,App
UK-2026-100946,2026-02-21,West,Surat,Silk Saree,Fashion,2,3526,7052,CUST-99649,App
UK-2026-103190,2026-05-23,West,Surat,Slim Fit Jeans,Fashion,1,1572,1572,CUST-42094,Website
UK-2026-103491,2026-05-14,North,Noida,Ionic Hair Dryer,Beauty,1,1982,1982,CUST-35419,Website
UK-2026-102276,2026-04-16,South,Hyderabad,Mixer Grinder 750W,Home & Kitchen,3,3381,10143,CUST-12761,Website
UK-2026-100206,2026-01-10,South,Madras,Mixer Grinder 750W,Home & Kitchen,1,3176,3176,CUST-89972,App
UK-2026-100250,2026-01-03,South,Hyderabad,Bluetooth Speaker Mini,Electronics,1,1511,1511,CUST-41648,Marketplace
UK-2026-100430,2026-01-13,Central,Indore,Running Sneakers,Fashion,1,2854,"2,854.00",CUST-14916,Website
UK-2026-104176,2026-06-01,West,Mumbai,Non-Stick Cookware Set,Home & Kitchen,1,2911,2911,CUST-49767,App
UK-2026-100638,2026-01-14,North,Delhi,Noise-Cancelling Headphones,Electronics,1,8733,8733,CUST-22753,Website
UK-2026-101197,2026-02-05,South,Kochi,Matte Lipstick Set,Beauty,1,902,902,CUST-16254,App
UK-2026-104382,2026-06-06,East,Guwahati,Bluetooth Speaker Mini,Electronics,4,1504,6016,CUST-98424,App
UK-2026-102929,2026-04-09,South,Cochin,Face Wash Combo,Beauty,1,458,458,CUST-11802,Website
UK-2026-101617,2026-03-22,West,Ahmedabad,Noise-Cancelling Headphones,Electronics,1,8941,8941,CUST-90561,Marketplace
UK-2026-102039,2026-03-14,East,Guwahati,Leather Wallet,Fashion,1,930,,CUST-75048,App
UK-2026-101297,2026-02-19,West,Pune,Cycling Helmet,Sports,1,1612,1612,CUST-21496,Website
UK-2026-100649,2026-01-09,South,Bengaluru,Matte Lipstick Set,Beauty,1,894,894,CUST-99685,App
UK-2026-100013,2026-01-13,Central,Indore,Ethnic Dupatta,Fashion,1,478,478,CUST-97247,App
UK-2026-100499,2026-01-26,West,Pune,Smart Watch X2,Electronics,1,4655,4655,CUST-63409,Marketplace
UK-2026-103863,2026-05-08,West,Surat,Wireless Earbuds Pro,Electronics,1,3098,3098,CUST-93989,Website
UK-2026-101563,2026-03-20,Central,Raipur,Ethnic Dupatta,Fashion,,481,481,CUST-82354,App
UK-2026-103386,2026-05-21,West,Pune,Leather Wallet,Fashion,2,931,1862,CUST-65136,App
UK-2026-100586,2026-01-18,North,Noida,Adjustable Dumbbells 15kg,Sports,1,5069,5069,CUST-26920,App
UK-2026-102464,2026-04-12,South,Chennai,Yoga Mat Pro,Sports,2,1240,2480,CUST-42495,Website
UK-2026-101323,2026-02-04,South,Chennai,Ultrabook Air 14,Electronics,1,30161,30161,CUST-55924,App
UK-2026-104743,2026-06-13,East,Kolkata,Silk Saree,Fashion,2,3624,7248,CUST-29606,App
UK-2026-103662,2026-05-05,East,Guwahati,Badminton Racket Set,Sports,2,2550,5100,CUST-63998,App
UK-2026-102657,2026-04-17,South,Kochi,Ethnic Dupatta,Fashion,1,501,₹501,CUST-80341,Website
UK-2026-101507,2026-03-04,North,Chandigarh,Makeup Brush Set,Beauty,2,1295,2590,CUST-34095,App
UK-2026-104686,2026-06-23,South,Kochi,Mirrorless Camera Lite,Electronics,1,30171,30171,CUST-15713,App
UK-2026-104302,"Jun 7, 2026",Central,Nagpur,Sunscreen SPF50,Beauty,1,565,565,CUST-64149,Website
UK-2026-103275,2026-05-10,North,Gurugram,Dinner Set 24pc,Home & Kitchen,1,2511,2511,CUST-68915,App
UK-2026-101353,2026-02-16,East,Guwahati,Cricket Bat English Willow,Sports,1,9366,9366,CUST-64149,Website
UK-2026-101320,2026-02-25,North,Noida,Cycling Helmet,Sports,1,1660,1660,CUST-22657,Website
UK-2026-103486,2026-05-24,East,Bhubaneswar,Ultrabook Air 14,Electronics,2,30017,60034,CUST-67634,Website
UK-2026-104688,2026-06-11,West,Surat,Robot Vacuum R7,Home & Kitchen,1,18637,18637,CUST-89972,Marketplace
UK-2026-103840,2026-05-10,North,Chandigarh,Makeup Brush Set,Beauty,2,1265,2530,CUST-45736,Website
UK-2026-101424,2026-02-24,South,Chennai,Cotton Bedsheet Set,Home & Kitchen,1,1356,1356,CUST-22679,Website
UK-2026-102529,2026-04-13,South,Hyderabad,Noise-Cancelling Headphones,Electronics,1,9106,9106,CUST-54562,App
UK-2026-102310,2026-04-27,Central,Bhopal,Smart Watch X2,Electronics,1,4692,4692,CUST-48047,Marketplace
UK-2026-103019,2026-04-15,North,Delhi,Air Fryer 5L,Home & Kitchen,1,5332,5332,CUST-98913,App
UK-2026-101890,"Mar 16, 2026",North,Gurugram,Cricket Bat English Willow,Sports,1,8933,8933,CUST-93780,Marketplace
UK-2026-104754,2026-06-27,South,Chennai,Cotton Kurta Set,Fashion,1,1276,1276,CUST-77182,Marketplace
UK-2026-100938,2026-02-28,East,Guwahati,Ultrabook Air 14,Electronics,1,30177,30177,CUST-39912,Marketplace
UK-2026-100428,2026-01-20,South,Chennai,43-inch Smart TV,Electronics,1,25970,25970,CUST-56801,App
UK-2026-102867,2026-04-29,North,Delhi,Dinner Set 24pc,Home & Kitchen,0,2539,2539,CUST-49181,Website
UK-2026-101275,2026-02-21,West,Pune,Face Wash Combo,Beauty,4,466,1864,CUST-39108,App
UK-2026-102862,2026-04-13,South,Kochi,Wireless Earbuds Pro,Electronics,1,2924,2924,CUST-35124,Marketplace
UK-2026-101481,2026-03-14,,Bhopal,Air Fryer 5L,Home & Kitchen,1,5672,5672,CUST-86086,Website
UK-2026-101775,2026-03-06,Central,Raipur,Modern Wall Clock,Home & Kitchen,1,761,761,CUST-37813,App
UK-2026-102327,2026-04-22,North,Noida,modern wall clock,Home & Kitchen,1,774,774,CUST-74779,App
UK-2026-104304,2026-06-27,North,DELHI,Power Bank 20000mAh,Electronics,1,1798,1798,CUST-98275,Website
UK-2026-104315,2026-06-13,West,Ahmedabad,Wireless Earbuds Pro,Electronics,1,3010,3010,CUST-34911,Marketplace
UK-2026-100302,"Jan 10, 2026",Central,Indore,Ionic Hair Dryer,Beauty,2,1871,3742,CUST-26321,App
UK-2026-101464,2026-03-25,South,Bengaluru,Makeup Brush Set,Beauty,2,1264,2528,CUST-26686,Marketplace
UK-2026-102517,2026-04-25,South,Bengaluru,Beard Grooming Kit,Beauty,1,968,968,CUST-55924,Website
UK-2026-103933,2026-05-30,North,Delhi,43-inch Smart TV,Electronics,1,25430,25430,CUST-57448,Marketplace
UK-2026-100605,2026-01-13,South,Hyderabad,Face Wash Combo,Beauty,2,451,902,CUST-76878,App
UK-2026-103421,2026-05-11,West,Ahmedabad,Face Wash Combo,Beauty,2,443,886,CUST-44585,Marketplace
UK-2026-103913,2026-05-05,East,Bhubaneswar,Face Wash Combo,Beauty,1,447,447,CUST-72380,Marketplace
UK-2026-104253,2026-06-01,South,Bengaluru,Air Fryer 5L,Home & Kitchen,1,5675,5675,CUST-12868,Website
UK-2026-100821,2026-02-14,South,Chennai,Modern Wall Clock,Home & Kitchen,3,838,2514,CUST-70197,App
UK-2026-104871,2026-06-07,West,Surat,Non-Stick Cookware Set,Home & Kitchen,2,2777,5554,CUST-58316,App
UK-2026-104227,2026-06-16,East,Guwahati,Electric Kettle 1.5L,Home & Kitchen,1,1154,,CUST-77182,App
UK-2026-103394,2026-05-01,West,Pune,Leather Wallet,Fashion,2,896,1792,CUST-96703,Website
UK-2026-104278,2026-06-15,East,Bhubaneswar,43-inch Smart TV,Electronics,1,26556,26556,CUST-53849,Marketplace
UK-2026-104001,2026-05-21,South,Chennai,Running Sneakers,Fashion,1,2935,2935,CUST-70194,App
UK-2026-100372,2026-01-06,East,Patna,Badminton Racket Set,Sports,2,2388,4776,CUST-55519,Website
UK-2026-101342,"Feb 5, 2026",East,Patna,Football Size 5,Sports,1,942,942,CUST-61393,App
UK-2026-102047,2026-03-20,Central,Indore,Modern Wall Clock,Home & Kitchen,3,810,2430,CUST-22850,Marketplace
UK-2026-101972,2026-03-07,West,Mumbai,Cotton Kurta Set,Fashion,1,1291,1291,CUST-35855,Website
UK-2026-101102,2026-02-28,East,Guwahati,Running Sneakers,Fashion,3,2756,8268,CUST-32361,App
UK-2026-103129,2026-05-20,South,Kochi,43-inch Smart TV,Electronics,2,26310,52620,CUST-44725,Website
UK-2026-101010,2026-02-02,West,Ahmedabad,Beard Grooming Kit,Beauty,2,997,1994,CUST-56984,Website
UK-2026-101968,2026-03-08,North,Chandigarh,Eau de Parfum 100ml,Beauty,1,1980,1980,CUST-73063,App
UK-2026-101352,2026-02-18,,Chandigarh,Beard Grooming Kit,Beauty,4,1006,4024,CUST-75736,App
UK-2026-104676,2026-06-15,Central,Bhopal,Cotton Kurta Set,Fashion,2,1257,2514,CUST-89436,Marketplace
UK-2026-103958,2026-05-31,North,Delhi,Slim Fit Jeans,Fashion,1,1650,1650,CUST-54360,App
UK-2026-100270,17-01-26,North,Delhi,Ethnic Dupatta,Fashion,3,485,1455,CUST-57207,Website
UK-2026-100940,2026-02-28,West,Surat,Cycling Helmet,Sports,3,1635,4905,CUST-24523,Marketplace
UK-2026-102520,2026-04-29,East,Patna,Leather Wallet,Fashion,1,922,922,CUST-48215,Website
UK-2026-102807,13/04/2026,Central,Bhopal,Cotton Bedsheet Set,Home & Kitchen,1,1416,1416,CUST-74944,App
UK-2026-102086,2026-03-25,West,Mumbai,Smart Watch X2,Electronics,1,4574,4574,CUST-48692,Website
UK-2026-103285,2026-05-04,South,Bengaluru,Ethnic Dupatta,Fashion,1,496,496,CUST-36080,Marketplace
UK-2026-103818,2026-05-04,South,Chennai,Badminton Racket Set,Sports,1,2501,2501,CUST-33502,Marketplace
UK-2026-101024,2026-02-03,Central,Nagpur,Smart Watch X2,Electronics,2,4407,8814,CUST-95101,Marketplace
UK-2026-100038,2026-01-04,Central,Raipur,Cotton Kurta Set,Fashion,1,1321,1321,CUST-18835,App
UK-2026-104518,2026-06-04,West,Ahmedabad,Denim Jacket,Fashion,3,2242,6726,CUST-78282,Website
UK-2026-102919,2026-04-19,East,Bhubaneswar,Silk Saree,Fashion,3,3366,10098,CUST-46996,Website
UK-2026-104178,2026-06-12,South,Kochi,43-inch Smart TV,Electronics,2,25424,50848,CUST-44751,Marketplace
UK-2026-104041,2026-06-11,Central,Raipur,Robot Vacuum R7,Home & Kitchen,1,18713,18713,CUST-97635,App
UK-2026-103057,2026-04-26,North,Gurugram,43-inch Smart TV,Electronics,1,25900,25900,CUST-39901,App
UK-2026-101871,2026-03-14,East,Patna,Modern Wall Clock,Home & Kitchen,1,829,829,CUST-57093,Website
UK-2026-102083,2026-03-01,South,Chennai,Power Bank 20000mAh,Electronics,1,1845,1845,CUST-24552,Marketplace
UK-2026-102300,2026-04-01,South,Bengaluru,Non-Stick Cookware Set,Home & Kitchen,2,2992,5984,CUST-15014,Marketplace
UK-2026-104539,2026-06-13,West,Mumbai,Leather Wallet,Fashion,1,895,895,CUST-88965,Website
UK-2026-101351,2026-02-06,North,Noida,Bluetooth Speaker Mini,Electronics,2,1550,3100,CUST-83682,Website
UK-2026-101534,2026-03-17,South,Bengaluru,Denim Jacket,Fashion,1,2226,2226,CUST-95082,App
UK-2026-104087,2026-06-05,North,Chandigarh,Football Size 5,Sports,1,892,892,CUST-94883,App
UK-2026-102278,2026-04-02,West,Surat,Mixer Grinder 750W,Home & Kitchen,2,3179,6358,CUST-46608,App
UK-2026-103518,2026-05-15,West,Pune,Electric Kettle 1.5L,Home & Kitchen,1,1117,,CUST-21716,App
UK-2026-101752,2026-03-27,,Bhopal,Ethnic Dupatta,Fashion,1,507,507,CUST-40826,App
UK-2026-100245,2026-01-02,North,Chandigarh,Foldable Treadmill T2,Sports,1,24663,24663,CUST-89620,App
UK-2026-103287,2026-05-02,South,Chennai,Ultrabook Air 14,Electronics,-2,29920,29920,CUST-66509,Marketplace
UK-2026-102116,2026-03-27,North,Gurugram,Cycling Helmet,Sports,0,1591,1591,CUST-92483,Marketplace
UK-2026-100014,2026-01-02,North,Delhi,Vitamin C Serum,Beauty,1,690,690,CUST-87188,Marketplace
UK-2026-100347,2026-01-05,South,Chennai,Leather Wallet,Fashion,1,865,865,CUST-45902,App
UK-2026-103753,2026-05-21,West,Ahmedabad,43-inch Smart TV,Electronics,1,27174,27174,CUST-22393,Marketplace
UK-2026-104600,2026-06-30,Central,Indore,Leather Wallet,Fashion,2,869,1738,CUST-74944,App
UK-2026-103732,2026-05-19,South,Chennai,Matte Lipstick Set,Beauty,2,930,1860,CUST-77056,Marketplace
UK-2026-102598,2026-04-19,Central,Bhopal,Running Sneakers,Fashion,2,2661,5322,CUST-68044,App
UK-2026-101215,2026-02-18,Central,Nagpur,Dinner Set 24pc,Home & Kitchen,1,2605,2605,CUST-38680,App
UK-2026-104588,2026-06-09,Central,Indore,43-inch Smart TV,Electronics,1,26991,26991,CUST-25397,Marketplace
UK-2026-103581,2026-05-19,North,Chandigarh,Vitamin C Serum,Beauty,2,681,1362,CUST-41525,App
UK-2026-102595,2026-04-26,North,Gurugram,Running Sneakers,Fashion,3,2770,8310,CUST-92580,App
UK-2026-100178,2026-01-26,East,Patna,Cotton Kurta Set,Fashion,1,1281,1281,CUST-84254,Website
UK-2026-103001,2026-04-22,South,Hyderabad,Cotton Kurta Set,Fashion,2,1246,2492,CUST-77990,App
UK-2026-101609,2026-03-11,North,Noida,Cycling Helmet,Sports,2,1656,3312,CUST-41691,Website
UK-2026-101234,2026-02-21,West,Mumbai,Ethnic Dupatta,Fashion,2,484,968.00,CUST-45143,App
UK-2026-101922,04-03-26,West,Mumbai,Running Sneakers,Fashion,4,2831,11324,CUST-37320,App
UK-2026-103163,2026-05-21,North,Chandigarh,Noise-Cancelling Headphones,Electronics,2,9119,18238,CUST-25440,App
UK-2026-103812,2026-05-25,North,Gurugram,Formal Shirt,Fashion,1,1118,1118,CUST-90143,App
UK-2026-103440,2026-05-10,Central,Bhopal,Mixer Grinder 750W,Home & Kitchen,2,3190,6380,CUST-91397,Website
UK-2026-100799,2026-02-21,North,Noida,Power Bank 20000mAh,Electronics,1,1712,1712,CUST-63486,Marketplace
UK-2026-101344,2026-02-24,South,Bengaluru,Ionic Hair Dryer,Beauty,2,1989,3978,CUST-48848,Website
UK-2026-102736,2026-04-16,,Hyderabad,Adjustable Dumbbells 15kg,Sports,1,4832,4832,CUST-86289,Marketplace
UK-2026-102202,2026-03-10,West,Surat,Badminton Racket Set,Sports,1,2611,2611 INR,CUST-69565,Website
UK-2026-102849,2026-04-14,Central,Bhopal,Mixer Grinder 750W,Home & Kitchen,2,3272,6544,CUST-26377,App
UK-2026-104648,2026-06-12,North,Gurugram,Leather Wallet,Fashion,2,912,1824,CUST-52432,App
UK-2026-103604,2026-05-20,West,Mumbai,Sunscreen SPF50,Beauty,1,563,563,CUST-77890,App
UK-2026-101427,2026-02-16,Central,Indore,Non-Stick Cookware Set,Home & Kitchen,2,2755,"5,510.00",CUST-85177,App
UK-2026-102363,2026-04-30,Central,Indore,Mixer Grinder 750W,Home & Kitchen,1,3240,3240,CUST-69830,App
UK-2026-100812,2026-02-01,South,Chennai,Slim Fit Jeans,Fashion,1,1615,1615,CUST-71615,App
UK-2026-100412,2026-01-29,West,Mumbai,Makeup Brush Set,Beauty,1,1344,1344,CUST-51678,Website
UK-2026-101315,2026-02-03,Central,Raipur,Mixer Grinder 750W,Home & Kitchen,1,3136,3136,CUST-56926,Website
UK-2026-101863,2026-03-10,Central,Raipur,Leather Wallet,Fashion,1,893,893,CUST-95926,App
UK-2026-104442,2026-06-11,South,Chennai,Eau de Parfum 100ml,Beauty,1,2020,2020,CUST-16173,Website
UK-2026-101942,2026-03-29,Central,Indore,Denim Jacket,Fashion,1,2212,2212,CUST-12083,App
UK-2026-104016,2026-05-22,North,Noida,Robot Vacuum R7,Home & Kitchen,3,18815,56445,CUST-65502,App
UK-2026-100304,2026-01-11,South,Hyderabad,Bluetooth Speaker Mini,Electronics,1,1556,1556,CUST-56533,App
UK-2026-104452,2026-06-21,North,Noida,Football Size 5,Sports,1,944,944,CUST-28574,Website
UK-2026-102899,2026-04-27,South,Bengaluru,Sunscreen SPF50,Beauty,1,548,548,CUST-94171,App
UK-2026-100281,2026-01-28,East,Bhubaneswar,Modern Wall Clock,Home & Kitchen,1,781,781,CUST-17338,App
UK-2026-100493,"Jan 13, 2026",South,Chennai,Electric Kettle 1.5L,Home & Kitchen,3,1149,3447,CUST-68327,App
UK-2026-101374,2026-02-21,,Chandigarh,Cycling Helmet,Sports,4,1605,6420,CUST-90261,Website
UK-2026-103483,2026-05-27,North,Noida,Robot Vacuum R7,Home & Kitchen,2,18416,36832,CUST-25914,Website
UK-2026-101126,2026-02-18,North,Noida,Formal Shirt,Fashion,1,1088,1088,CUST-25192,Marketplace
UK-2026-102354,2026-04-23,North,Noida,Football Size 5,Sports,1,919,919,CUST-72025,App
UK-2026-103719,2026-05-07,Central,Bhopal,Ionic Hair Dryer,Beauty,1,1966,1966,CUST-38603,App
UK-2026-101318,17-02-26,North,Delhi,Formal Shirt,Fashion,1,1102,1102,CUST-32725,Marketplace
UK-2026-104238,2026-06-03,West,Mumbai,Electric Kettle 1.5L,Home & Kitchen,1,1085,1085,CUST-21716,App
UK-2026-104177,10/06/2026,South,Chennai,Wireless Earbuds Pro,Electronics,1,2986,2986,CUST-86641,Marketplace
UK-2026-104590,2026-06-18,Central,Nagpur,Mixer Grinder 750W,Home & Kitchen,1,3257,3257,CUST-67427,Website
UK-2026-103999,05-05-26,South,Kochi,Cycling Helmet,Sports,2,1535,3070,CUST-30540,App
UK-2026-100709,2026-01-14,North,Chandigarh,Air Fryer 5L,Home & Kitchen,1,5361,5361,CUST-71615,Website
UK-2026-103259,2026-05-16,East,Bhubaneswar,43-inch Smart TV,Electronics,1,27246,27246,CUST-70380,Marketplace
UK-2026-103146,2026-05-04,Central,Bhopal,Noise-Cancelling Headphones,Electronics,2,9209,18418,CUST-38961,Website
UK-2026-100199,2026-01-26,West,Pune,Bluetooth Speaker Mini,Electronics,2,1562,3124,CUST-36312,App
UK-2026-100673,2026-01-13,North,Noida,Wireless Earbuds Pro,Electronics,1,3062,3062,CUST-76913,App
UK-2026-103663,2026-05-22,South,Chennai,Sunscreen SPF50,Beauty,1,524,524,CUST-62507,Website
UK-2026-102163,2026-03-12,Central,Indore,Running Sneakers,Fashion,3,2697,8091,CUST-56533,Website
UK-2026-102969,2026-04-29,North,Noida,Wireless Earbuds Pro,Electronics,1,3059,3059,CUST-61011,Marketplace
UK-2026-101226,2026-02-28,West,Pune,Gym Gloves,Sports,1,486,486,CUST-80702,Website
UK-2026-101664,2026-03-04,West,Ahmedabad,Adjustable Dumbbells 15kg,Sports,1,5051,5051,CUST-77630,Website
UK-2026-101055,2026-02-28,North,Chandigarh,Mixer Grinder 750W,Home & Kitchen,1,3348,3348,CUST-53444,Website
UK-2026-100769,2026-02-25,West,Ahmedabad,Denim Jacket,Fashion,1,2213,2213,CUST-77890,Website
UK-2026-102412,2026-04-09,North,Noida,Cotton Kurta Set,Fashion,2,1322,2644,CUST-14085,App
UK-2026-101831,2026-03-01,North,Delhi,Mirrorless Camera Lite,Electronics,1,28700,28700,CUST-31076,App
UK-2026-103888,2026-05-28,North,Chandigarh,Ethnic Dupatta,Fashion,,482,1928,CUST-38135,App
UK-2026-100173,2026-01-07,West,Mumbai,Robot Vacuum R7,Home & Kitchen,2,18152,36304,CUST-27738,Website
UK-2026-101410,2026-02-12,Central,Raipur,Cotton Kurta Set,Fashion,1,1331,1331,CUST-99802,Website
UK-2026-101408,2026-02-13,South,Hyderabad,Ethnic Dupatta,Fashion,1,524,524,CUST-19539,Website
UK-2026-104762,06-06-26,West,Ahmedabad,Non-Stick Cookware Set,Home & Kitchen,1,2778,2778,CUST-12482,App
UK-2026-103262,2026-05-21,South,Hyderabad,Ultrabook Air 14,Electronics,2,29589,59178,CUST-81478,Website
UK-2026-103591,2026-05-09,Central,Bhopal,Mirrorless Camera Lite,Electronics,2,29698,59396,CUST-67251,Marketplace
UK-2026-103021,2026-04-25,North,Gurugram,Cycling Helmet,Sports,1,1636,1636,CUST-87405,Marketplace
UK-2026-103225,2026-05-10,Central,Indore,Air Fryer 5L,Home & Kitchen,1,5428,5428,CUST-48172,Marketplace
UK-2026-100627,2026-01-05,East,Calcutta,Badminton Racket Set,Sports,3,2435,7305,CUST-61001,App
UK-2026-100168,2026-01-01,East,Guwahati,Running Sneakers,Fashion,2,2887,5774,CUST-99685,App
UK-2026-102175,2026-03-16,Central,Indore,Denim Jacket,Fashion,1,2151,2151,CUST-98512,Website
UK-2026-103961,10-05-26,East,Kolkata,Badminton Racket Set,Sports,1,2446,2446,CUST-96460,Marketplace
UK-2026-101405,2026-02-15,,Bhubaneswar,Silk Saree,Fashion,2,3435,6870,CUST-27930,Marketplace
UK-2026-103449,2026-05-12,,Indore,Modern Wall Clock,Home & Kitchen,2,787,1574,CUST-81628,App
UK-2026-101588,2026-03-18,West,Mumbai,Slim Fit Jeans,Fashion,-1,1621,1621,CUST-55645,App
UK-2026-102795,2026-04-30,North,Gurugram,Cricket Bat English Willow,Sports,2,9147,18294,CUST-30705,Marketplace
UK-2026-100152,2026-01-24,East,Guwahati,Ultrabook Air 14,Electronics,1,31452,31452,CUST-41862,App
UK-2026-104230,2026-06-17,Central,Bhopal,Sunscreen SPF50,Beauty,2,548,1096,CUST-33418,Website
UK-2026-101411,2026-02-20,East,Kolkata,Power Bank 20000mAh,Electronics,1,1754,1754,CUST-32247,App
UK-2026-103144,2026-05-10,East,Patna,Noise-Cancelling Headphones,Electronics,1,8996,8996,CUST-78183,Marketplace
UK-2026-103872,2026-05-29,Central,Nagpur,Bluetooth Speaker Mini,Electronics,1,1479,1479,CUST-58581,Website
UK-2026-101888,2026-03-05,South,Chennai,Power Bank 20000mAh,Electronics,1,1879,1879,CUST-82153,App
UK-2026-102478,2026-04-18,East,Bhubaneswar,Denim Jacket,Fashion,1,2173,2173,CUST-15333,App
UK-2026-104190,2026-06-11,Central,Raipur,Yoga Mat Pro,Sports,3,1162,3486,CUST-56801,App
UK-2026-104486,2026-06-27,East,Guwahati,Modern Wall Clock,Home & Kitchen,1,818,818,CUST-20704,App
UK-2026-102332,2026-04-16,Central,Raipur,Dinner Set 24pc,Home & Kitchen,1,2525,2525,CUST-55827,App
UK-2026-103374,2026-05-29,South,Hyderabad,Power Bank 20000mAh,Electronics,2,1743,3486,CUST-14111,App
UK-2026-101313,2026-02-02,South,Chennai,Cricket Bat English Willow,Sports,2,9042,18084,CUST-17305,Website
UK-2026-102077,2026-03-21,North,Noida,Modern Wall Clock,Home & Kitchen,2,827,1654,CUST-24149,Marketplace
UK-2026-102054,2026-03-28,North,Noida,Vitamin C Serum,Beauty,3,713,2139,CUST-25308,App
UK-2026-103417,2026-05-14,Central,Raipur,Foldable Treadmill T2,Sports,1,25500,25500,CUST-33418,App
UK-2026-102973,2026-04-25,South,Bengaluru,Air Fryer 5L,Home & Kitchen,1,5251,5251,CUST-74793,Website
UK-2026-104500,2026-06-07,,Noida,Adjustable Dumbbells 15kg,Sports,1,5007,5007,CUST-76407,Website
UK-2026-102564,2026-04-01,West,Surat,Air Fryer 5L,Home & Kitchen,1,5594,5594,CUST-83383,App
UK-2026-102659,2026-04-11,North,Delhi,43-inch Smart TV,Electronics,1,26755,26755,CUST-76181,Marketplace
UK-2026-100877,2026-02-10,East,Bhubaneswar,Power Bank 20000mAh,Electronics,1,1758,1758,CUST-55711,Marketplace
UK-2026-100129,2026-01-13,North,Gurugram,Noise-Cancelling Headphones,Electronics,2,9097,18194,CUST-89442,Website
UK-2026-104025,2026-06-04,West,Mumbai,Badminton Racket Set,Sports,1,2584,2584,CUST-61128,Website
UK-2026-100733,2026-02-13,Central,Bhopal,Beard Grooming Kit,Beauty,1,957,957,CUST-86376,App
UK-2026-101118,2026-02-02,East,Patna,Mixer Grinder 750W,Home & Kitchen,1,3429,3429,CUST-16201,App
UK-2026-100374,2026-01-23,South,Hyderabad,Beard Grooming Kit,Beauty,2,1041,2082,CUST-98964,Website
UK-2026-101575,2026-03-03,Central,Indore,Dinner Set 24pc,Home & Kitchen,1,2623,2623,CUST-34335,Website
UK-2026-102883,2026-04-03,South,Hyderabad,Ionic Hair Dryer,Beauty,1,1881,1881,CUST-26808,App
UK-2026-103078,2026-04-28,West,Mumbai,Mirrorless Camera Lite,Electronics,1,28010,28010,CUST-58834,App
UK-2026-101176,2026-02-01,South,Chennai,Mixer Grinder 750W,Home & Kitchen,1,3246,3246,CUST-31355,Website
UK-2026-102901,2026-04-16,South,Hyderabad,Ionic Hair Dryer,Beauty,1,1841,1841,CUST-50647,App
UK-2026-102150,2026-03-01,West,Pune,Makeup Brush Set,Beauty,,1271,1271,CUST-72915,Website
UK-2026-104173,2026-06-15,Central,Indore,Wireless Earbuds Pro,Electronics,2,2954,5908,CUST-22712,Marketplace
UK-2026-104271,2026-06-27,North,Gurugram,Air Fryer 5L,Home & Kitchen,2,5500,11000,CUST-16959,App
UK-2026-104513,2026-06-23,South,Kochi,Smart Watch X2,Electronics,1,4696,4696,CUST-27781,Website
UK-2026-102475,2026-04-21,South,Hyderabad,Formal Shirt,Fashion,1,1088,1088,CUST-30168,Website
UK-2026-103514,2026-05-07,Central,Indore,Foldable Treadmill T2,Sports,1,25103,25103,CUST-75875,Website
UK-2026-101122,01-02-26,South,Hyderabad,Dinner Set 24pc,Home & Kitchen,1,2470,2470,CUST-12937,Website
UK-2026-102962,2026-04-30,South,Hyderabad,Noise-Cancelling Headphones,Electronics,2,8767,17534,CUST-31997,App
UK-2026-101789,2026-03-31,West,Surat,Electric Kettle 1.5L,Home & Kitchen,1,1059,1059,CUST-76166,Website
UK-2026-104213,2026-06-04,South,Hyderabad,Air Fryer 5L,Home & Kitchen,1,5599,5599,CUST-82891,Website
UK-2026-102836,2026-04-26,West,Mumbai,Foldable Treadmill T2,Sports,1,24929,24929,CUST-96303,Website
UK-2026-102597,2026-04-09,South,Chennai,Foldable Treadmill T2,Sports,1,23999,23999,CUST-81628,Website
UK-2026-103473,2026-05-18,South,Chennai,Noise-Cancelling Headphones,Electronics,1,9266,9266,CUST-17387,Website
UK-2026-101989,2026-03-03,West,Surat,Ultrabook Air 14,Electronics,1,31124,31124,CUST-10889,App
UK-2026-101968,2026-03-08,North,Chandigarh,Eau de Parfum 100ml,Beauty,1,1980,1980,CUST-73063,App
UK-2026-100221,2026-01-08,West,Surat,Silk Saree,Fashion,1,3403,3403,CUST-91871,Website
UK-2026-102641,2026-04-22,East,Bhubaneswar,Bluetooth Speaker Mini,Electronics,2,1534,3068,CUST-12800,App
UK-2026-103177,2026-05-02,West,Pune,Slim Fit Jeans,Fashion,2,1560,3120,CUST-47315,Website
UK-2026-102282,2026-04-25,East,Guwahati,Ionic Hair Dryer,Beauty,1,1875,1875,CUST-39070,App
UK-2026-101812,2026-03-03,East,Bhubaneswar,43-inch Smart TV,Electronics,1,26253,26253,CUST-90561,Website
UK-2026-102398,2026-04-11,North,Delhi,Ethnic Dupatta,Fashion,2,476,952,CUST-93239,App
UK-2026-102098,2026-03-23,South,Hyderabad,Ethnic Dupatta,Fashion,,495,495,CUST-74690,Website
UK-2026-104297,2026-06-21,North,Chandigarh,Silk Saree,Fashion,2,3499,6998,CUST-11847,App
UK-2026-100693,2026-01-16,South,Bengaluru,Mixer Grinder 750W,Home & Kitchen,2,3205,6410,CUST-62925,App
UK-2026-104049,2026-06-07,North,Noida,Mirrorless Camera Lite,Electronics,1,28669,28669,CUST-22111,App
UK-2026-100500,2026-01-19,South,Kochi,Badminton Racket Set   ,Sports,1,2483,2483,CUST-91871,Website
UK-2026-100545,2026-01-16,West,Pune,Noise-Cancelling Headphones,Electronics,1,9154,9154,CUST-80488,Website
UK-2026-104430,2026-06-04,West,Mumbai,Non-Stick Cookware Set,Home & Kitchen,1,2848,2848,CUST-22940,App
UK-2026-103767,2026-05-24,North,Noida,Dinner Set 24pc,Home & Kitchen,1,2611,2611,CUST-99879,Website
UK-2026-104626,2026-06-20,South,Kochi,Mixer Grinder 750W,Home & Kitchen,4,3412,13648,CUST-60759,App
UK-2026-103198,2026-05-25,North,Chandigarh,Cotton Kurta Set,Fashion,1,1284,1284,CUST-71364,Website
UK-2026-101886,2026-03-07,South,Chennai,Ultrabook Air 14,Electronics,1,30959,30959,CUST-25458,App
UK-2026-104704,2026-06-11,West,Pune,Leather Wallet,Fashion,1,917,917,CUST-82603,Marketplace
UK-2026-103583,2026-05-01,South,Bengaluru,Non-Stick Cookware Set,Home & Kitchen,1,2852,2852,CUST-68905,Marketplace
UK-2026-102115,2026-03-06,Central,Bhopal,Power Bank 20000mAh,Electronics,1,1875,1875,CUST-41770,App
UK-2026-103196,2026-05-12,West,Mumbai,Cricket Bat English Willow,Sports,3,8826,26478,CUST-45231,App
UK-2026-102783,2026-04-02,North,Chandigarh,Smart Watch X2,Electronics,3,4439,13317,CUST-70398,App
UK-2026-103342,2026-05-20,East,Kolkata,Silk Saree,Fashion,1,3466,3466,CUST-10215,App
UK-2026-102360,2026-04-29,West,Mumbai,Electric Kettle 1.5L,Home & Kitchen,1,1114,"₹1,114",CUST-27441,Marketplace
UK-2026-100423,2026-01-30,North,Noida,Yoga Mat Pro,Sports,1,1247,1247,CUST-27563,Marketplace
UK-2026-102797,2026-04-23,South,Kochi,Noise-Cancelling Headphones,Electronics,3,8874,26622,CUST-23032,App
UK-2026-104551,2026-06-04,South,Chennai,Silk Saree,Fashion,1,3574,3574,CUST-38967,App
UK-2026-104367,2026-06-29,Central,Nagpur,Gym Gloves,Sports,2,521,1042,CUST-73091,Marketplace
UK-2026-101905,2026-03-29,East,Bhubaneswar,Power Bank 20000mAh,Electronics,1,1863,1863,CUST-72915,App
UK-2026-101054,2026-02-10,South,BLR,Cricket Bat English Willow,Sports,1,8740,8740,CUST-13003,App
UK-2026-101266,2026-02-15,East,Bhubaneswar,Vitamin C Serum,Beauty,2,714,1428,CUST-74286,App
UK-2026-104090,2026-06-08,East,Patna,Cricket Bat English Willow,Sports,2,8745,17490,CUST-74127,App
UK-2026-104542,2026-06-21,West,Surat,Formal Shirt,Fashion,,1140,1140,CUST-71124,Website
UK-2026-100444,2026-01-18,West,Surat,Yoga Mat Pro,Sports,2,1221,2442,CUST-61001,App
UK-2026-100688,2026-01-24,North,Chandigarh,Cotton Kurta Set,Fashion,1,1278,1278,CUST-97298,App
UK-2026-102178,2026-03-29,West,Pune,Denim Jacket,Fashion,1,2177,2177,CUST-66310,Website
UK-2026-101322,2026-02-03,South,Hyderabad,Yoga Mat Pro,Sports,1,1163,1163,CUST-57507,App
UK-2026-103720,2026-05-01,West,Pune,43-inch Smart TV,Electronics,1,26581,26581,CUST-31128,Website
UK-2026-100450,2026-01-24,West,Ahmedabad,Air Fryer 5L,Home & Kitchen,1,5392,5392,CUST-82468,Website
UK-2026-102483,2026-04-09,North,Delhi,Leather Wallet,Fashion,2,879,1758,CUST-88958,Marketplace
UK-2026-104218,2026-06-12,North,Delhi,Makeup Brush Set,Beauty,1,1279,1279,CUST-21397,Website
UK-2026-102593,2026-04-30,South,Kochi,Bluetooth Speaker Mini,Electronics,1,1452,1452,CUST-13087,Marketplace
UK-2026-101357,2026-02-10,Central,Nagpur,Slim Fit Jeans,Fashion,2,1542,3084,CUST-58211,Website
UK-2026-103745,2026-05-23,South,Kochi,Cricket Bat English Willow,Sports,2,9093,18186,CUST-87188,App
UK-2026-104877,2026-06-18,North,Gurugram,Air Fryer 5L,Home & Kitchen,2,5255,10510,CUST-22657,Website
UK-2026-101236,2026-02-11,North,Noida,Power Bank 20000mAh,Electronics,1,1824,1824,CUST-21854,Website
UK-2026-101546,2026-03-11,South,Hyderabad,Foldable Treadmill T2,Sports,1,24510,24510 INR,CUST-67199,Website
UK-2026-100601,2026-01-11,West,Mumbai,Ethnic Dupatta,Fashion,1,498,498,CUST-80584,App
UK-2026-100857,2026-02-28,North,Gurugram,Wireless Earbuds Pro,Electronics,1,3039,3039,CUST-93036,Website
UK-2026-102554,2026-04-10,West,Surat,Cotton Bedsheet Set,Home & Kitchen,1,1403,1403,CUST-79683,Marketplace
UK-2026-104371,2026-06-19,West,Pune,Electric Kettle 1.5L,Home & Kitchen,1,1054,1054,CUST-49655,App
UK-2026-103632,2026-05-04,East,Patna,Badminton Racket Set,Sports,1,2541,2541,CUST-75542,Marketplace
UK-2026-104548,2026-06-01,North,Gurugram,Slim Fit Jeans,Fashion,1,1669,1669,CUST-54364,App
UK-2026-103098,2026-05-30,West,Pune,Electric Kettle 1.5L,Home & Kitchen,1,1150,1150,CUST-61118,Website
UK-2026-103560,2026-05-17,Central,Bhopal,Face Wash Combo,Beauty,1,461,461,CUST-21496,Website
UK-2026-103123,"May 21, 2026",East,Kolkata,Non-Stick Cookware Set,Home & Kitchen,1,2828,2828,CUST-56458,Website
UK-2026-102848,2026-04-07,North,Chandigarh,Power Bank 20000mAh,Electronics,1,1885,1885,CUST-54564,App
UK-2026-101113,2026-02-18,East,Kolkata,Bluetooth Speaker Mini,Electronics,4,1550,6200,CUST-94527,Website
UK-2026-101331,2026-02-10,South,Hyderabad,Eau de Parfum 100ml,Beauty,1,1973,1973,CUST-92444,App
UK-2026-102698,2026-04-24,West,Mumbai,Silk Saree,Fashion,4,3657,14628,CUST-82435,Marketplace
UK-2026-101368,2026-02-02,,Indore,Cricket Bat English Willow,Sports,1,8750,8750,CUST-60999,Website
UK-2026-102842,2026-04-07,South,Hyderabad,Bluetooth Speaker Mini,Electronics,1,1458,1458,CUST-10900,Marketplace
UK-2026-101216,2026-02-19,South,Hyderabad,Badminton Racket Set,Sports,1,2393,2393,CUST-26670,Website
UK-2026-104287,2026-06-01,North,Gurugram,Adjustable Dumbbells 15kg,Sports,1,5023,5023,CUST-46889,Website
UK-2026-101060,2026-02-19,North,Gurugram,Smart Watch X2,Electronics,1,4638,4638,CUST-96460,Website
UK-2026-100681,2026-01-27,West,Ahmedabad,Matte Lipstick Set,Beauty,1,938,938,CUST-25914,Website
UK-2026-100904,2026-02-07,North,Gurugram,Cotton Bedsheet Set,Home & Kitchen,1,1329,1329,CUST-94139,App
UK-2026-104785,2026-06-19,West,Ahmedabad,Cotton Kurta Set,Fashion,1,1274,1274,CUST-86015,App
UK-2026-102049,2026-03-21,South,Bengaluru,Noise-Cancelling Headphones,Electronics,1,9419,9419,CUST-27272,Marketplace
UK-2026-101525,2026-03-11,East,Calcutta,Formal Shirt,Fashion,1,1145,1145,CUST-17657,Website
UK-2026-100610,2026-01-27,South,Chennai,Dinner Set 24pc,Home & Kitchen,2,2408,4816,CUST-76160,App
UK-2026-101697,2026-03-03,West,Ahmedabad,Cricket Bat English Willow,Sports,1,9112,9112,CUST-81491,App
UK-2026-103064,2026-04-30,West,Pune,Bluetooth Speaker Mini,Electronics,2,1479,2958,CUST-11959,Marketplace
UK-2026-103903,2026-05-17,Central,Bhopal,Smart Watch X2,Electronics,1,4455,4455,CUST-47195,Website
UK-2026-101672,2026-03-15,Central,Indore,Denim Jacket,Fashion,2,2276,4552,CUST-43963,App
UK-2026-102216,2026-03-22,East,Kolkata,Slim Fit Jeans,Fashion,1,1620,1620,CUST-96126,App
UK-2026-101043,2026-02-11,North,Gurugram,Smart Watch X2,Electronics,2,4442,8884,CUST-57664,Marketplace
UK-2026-102591,2026-04-24,South,Chennai,Slim Fit Jeans,Fashion,1,1548,1548,CUST-61773,App
UK-2026-100597,2026-01-20,South,Hyderabad,Slim Fit Jeans,Fashion,1,1604,1604,CUST-74263,Marketplace
UK-2026-103593,2026-05-20,North,Gurugram,Vitamin C Serum,Beauty,4,690,2760,CUST-75049,App
UK-2026-102572,2026-04-24,North,Delhi,Ethnic Dupatta,Fashion,2,493,986,CUST-85691,App
UK-2026-101542,2026-03-17,North,Chandigarh,43-inch Smart TV,Electronics,4,24860,99440,CUST-97899,Website
UK-2026-101155,2026-02-08,North,Delhi,Formal Shirt,Fashion,4,1127,4508,CUST-98296,App
UK-2026-102661,2026-04-17,South,Kochi,Makeup Brush Set,Beauty,3,1327,3981,CUST-23372,App
UK-2026-102837,2026-04-05,West,Pune,Running Sneakers,Fashion,1,2715,2715,CUST-33470,Website
UK-2026-104309,2026-06-14,South,Chennai,Cotton Bedsheet Set,Home & Kitchen,1,1383,1383,CUST-19953,App
UK-2026-101116,"Feb 26, 2026",North,Delhi,Cotton Bedsheet Set,Home & Kitchen,2,1411,2822,CUST-47914,App
UK-2026-100678,2026-01-11,Central,Indore,Ultrabook Air 14,Electronics,1,31158,"31,158.00",CUST-91441,Website
UK-2026-102101,2026-03-21,South,Chennai,Noise-Cancelling Headphones,Electronics,2,9288,18576,CUST-16201,App
UK-2026-102525,2026-04-18,Central,Nagpur,43-inch Smart TV,Electronics,1,24750,24750,CUST-58700,Marketplace
UK-2026-104197,2026-06-09,West,Surat,Smart Watch X2,Electronics,1,4473,4473,CUST-74743,Website
UK-2026-104477,2026-06-17,South,Kochi,Running Sneakers,Fashion,1,2877,2877,CUST-10707,App
UK-2026-102546,2026-04-25,West,Mumbai,Yoga Mat Pro,Sports,0,1255,1255,CUST-98968,Marketplace
UK-2026-102177,2026-03-15,East,Patna,Non-Stick Cookware Set,Home & Kitchen,1,2985,2985,CUST-39956,Website
UK-2026-102017,2026-03-22,South,Kochi,Cycling Helmet,Sports,1,1564,1564,CUST-65351,Website
UK-2026-102727,2026-04-23,South,Bengaluru,Noise-Cancelling Headphones,Electronics,1,9363,9363,CUST-90561,Website
UK-2026-100277,2026-01-01,North,Gurugram,Silk Saree,Fashion,1,3519,3519,CUST-86086,App
UK-2026-103179,2026-05-20,East,Bhubaneswar,Mixer Grinder 750W,Home & Kitchen,1,3451,3451,CUST-91785,App
UK-2026-101463,2026-03-06,,Indore,Power Bank 20000mAh,Electronics,1,1794,1794,CUST-38714,App
UK-2026-100741,2026-02-10,West,Ahmedabad,Leather Wallet,Fashion,1,935,935,CUST-58300,Website
UK-2026-101233,2026-02-13,North,Delhi,Robot Vacuum R7,Home & Kitchen,1,18267,18267,CUST-97298,App
UK-2026-101384,2026-02-23,Central,Raipur,Non-Stick Cookware Set,Home & Kitchen,1,3038,3038,CUST-16381,App
UK-2026-100160,2026-01-07,North,Noida,Mixer Grinder 750W,Home & Kitchen,1,3416,3416,CUST-37572,App
UK-2026-103601,2026-05-17,East,Patna,Beard Grooming Kit,Beauty,1,1025,"₹1,025",CUST-78890,App
UK-2026-100790,2026-02-12,East,Guwahati,Slim Fit Jeans   ,Fashion,1,1646,1646,CUST-26708,App
UK-2026-101154,2026-02-14,South,Chennai,Cotton Bedsheet Set,Home & Kitchen,1,1344,1344,CUST-42155,Website
UK-2026-103809,2026-05-22,North,Chandigarh,Robot Vacuum R7,Home & Kitchen,1,18910,18910,CUST-18461,App
UK-2026-102987,21/04/2026,South,Kochi,Formal Shirt,Fashion,1,1140,1140,CUST-43806,App
UK-2026-102890,2026-04-07,Central,Bhopal,43-inch Smart TV,Electronics,1,26841,26841,CUST-37103,Marketplace
UK-2026-100503,2026-01-11,South,Bengaluru,Silk Saree,Fashion,1,3554,3554,CUST-23068,Website
UK-2026-101660,2026-03-10,East,Patna,Face Wash Combo,Beauty,1,459,459,CUST-44869,Website
UK-2026-103506,2026-05-16,Central,Indore,Robot Vacuum R7,Home & Kitchen,1,19640,19640,CUST-19064,Website
UK-2026-100866,2026-02-05,West,Mumbai,Ultrabook Air 14,Electronics,3,30500,91500,CUST-67427,Marketplace
UK-2026-101031,2026-02-19,,Chandigarh,Adjustable Dumbbells 15kg,Sports,1,4815,4815,CUST-87416,Marketplace
UK-2026-104408,2026-06-19,West,Surat,Power Bank 20000mAh,Electronics,1,1881,1881,CUST-69885,Website
UK-2026-100694,2026-01-05,South,Kochi,Cotton Kurta Set,Fashion,1,1251,1251,CUST-89620,Website
UK-2026-101373,2026-02-25,North,Gurugram,Yoga Mat Pro,Sports,1,1246,1246,CUST-76955,Website
UK-2026-101295,2026-02-06,West,Mumbai,Bluetooth Speaker Mini,Electronics,1,1479,1479,CUST-41944,App
UK-2026-101796,2026-03-29,North,Gurugram,Modern Wall Clock,Home & Kitchen,-1,770,1540,CUST-17730,Website
UK-2026-100469,"Jan 14, 2026",South,Bengaluru,Cricket Bat English Willow,Sports,1,9071,9071,CUST-66109,App
UK-2026-104670,2026-06-27,North,Delhi,Cotton Kurta Set,Fashion,1,1258,1258,CUST-52343,Website
UK-2026-103815,2026-05-26,North,Noida,Gym Gloves,Sports,2,523,1046,CUST-88958,App
UK-2026-102513,2026-04-29,South,Chennai,Power Bank 20000mAh,Electronics,1,1805,"₹1,805",CUST-97834,App
UK-2026-104411,2026-06-27,North,Gurugram,Beard Grooming Kit,Beauty,1,997,997,CUST-98697,Website
UK-2026-103589,2026-05-20,West,Mumbai,Ethnic Dupatta,Fashion,1,514,514,CUST-66307,App
UK-2026-102427,2026-04-17,North,Chandigarh,Dinner Set 24pc,Home & Kitchen,2,2481,4962,CUST-68728,App
UK-2026-100710,2026-01-24,West,Surat,Bluetooth Speaker Mini,Electronics,1,1515,1515,CUST-65964,Marketplace
UK-2026-102339,2026-04-13,East,Guwahati,Cricket Bat English Willow,Sports,1,8946,8946,CUST-12715,App
UK-2026-100907,2026-02-01,West,Ahmedabad,Bluetooth Speaker Mini,Electronics,1,1562,1562,CUST-96353,Website
UK-2026-100319,2026-01-05,North,Gurugram,Mixer Grinder 750W,Home & Kitchen,1,3234,3234,CUST-92205,App
UK-2026-100208,2026-01-15,East,Bhubaneswar,Bluetooth Speaker Mini,Electronics,1,1561,,CUST-26686,Website
UK-2026-102787,2026-04-16,Central,Bhopal,Slim Fit Jeans,Fashion,1,1573,1573,CUST-22121,Website
UK-2026-104991,2026-06-13,West,Mumbai,Running Sneakers,Fashion,2,2695,5390,CUST-10958,Marketplace
UK-2026-103261,2026-05-29,West,Surat,43-inch Smart TV,Electronics,1,26450,26450,CUST-21162,Website
UK-2026-101473,2026-03-20,South,Bengaluru,Ethnic Dupatta,Fashion,2,481,962,CUST-14063,App
UK-2026-100068,2026-01-31,Central,Indore,Slim Fit Jeans,Fashion,1,1674,1674,CUST-20194,Website
UK-2026-104918,2026-06-16,West,Mumbai,Eau de Parfum 100ml,Beauty,1,2060,2060,CUST-90261,Website
UK-2026-100359,2026-01-25,Central,Nagpur,Denim Jacket,Fashion,1,2301,2301,CUST-74356,Website
UK-2026-104638,2026-06-08,Central,Bhopal,  Gym Gloves,Sports,4,523,2092,CUST-56984,App
UK-2026-103296,2026-05-05,North,Noida,Football Size 5,Sports,4,892,3568,CUST-62674,App
UK-2026-102679,2026-04-21,South,Kochi,Face Wash Combo,Beauty,1,438,438,CUST-26617,Website
UK-2026-104478,"Jun 2, 2026",West,Mumbai,Electric Kettle 1.5L,Home & Kitchen,1,1070,1070,CUST-14916,Website
UK-2026-102905,2026-04-25,West,Surat,Noise-Cancelling Headphones,Electronics,1,9093,9093,CUST-81315,App
UK-2026-104192,2026-06-02,South,Bengaluru,Denim Jacket,Fashion,1,2201,2201,CUST-73586,Website
UK-2026-100471,2026-01-19,South,Hyderabad,Dinner Set 24pc,Home & Kitchen,3,2415,7245,CUST-70990,App
UK-2026-100544,2026-01-30,East,Bhubaneswar,Noise-Cancelling Headphones,Electronics,1,9231,9231,CUST-42101,App
UK-2026-100295,2026-01-07,South,Hyderabad,Smart Watch X2,Electronics,1,4320,4320,CUST-43806,Marketplace
UK-2026-104920,2026-06-27,South,Chennai,Bluetooth Speaker Mini,Electronics,1,1438,1438,CUST-51947,App
UK-2026-101559,2026-03-10,North,Gurugram,Beard Grooming Kit,Beauty,3,1019,3057,CUST-11802,App
UK-2026-101436,2026-02-15,South,Chennai,Power Bank 20000mAh,Electronics,1,1888,1888,CUST-51598,App
UK-2026-103316,2026-05-10,Central,Raipur,Formal Shirt,Fashion,1,1143,1143,CUST-61282,App
UK-2026-101616,2026-03-27,North,Chandigarh,Air Fryer 5L,Home & Kitchen,1,5446,5446,CUST-82244,App
UK-2026-102707,2026-04-21,West,Ahmedabad,Mirrorless Camera Lite,Electronics,2,28277,56554,CUST-73490,Marketplace
UK-2026-102970,2026-04-03,South,Kochi,Cricket Bat English Willow,Sports,1,9162,9162,CUST-29075,App
UK-2026-100944,2026-02-15,East,Bhubaneswar,Gym Gloves,Sports,1,483,483,CUST-32526,Marketplace
UK-2026-101940,2026-03-27,South,Chennai,Modern Wall Clock,Home & Kitchen,4,838,3352,CUST-20735,App
UK-2026-102183,2026-03-07,Central,Nagpur,Power Bank 20000mAh,Electronics,1,1839,1839,CUST-10491,Marketplace
UK-2026-104247,2026-06-06,Central,Nagpur,Ultrabook Air 14,Electronics,1,30713,30713,CUST-35767,Website
UK-2026-102523,2026-04-16,West,Surat,Smart Watch X2,Electronics,1,4647,4647,CUST-41255,App
UK-2026-104009,06-05-26,South,Chennai,Modern Wall Clock,Home & Kitchen,2,795,1590,CUST-73952,Marketplace
UK-2026-104112,2026-06-06,West,Surat,Non-Stick Cookware Set,Home & Kitchen,1,2793,2793,CUST-49861,App
UK-2026-101188,2026-02-12,Central,Raipur,Face Wash Combo,Beauty,-2,447,447,CUST-32992,App
UK-2026-102563,2026-04-25,North,Gurugram,Running Sneakers,Fashion,3,2766,8298,CUST-22253,App
UK-2026-104200,2026-06-16,South,Hyderabad,Electric Kettle 1.5L,Home & Kitchen,2,1079,2158,CUST-69074,App
UK-2026-101416,2026-02-23,West,Pune,Foldable Treadmill T2,Sports,1,25586,25586,CUST-26670,App
UK-2026-103302,2026-05-19,East,Guwahati,Mirrorless Camera Lite,Electronics,2,28232,56464,CUST-56403,Marketplace
UK-2026-102576,2026-04-14,West,Mumbai,Ethnic Dupatta,Fashion,1,522,522,CUST-77205,App
UK-2026-102435,2026-04-06,South,Kochi,Matte Lipstick Set,Beauty,1,938,938,CUST-71453,Website
UK-2026-104354,2026-06-04,West,Pune,Ultrabook Air 14,Electronics,1,29455,29455,CUST-63600,Marketplace
UK-2026-101238,"Feb 25, 2026",West,Pune,Running Sneakers,Fashion,1,2896,2896,CUST-90428,App
UK-2026-102411,2026-04-15,East,Patna,Leather Wallet,Fashion,2,935,1870,CUST-44135,Marketplace
UK-2026-100258,2026-01-07,Central,Indore,Football Size 5,Sports,1,938,938,CUST-76571,App
UK-2026-100609,2026-01-02,Central,Raipur,Mixer Grinder 750W,Home & Kitchen,2,3201,6402,CUST-45567,Website
UK-2026-103416,2026-05-04,South,Bengaluru,Cotton Kurta Set,Fashion,2,1337,2674,CUST-11924,App
UK-2026-100825,2026-02-15,Central,Indore,Badminton Racket Set,Sports,4,2471,9884,CUST-67944,Website
UK-2026-100104,2026-01-27,Central,Bhopal,Eau de Parfum 100ml,Beauty,1,2085,2085,CUST-21402,Marketplace
UK-2026-101144,2026-02-09,West,Mumbai,Adjustable Dumbbells 15kg,Sports,1,5095,5095,CUST-39218,App
UK-2026-100770,2026-02-08,East,Kolkata,Robot Vacuum R7,Home & Kitchen,1,18688,18688,CUST-94765,Marketplace
UK-2026-101580,2026-03-28,South,Bengaluru,Mixer Grinder 750W,Home & Kitchen,3,3347,10041,CUST-72075,Website
UK-2026-102250,2026-04-06,West,Surat,Makeup Brush Set,Beauty,1,1285,1285,CUST-96303,App
UK-2026-104636,2026-06-28,West,Ahmedabad,Adjustable Dumbbells 15kg,Sports,3,5095,15285,CUST-16466,App
UK-2026-103410,2026-05-16,West,Ahmedabad,Cricket Bat English Willow,Sports,2,9029,18058,CUST-80928,App
UK-2026-100668,2026-01-19,West,Mumbai,Makeup Brush Set,Beauty,1,1328,1328,CUST-43828,App
UK-2026-101261,2026-02-01,West,Surat,Wireless Earbuds Pro,Electronics,1,2939,2939,CUST-89442,App
UK-2026-104346,2026-06-20,South,Kochi,Yoga Mat Pro,Sports,1,1246,1246,CUST-56843,Marketplace
UK-2026-102774,2026-04-21,North,Delhi,Electric Kettle 1.5L,Home & Kitchen,3,1113,3339,CUST-43806,Website
UK-2026-100332,2026-01-26,North,Chandigarh,Bluetooth Speaker Mini,Electronics,1,1498,1498,CUST-80005,Website
UK-2026-102193,2026-03-12,Central,Raipur,Running Sneakers,Fashion,2,2920,5840,CUST-90725,Website
UK-2026-103712,2026-05-12,North,Gurugram,43-inch Smart TV,Electronics,1,25484,25484,CUST-90072,App
UK-2026-104995,2026-06-14,North,Chandigarh,Power Bank 20000mAh,Electronics,4,1827,7308,CUST-94216,Marketplace
UK-2026-101433,2026-02-18,Central,Indore,Ethnic Dupatta,Fashion,1,503,503,CUST-47460,App
UK-2026-102688,2026-04-20,East,Guwahati,43-inch Smart TV,Electronics,2,25730,51460,CUST-87490,Website
UK-2026-100766,2026-02-10,West,Pune,Dinner Set 24pc,Home & Kitchen,1,2530,2530,CUST-68556,Marketplace
UK-2026-103743,2026-05-19,East,Patna,Power Bank 20000mAh,Electronics,1,1768,1768,CUST-74195,Website
UK-2026-100117,2026-01-01,South,Chennai,Formal Shirt,Fashion,1,1138,1138,CUST-39070,Website
UK-2026-100020,2026-01-30,South,Hyderabad,Cycling Helmet,Sports,2,1605,3210,CUST-53622,Website
UK-2026-102840,2026-04-26,South,Kochi,Cotton Kurta Set,Fashion,1,1335,1335,CUST-21696,App
UK-2026-101619,2026-03-25,North,Chandigarh,Non-Stick Cookware Set,Home & Kitchen,4,2969,11876,CUST-26674,App
UK-2026-101654,2026-03-12,South,Kochi,Denim Jacket,Fashion,1,2194,2194,CUST-15333,App
UK-2026-101310,2026-02-22,West,Ahmedabad,Leather Wallet,Fashion,1,930,930,CUST-29445,App
UK-2026-101798,2026-03-11,Central,Bhopal,Noise-Cancelling Headphones,Electronics,1,8635,8635,CUST-31474,Marketplace
UK-2026-101678,2026-03-22,North,Chandigarh,Face Wash Combo,Beauty,1,428,428,CUST-45726,App
UK-2026-103873,2026-05-15,East,Guwahati,Leather Wallet,Fashion,1,914,914,CUST-81665,App
UK-2026-104488,2026-06-24,West,Pune,Power Bank 20000mAh,Electronics,2,1771,3542,CUST-44869,Website
UK-2026-103552,2026-05-07,North,Noida,Cotton Bedsheet Set,Home & Kitchen,1,1377,1377,CUST-39356,Marketplace
UK-2026-104900,2026-06-18,North,Noida,Sunscreen SPF50,Beauty,2,532,"₹1,064",CUST-67318,App
UK-2026-100617,2026-01-04,East,Bhubaneswar,Power Bank 20000mAh,Electronics,1,1783,1783,CUST-26101,Marketplace
UK-2026-103574,2026-05-25,North,Chandigarh,Badminton Racket Set,Sports,1,2430,2430,CUST-58652,App
UK-2026-103362,2026-05-31,South,Kochi,Ethnic Dupatta,Fashion,2,495,990,CUST-42740,Website
UK-2026-104217,2026-06-10,West,Surat,Cotton Kurta Set,Fashion,1,1321,1321,CUST-43115,Marketplace
UK-2026-100051,2026-01-08,West,Mumbai,Leather Wallet,Fashion,1,878,878,CUST-63998,Website
UK-2026-102756,2026-04-04,East,Bhubaneswar,Silk Saree,Fashion,1,3383,3383,CUST-24099,App
UK-2026-101709,2026-03-20,North,Chandigarh,Modern Wall Clock,Home & Kitchen,1,766,766,CUST-31474,Marketplace
UK-2026-101544,2026-03-19,East,Bhubaneswar,Bluetooth Speaker Mini,Electronics,1,1448,1448,CUST-24115,App
UK-2026-103273,2026-05-30,West,Pune,Robot Vacuum R7,Home & Kitchen,2,18747,37494,CUST-82603,App
UK-2026-102046,"Mar 28, 2026",West,Surat,Power Bank 20000mAh,Electronics,2,1771,3542,CUST-23045,App
UK-2026-100669,2026-01-06,South,Bengaluru,Face Wash Combo,Beauty,1,455,455,CUST-21723,Website
UK-2026-104580,2026-06-06,Central,Raipur,Bluetooth Speaker Mini,Electronics,1,1518,1518,CUST-94877,App
UK-2026-101227,2026-02-27,South,Kochi,Mirrorless Camera Lite,Electronics,1,28467,28467,CUST-53025,App
UK-2026-101760,2026-03-24,West,Mumbai,Power Bank 20000mAh,Electronics,1,1728,1728,CUST-98885,Website
UK-2026-104254,2026-06-28,West,Pune,Leather Wallet,Fashion,1,934,934,CUST-45209,App
UK-2026-103504,2026-05-11,South,Bengaluru,Vitamin C Serum,Beauty,1,715,715,CUST-12937,Website
UK-2026-102694,2026-04-20,South,Chennai,Cycling Helmet,Sports,1,1674,1674,CUST-20391,Website
UK-2026-101938,2026-03-31,North,Delhi,Leather Wallet,Fashion,1,911,911,CUST-32859,Marketplace
UK-2026-104325,2026-06-25,Central,Raipur,Modern Wall Clock,Home & Kitchen,2,835,1670,CUST-58634,Marketplace
UK-2026-100680,2026-01-13,Central,Bhopal,Beard Grooming Kit,Beauty,1,973,973,CUST-82785,App
UK-2026-104564,2026-06-04,West,Pune,Badminton Racket Set,Sports,1,2525,2525,CUST-69075,App
UK-2026-103101,2026-05-23,North,Gurugram,Formal Shirt,Fashion,1,1102,1102,CUST-78574,App
UK-2026-100554,2026-01-25,West,Mumbai,Cotton Kurta Set,Fashion,1,1256,1256,CUST-33327,App
UK-2026-101251,2026-02-07,,Guwahati,Mirrorless Camera Lite,Electronics,4,28315,113260,CUST-43208,App
UK-2026-102329,2026-04-29,East,Guwahati,Running Sneakers,Fashion,1,2666,,CUST-98512,App
UK-2026-103968,2026-05-31,East,Guwahati,Power Bank 20000mAh,Electronics,1,1837,1837,CUST-79226,Website
UK-2026-103122,2026-05-03,South,Bengaluru,Leather Wallet,Fashion,1,878,878,CUST-76721,App
UK-2026-104760,2026-06-21,South,Bengaluru,Running Sneakers,Fashion,3,2701,8103,CUST-64187,App
UK-2026-103009,2026-04-04,South,Chennai,Mirrorless Camera Lite,Electronics,1,30170,30170,CUST-98992,App
UK-2026-102431,2026-04-03,East,Guwahati,Cotton Bedsheet Set,Home & Kitchen,1,1345,1345,CUST-15445,App
UK-2026-102669,2026-04-17,North,Delhi,Sunscreen SPF50,Beauty,1,542,542,CUST-78949,App
UK-2026-102500,2026-04-28,South,Chennai,Yoga Mat Pro,Sports,1,1209,1209,CUST-76721,App
UK-2026-103407,2026-05-03,West,Surat,Gym Gloves,Sports,1,497,497,CUST-94207,App
UK-2026-101715,2026-03-19,West,Pune,Running Sneakers,Fashion,1,2830,2830,CUST-39956,App
UK-2026-102299,2026-04-16,South,Bengaluru,Silk Saree,Fashion,2,3370,6740,CUST-23680,App
UK-2026-104570,2026-06-27,Central,Raipur,Running Sneakers,Fashion,4,2685,10740,CUST-23327,App
UK-2026-102414,2026-04-21,Central,Nagpur,Running Sneakers,Fashion,,2768,2768,CUST-96303,Website
UK-2026-100928,2026-02-09,West,Surat,Ionic Hair Dryer,Beauty,2,1852,3704,CUST-24055,App
UK-2026-103934,2026-05-29,North,Chandigarh,Formal Shirt,Fashion,2,1114,2228,CUST-27272,App
UK-2026-103696,2026-05-11,East,Kolkata,Running Sneakers,Fashion,1,2716,2716,CUST-69761,App
UK-2026-100353,2026-01-22,,Pune,Robot Vacuum R7,Home & Kitchen,1,19152,19152,CUST-76955,Marketplace
UK-2026-101611,2026-03-07,North,Noida,Wireless Earbuds Pro,Electronics,1,2928,2928,CUST-46390,Website
UK-2026-102269,2026-04-27,Central,Raipur,Cotton Bedsheet Set,Home & Kitchen,1,1394,1394,CUST-89493,App
UK-2026-100657,2026-01-03,South,Kochi,Robot Vacuum R7,Home & Kitchen,1,19386,19386,CUST-61969,Website
UK-2026-104251,2026-06-14,East,Kolkata,Football Size 5,Sports,1,913,913,CUST-85755,Website
UK-2026-104456,2026-06-26,South,Bengaluru,Makeup Brush Set,Beauty,0,1271,1271,CUST-45174,Website
UK-2026-103357,2026-05-21,West,Surat,Ultrabook Air 14,Electronics,2,30174,60348,CUST-75512,App
UK-2026-104257,2026-06-04,Central,Indore,Ultrabook Air 14,Electronics,3,31148,93444,CUST-57664,App
UK-2026-103590,2026-05-15,South,Kochi,Mirrorless Camera Lite,Electronics,3,27739,83217,CUST-84595,App
UK-2026-104403,2026-06-29,East,Calcutta,Cotton Kurta Set,Fashion,1,1314,1314,CUST-23919,App
UK-2026-102413,2026-04-29,North,Chandigarh,Wireless Earbuds Pro,Electronics,1,2941,2941,CUST-73765,Website
UK-2026-101817,2026-03-15,North,Noida,Electric Kettle 1.5L,Home & Kitchen,2,1077,2154,CUST-88958,App
UK-2026-103731,2026-05-02,South,Chennai,Robot Vacuum R7,Home & Kitchen,1,19902,19902,CUST-65136,Marketplace
UK-2026-102558,2026-04-19,South,Chennai,Electric Kettle 1.5L,Home & Kitchen,1,1100,1100,CUST-85603,Website
UK-2026-101934,2026-03-21,North,Noida,Air Fryer 5L,Home & Kitchen,1,5255,5255,CUST-32166,Website
UK-2026-103469,2026-05-12,South,Hyderabad,Running Sneakers,Fashion,1,2677,2677,CUST-27992,Marketplace
UK-2026-103522,2026-05-17,South,Chennai,Ionic Hair Dryer,Beauty,-2,1873,1873,CUST-59688,Website
UK-2026-103033,"Apr 26, 2026",South,Chennai,Eau de Parfum 100ml,Beauty,1,1963,1963,CUST-49708,App
UK-2026-103816,2026-05-10,East,Kolkata,Smart Watch X2,Electronics,1,4417,4417,CUST-83063,App
UK-2026-100685,2026-01-01,South,Hyderabad,Air Fryer 5L,Home & Kitchen,1,5613,5613,CUST-26685,Website
UK-2026-103782,2026-05-29,North,Delhi,Mixer Grinder 750W,Home & Kitchen,1,3248,3248,CUST-70538,App
UK-2026-104105,2026-06-09,South,Bengaluru,Silk Saree,Fashion,2,3437,6874,CUST-30789,App
UK-2026-102428,2026-04-09,North,Chandigarh,Power Bank 20000mAh,Electronics,2,1794,3588,CUST-81920,Marketplace
UK-2026-103800,2026-05-18,Central,Raipur,Wireless Earbuds Pro,Electronics,1,3100,3100,CUST-96655,Website
UK-2026-104964,2026-06-08,East,Bhubaneswar,Air Fryer 5L,Home & Kitchen,1,5468,5468,CUST-52406,Website
UK-2026-103281,04/05/2026,Central,Bhopal,Modern Wall Clock,Home & Kitchen,1,831,831,CUST-44585,App
UK-2026-102804,2026-04-08,North,Chandigarh,Ethnic Dupatta,Fashion,1,490,490,CUST-91309,App
UK-2026-103525,2026-05-26,Central,Raipur,Denim Jacket,Fashion,1,2271,2271,CUST-53453,App
UK-2026-102316,2026-04-24,Central,Raipur,Bluetooth Speaker Mini,Electronics,1,1492,1492,CUST-73024,Marketplace
UK-2026-103605,2026-05-11,North,Delhi,Robot Vacuum R7,Home & Kitchen,2,18386,36772,CUST-92444,App
UK-2026-103542,2026-05-09,South,Bengaluru,Dinner Set 24pc,Home & Kitchen,1,2422,2422,CUST-30044,App
UK-2026-102389,2026-04-11,West,Pune,Modern Wall Clock,Home & Kitchen,3,765,2295,CUST-81063,Website
UK-2026-100442,2026-01-05,West,Surat,Slim Fit Jeans,Fashion,1,1628,1628,CUST-28375,Website
UK-2026-103678,2026-05-21,West,Ahmedabad,Gym Gloves,Sports,2,522,1044,CUST-96126,Marketplace
UK-2026-102820,2026-04-23,South,Bengaluru,Formal Shirt,Fashion,1,1122,1122,CUST-91495,App
UK-2026-100441,2026-01-04,South,Kochi,Robot Vacuum R7,Home & Kitchen,1,19487,19487,CUST-66369,App
UK-2026-100263,2026-01-01,South,Hyderabad,Modern Wall Clock,Home & Kitchen,1,776,776,CUST-36868,Website
UK-2026-102191,2026-03-17,South,Hyderabad,Slim Fit Jeans,Fashion,2,1675,3350,CUST-82603,Website
UK-2026-103010,2026-04-18,South,Hyderabad,Leather Wallet,Fashion,1,909,909,CUST-61393,App
UK-2026-103795,05-05-26,Central,Raipur,Smart Watch X2,Electronics,2,4361,8722,CUST-73578,Marketplace
UK-2026-100252,2026-01-01,West,Ahmedabad,Smart Watch X2,Electronics,2,4509,9018,CUST-65066,Website
UK-2026-101434,2026-02-23,North,Noida,Power Bank 20000mAh,Electronics,1,1730,1730,CUST-75616,Website
UK-2026-103693,2026-05-28,South,Bengaluru,Denim Jacket,Fashion,1,2263,2263,CUST-24862,Website
UK-2026-103015,2026-04-16,West,Surat,Cotton Kurta Set,Fashion,2,1308,2616,CUST-99410,Marketplace
UK-2026-103119,2026-05-03,East,Bhubaneswar,Ionic Hair Dryer,Beauty,1,1809,1809,CUST-30540,Marketplace
UK-2026-101518,2026-03-29,East,Guwahati,Mirrorless Camera Lite,Electronics,1,29750,29750,CUST-19221,Website
UK-2026-104245,2026-06-22,East,Patna,Power Bank 20000mAh,Electronics,1,1852,1852,CUST-58580,App
UK-2026-102866,2026-04-26,West,Mumbai,Ionic Hair Dryer,Beauty,2,1959,3918,CUST-59344,Website
UK-2026-100064,2026-01-19,North,Gurugram,Air Fryer 5L,Home & Kitchen,1,5257,"₹5,257",CUST-78156,Marketplace
UK-2026-104619,2026-06-29,East,Patna,Electric Kettle 1.5L,Home & Kitchen,3,1065,3195,CUST-93977,Website
UK-2026-104438,2026-06-03,Central,Nagpur,Gym Gloves,Sports,1,501,501,CUST-43743,Website
UK-2026-103901,2026-05-21,West,Surat,Modern Wall Clock,Home & Kitchen,2,800,1600,CUST-44534,Marketplace
UK-2026-104634,2026-06-22,Central,Indore,Sunscreen SPF50,Beauty,1,565,565,CUST-82902,Website
UK-2026-103358,2026-05-11,West,Ahmedabad,silk saree,Fashion,1,3483,3483,CUST-66045,Website
UK-2026-100050,2026-01-01,Central,Bhopal,Adjustable Dumbbells 15kg,Sports,1,5183,5183,CUST-94997,Marketplace
UK-2026-103335,2026-05-05,West,Ahmedabad,Beard Grooming Kit,Beauty,1,995,995,CUST-15912,Website
UK-2026-101851,2026-03-30,South,Kochi,Foldable Treadmill T2,Sports,1,25197,25197,CUST-31825,App
UK-2026-103885,2026-05-20,North,Chandigarh,Yoga Mat Pro,Sports,2,1248,2496,CUST-31076,App
UK-2026-104074,2026-06-25,South,Chennai,Badminton Racket Set,Sports,2,2517,5034,CUST-83586,App
UK-2026-101522,2026-03-18,Central,Nagpur,Ethnic Dupatta,Fashion,2,496,992,CUST-95001,App
UK-2026-104624,2026-06-29,Central,Raipur,Modern Wall Clock,Home & Kitchen,1,806,806 INR,CUST-66888,Marketplace
UK-2026-102728,2026-04-30,East,Kolkata,Ethnic Dupatta   ,Fashion,1,497,497,CUST-47195,Website
UK-2026-104839,2026-06-12,East,Bhubaneswar,Slim Fit Jeans,Fashion,,1638,1638,CUST-40981,Marketplace
UK-2026-101673,2026-03-10,North,Noida,Smart Watch X2,Electronics,2,4577,9154,CUST-99211,Website
UK-2026-104389,2026-06-01,South,Bengaluru,Electric Kettle 1.5L,Home & Kitchen,1,1083,1083,CUST-29518,App
UK-2026-102494,2026-04-08,North,Chandigarh,Modern Wall Clock,Home & Kitchen,1,788,788,CUST-67932,Marketplace
UK-2026-100838,2026-02-10,South,Bengaluru,Smart Watch X2,Electronics,3,4531,13593,CUST-13809,Website
UK-2026-100661,2026-01-16,South,Hyderabad,Badminton Racket Set,Sports,2,2408,4816,CUST-35888,App
UK-2026-104017,2026-05-27,East,Kolkata,Beard Grooming Kit,Beauty,1,990,990,CUST-82171,App
UK-2026-101372,2026-02-03,West,Ahmedabad,Beard Grooming Kit,Beauty,1,992,992,CUST-49361,App
UK-2026-103539,2026-05-12,South,Hyderabad,Smart Watch X2,Electronics,1,4360,4360,CUST-84408,Website
UK-2026-100184,2026-01-22,North,Delhi,Silk Saree,Fashion,1,3565,3565,CUST-16685,App
UK-2026-100805,2026-02-26,North,Delhi,Wireless Earbuds Pro,Electronics,1,3130,3130,CUST-79226,Marketplace
UK-2026-104212,2026-06-06,Central,Bhopal,Robot Vacuum R7,Home & Kitchen,1,19711,19711,CUST-83239,Website
UK-2026-102027,2026-03-27,South,Bengaluru,Silk Saree,Fashion,1,3567,3567,CUST-60306,App
UK-2026-103757,2026-05-16,North,Delhi,Power Bank 20000mAh,Electronics,1,1815,1815,CUST-93204,App
UK-2026-100935,2026-02-16,South,Kochi,Air Fryer 5L,Home & Kitchen,1,5373,5373,CUST-16173,App
UK-2026-100985,2026-02-25,South,Kochi,Vitamin C Serum,Beauty,1,693,693,CUST-64992,Website
UK-2026-103111,2026-05-28,South,Chennai,Electric Kettle 1.5L,Home & Kitchen,1,1066,1066,CUST-56403,App
UK-2026-103000,2026-04-11,West,Surat,Bluetooth Speaker Mini,Electronics,1,1480,1480,CUST-74878,Website
UK-2026-102009,2026-03-14,North,Chandigarh,Noise-Cancelling Headphones,Electronics,4,9321,37284,CUST-90893,App
UK-2026-102810,2026-04-30,Central,Raipur,Denim Jacket,Fashion,1,2221,2221,CUST-55817,App
UK-2026-104204,2026-06-14,South,Hyderabad,Eau de Parfum 100ml,Beauty,1,2066,2066,CUST-40922,Website
UK-2026-102521,2026-04-02,Central,Bhopal,Eau de Parfum 100ml,Beauty,2,1966,3932,CUST-27930,App
UK-2026-104198,2026-06-27,East,Kolkata,Cycling Helmet,Sports,2,1649,3298,CUST-89302,App
UK-2026-101704,2026-03-01,East,Kolkata,Sunscreen SPF50,Beauty,1,549,549,CUST-55924,Website
UK-2026-101229,2026-02-03,North,Gurugram,Face Wash Combo,Beauty,2,442,884,CUST-44749,Marketplace
UK-2026-104927,2026-06-22,East,Bhubaneswar,Ionic Hair Dryer,Beauty,3,1847,5541,CUST-24470,Marketplace
UK-2026-100096,2026-01-20,West,Pune,Beard Grooming Kit,Beauty,1,1025,1025,CUST-60724,Marketplace
UK-2026-103765,2026-05-09,South,Bengaluru,Makeup Brush Set,Beauty,1,1286,1286,CUST-22982,App
UK-2026-100884,2026-02-10,West,Ahmedabad,Air Fryer 5L,Home & Kitchen,2,5746,11492,CUST-71897,App
UK-2026-101412,2026-02-21,East,Bhubaneswar,Denim Jacket,Fashion,1,2275,2275,CUST-78890,App
UK-2026-104171,2026-06-11,South,Hyderabad,Face Wash Combo,Beauty,2,431,862,CUST-74356,Website
UK-2026-102259,2026-04-01,South,Kochi,Air Fryer 5L,Home & Kitchen,-2,5244,10488,CUST-91616,App
UK-2026-100903,2026-02-13,Central,Bhopal,Cycling Helmet,Sports,1,1664,1664,CUST-37237,Website
UK-2026-102888,2026-04-25,East,Bhubaneswar,Face Wash Combo,Beauty,4,460,1840,CUST-38680,App
UK-2026-101104,2026-02-07,South,Kochi,Slim Fit Jeans,Fashion,2,1555,3110,CUST-42358,Website
UK-2026-103781,2026-05-26,West,Surat,Ethnic Dupatta,Fashion,1,485,485,CUST-19672,Website
UK-2026-101601,2026-03-23,East,Patna,Mirrorless Camera Lite,Electronics,1,27622,27622,CUST-86752,Website
UK-2026-103550,2026-05-31,North,Chandigarh,Wireless Earbuds Pro,Electronics,4,2988,11952,CUST-48406,App
UK-2026-104830,2026-06-14,North,Chandigarh,Noise-Cancelling Headphones,Electronics,1,8563,8563,CUST-28843,Website
UK-2026-103465,2026-05-07,East,Bhubaneswar,Slim Fit Jeans,Fashion,1,1552,1552,CUST-11729,Website
UK-2026-100970,2026-02-12,West,Ahmedabad,Gym Gloves,Sports,4,495,1980,CUST-71230,Website
UK-2026-101027,2026-02-13,West,Ahmedabad,Ultrabook Air 14,Electronics,1,30545,30545,CUST-63388,Marketplace
UK-2026-101742,2026-03-01,South,Bengaluru,Football Size 5,Sports,1,918,918,CUST-85639,App
UK-2026-103991,2026-05-16,West,Surat,Wireless Earbuds Pro,Electronics,1,3029,3029,CUST-50030,Marketplace
UK-2026-102387,2026-04-10,West,Surat,Smart Watch X2,Electronics,2,4616,"₹9,232",CUST-77094,Marketplace
UK-2026-102272,2026-04-06,West,Surat,Non-Stick Cookware Set,Home & Kitchen,2,2765,5530,CUST-49402,App
UK-2026-103043,2026-04-19,South,Kochi,Noise-Cancelling Headphones,Electronics,2,8764,17528,CUST-29408,App
UK-2026-102974,2026-04-04,West,Bombay,Badminton Racket Set,Sports,1,2538,2538,CUST-30972,Website
UK-2026-102493,2026-04-06,South,Bengaluru,Badminton Racket Set,Sports,4,2464,9856,CUST-71555,App
UK-2026-104663,"Jun 11, 2026",South,Hyderabad,43-inch Smart TV,Electronics,3,24750,74250,CUST-57639,Marketplace
UK-2026-104826,2026-06-15,West,Ahmedabad,Wireless Earbuds Pro,Electronics,1,2987,2987,CUST-85691,Marketplace
UK-2026-100850,2026-02-12,North,Delhi,Matte Lipstick Set,Beauty,2,902,1804,CUST-82244,Website
UK-2026-101887,2026-03-10,Central,Indore,Cycling Helmet,Sports,1,1668,1668,CUST-34335,Website
UK-2026-101533,2026-03-14,West,Pune,Matte Lipstick Set,Beauty,1,855,855,CUST-43806,App
UK-2026-102472,2026-04-16,West,Surat,Slim Fit Jeans,Fashion,1,1650,1650,CUST-75338,Website
UK-2026-102852,2026-04-16,North,Gurugram,Slim Fit Jeans,Fashion,2,1563,3126,CUST-56843,Website
UK-2026-100284,2026-01-18,Central,Bhopal,Power Bank 20000mAh,Electronics,1,1885,1885,CUST-66307,Website
UK-2026-104124,2026-06-23,South,bengaluru,Formal Shirt,Fashion,3,1130,3390,CUST-41862,Marketplace
UK-2026-100768,2026-02-03,South,Bengaluru,Silk Saree,Fashion,1,3549,3549,CUST-66530,Marketplace
UK-2026-103962,2026-05-07,East,Bhubaneswar,Slim Fit Jeans,Fashion,1,1587,1587,CUST-25793,App
UK-2026-100931,2026-02-15,East,Patna,Power Bank 20000mAh,Electronics,1,1884,1884,CUST-37320,Website
UK-2026-100874,2026-02-03,Central,Bhopal,Dinner Set 24pc,Home & Kitchen,2,2384,4768,CUST-13087,Website
UK-2026-103654,2026-05-26,North,Chandigarh,Bluetooth Speaker Mini,Electronics,2,1567,3134 INR,CUST-42358,App
UK-2026-102938,2026-04-18,North,Delhi,Sunscreen SPF50,Beauty,1,569,569,CUST-89310,Marketplace
UK-2026-103429,2026-05-28,Central,Bhopal,Power Bank 20000mAh,Electronics,1,1772,1772,CUST-80225,Website
UK-2026-103569,2026-05-27,South,Hyderabad,Makeup Brush Set,Beauty,1,1321,1321,CUST-21402,Marketplace
UK-2026-104923,2026-06-03,East,Bhubaneswar,Bluetooth Speaker Mini,Electronics,1,1555,1555 INR,CUST-98723,Marketplace
UK-2026-103371,2026-05-27,South,Kochi,Cotton Kurta Set,Fashion,1,1237,1237,CUST-13599,Website
UK-2026-104536,2026-06-11,Central,Raipur,Leather Wallet,Fashion,1,873,873,CUST-23059,App
UK-2026-104816,2026-06-08,West,Surat,Ethnic Dupatta,Fashion,1,499,499,CUST-13009,Website
UK-2026-102803,2026-04-10,North,Noida,Dinner Set 24pc,Home & Kitchen,1,2468,2468,CUST-82354,Marketplace
UK-2026-104381,2026-06-09,West,Pune,Cotton Kurta Set,Fashion,1,1262,1262,CUST-38680,Marketplace
UK-2026-101186,"Feb 11, 2026",West,Mumbai,43-inch Smart TV,Electronics,3,27291,81873,CUST-41944,Website
UK-2026-104687,2026-06-11,East,Bhubaneswar,Slim Fit Jeans,Fashion,1,1607,1607,CUST-39700,Website
UK-2026-101696,2026-03-30,South,Kochi,Modern Wall Clock,Home & Kitchen,3,821,2463,CUST-36155,App
UK-2026-103916,2026-05-04,South,Bengaluru,Non-Stick Cookware Set,Home & Kitchen,1,2980,"₹2,980",CUST-18256,App
UK-2026-102825,2026-04-07,East,Kolkata,Mixer Grinder 750W,Home & Kitchen,1,3347,3347,CUST-29737,App
UK-2026-102754,2026-04-19,North,Noida,Bluetooth Speaker Mini,Electronics,2,1522,3044,CUST-11346,Marketplace
UK-2026-100892,2026-02-25,West,Mumbai,Silk Saree,Fashion,1,3596,3596,CUST-89699,App
UK-2026-104865,2026-06-22,North,Gurugram,43-inch Smart TV,Electronics,3,26471,79413,CUST-97753,App
UK-2026-101077,2026-02-12,West,Pune,Sunscreen SPF50,Beauty,,565,565,CUST-27205,Website
UK-2026-100497,2026-01-27,Central,Indore,Eau de Parfum 100ml,Beauty,1,1944,1944,CUST-78802,Website
UK-2026-102199,2026-03-29,South,Chennai,Leather Wallet,Fashion,1,905,905,CUST-82629,Website
UK-2026-103944,2026-05-07,South,Chennai,Modern Wall Clock,Home & Kitchen,1,813,813,CUST-54805,Website
UK-2026-100684,2026-01-10,South,Bengaluru,Cotton Kurta Set,Fashion,2,1256,2512,CUST-58389,Website
UK-2026-101976,2026-03-10,West,Pune,43-inch Smart TV,Electronics,1,26757,26757,CUST-72075,App
UK-2026-103869,2026-05-12,South,Kochi,Matte Lipstick Set,Beauty,2,901,1802,CUST-98723,Website
UK-2026-104262,2026-06-10,South,Hyderabad,Air Fryer 5L,Home & Kitchen,1,5297,5297,CUST-51255,App
UK-2026-100427,2026-01-20,East,Bhubaneswar,Noise-Cancelling Headphones,Electronics,1,9203,9203,CUST-85968,Marketplace
UK-2026-103740,2026-05-13,North,Chandigarh,Vitamin C Serum,Beauty,1,674,674,CUST-43115,Marketplace
UK-2026-102242,2026-04-30,South,Bengaluru,Smart Watch X2,Electronics,1,4551,4551,CUST-89773,Website
UK-2026-103912,2026-05-26,West,Surat,Bluetooth Speaker Mini,Electronics,1,1441,1441,CUST-77335,App
UK-2026-101728,2026-03-23,Central,Nagpur,Running Sneakers,Fashion,2,2739,5478 INR,CUST-22657,App
UK-2026-101802,2026-03-21,West,Pune,Matte Lipstick Set,Beauty,1,874,874,CUST-32634,App
UK-2026-101491,2026-03-01,West,Mumbai,Ultrabook Air 14,Electronics,1,29193,29193,CUST-90644,Website
UK-2026-103979,2026-05-29,South,BENGALURU,Adjustable Dumbbells 15kg,Sports,1,4823,4823,CUST-65139,App
UK-2026-103568,2026-05-07,North,Noida,Cotton Kurta Set,Fashion,1,1351,1351,CUST-35406,Marketplace
UK-2026-103317,2026-05-16,North,Delhi,Sunscreen SPF50,Beauty,1,566,566,CUST-31549,App
UK-2026-100662,2026-01-06,South,Kochi,Dinner Set 24pc,Home & Kitchen,1,2475,2475,CUST-97899,Website
UK-2026-102214,2026-03-30,West,Mumbai,Mirrorless Camera Lite,Electronics,1,28993,28993,CUST-85585,App
UK-2026-103029,2026-04-27,West,Pune,Cricket Bat English Willow,Sports,1,8711,8711,CUST-43963,Website
UK-2026-104594,2026-06-21,West,Surat,Electric Kettle 1.5L,Home & Kitchen,3,1072,3216,CUST-23045,App
UK-2026-103330,2026-05-15,South,Kochi,Smart Watch X2,Electronics,1,4397,4397,CUST-12589,Marketplace
UK-2026-104957,2026-06-15,North,Delhi,Cricket Bat English Willow,Sports,1,9202,9202,CUST-22982,Marketplace
UK-2026-103309,2026-05-05,North,Noida,Dinner Set 24pc,Home & Kitchen,-2,2439,4878,CUST-79309,App
UK-2026-103941,2026-05-23,South,Bengaluru,Air Fryer 5L,Home & Kitchen,2,5252,10504,CUST-93714,Marketplace
UK-2026-102749,05-04-26,West,Surat,Slim Fit Jeans,Fashion,1,1588,1588,CUST-21402,App
UK-2026-102814,2026-04-21,West,Pune,Running Sneakers,Fashion,1,2902,2902,CUST-78551,Website
UK-2026-102395,2026-04-07,South,Madras,Bluetooth Speaker Mini,Electronics,1,1481,1481,CUST-70669,Website
UK-2026-104746,2026-06-02,Central,Raipur,Electric Kettle 1.5L,Home & Kitchen,2,1096,,CUST-29518,Website
UK-2026-103060,2026-04-06,North,Noida,Beard Grooming Kit,Beauty,2,958,1916,CUST-78564,App
UK-2026-101674,2026-03-05,East,Bhubaneswar,Non-Stick Cookware Set,Home & Kitchen,1,2874,2874,CUST-59109,Website
UK-2026-103789,2026-05-22,North,Chandigarh,Robot Vacuum R7,Home & Kitchen,2,19929,39858,CUST-86951,App
UK-2026-103773,2026-05-07,West,Surat,Denim Jacket,Fashion,2,2125,4250,CUST-77392,App
UK-2026-103055,2026-04-02,East,Guwahati,Bluetooth Speaker Mini,Electronics,3,1568,4704,CUST-85700,Marketplace
UK-2026-100997,2026-02-04,South,Chennai,Modern Wall Clock,Home & Kitchen,1,766,766,CUST-83234,App
UK-2026-101302,2026-02-03,North,Chandigarh,Noise-Cancelling Headphones,Electronics,1,9329,9329,CUST-89116,App
UK-2026-100697,2026-01-09,North,Gurugram,Sunscreen SPF50,Beauty,1,569,569,CUST-21402,App
UK-2026-100585,2026-01-19,South,Chennai,Cricket Bat English Willow,Sports,2,8599,17198,CUST-58863,App
UK-2026-104618,2026-06-30,East,Patna,Cotton Bedsheet Set,Home & Kitchen,1,1437,1437,CUST-12080,Website
UK-2026-104455,2026-06-02,South,Bengaluru,Ultrabook Air 14,Electronics,2,30461,60922,CUST-39525,Marketplace
UK-2026-104263,2026-06-25,Central,Raipur,Ethnic Dupatta,Fashion,2,507,1014,CUST-51678,Website
UK-2026-103538,2026-05-05,East,Kolkata,Leather Wallet,Fashion,1,893,893,CUST-14044,Marketplace
UK-2026-101997,2026-03-19,North,Chandigarh,Non-Stick Cookware Set,Home & Kitchen,1,3043,3043,CUST-73002,Marketplace
UK-2026-101500,2026-03-14,West,Surat,Ethnic Dupatta,Fashion,2,483,966,CUST-60724,App
UK-2026-103254,"May 19, 2026",West,Mumbai,Football Size 5,Sports,1,879,879,CUST-12218,App
UK-2026-101767,2026-03-28,North,Chandigarh,Noise-Cancelling Headphones,Electronics,2,9279,,CUST-96126,App
UK-2026-104061,2026-06-21,South,Bengaluru,Modern Wall Clock,Home & Kitchen,1,770,770,CUST-90597,App
UK-2026-104432,2026-06-11,West,Bombay,Power Bank 20000mAh,Electronics,2,1779,3558,CUST-63472,Website
UK-2026-104100,2026-06-25,,Hyderabad,Robot Vacuum R7,Home & Kitchen,1,19727,19727,CUST-65351,App
UK-2026-102928,2026-04-09,West,Ahmedabad,Bluetooth Speaker Mini,Electronics,2,1562,3124,CUST-12017,Website
UK-2026-100979,2026-02-05,South,Bengaluru,Smart Watch X2,Electronics,4,4445,17780,CUST-33342,Website
UK-2026-102940,2026-04-07,,Bhopal,Football Size 5,Sports,3,915,2745,CUST-63381,Website
UK-2026-102176,2026-03-19,West,Ahmedabad,Mixer Grinder 750W,Home & Kitchen,1,3276,3276,CUST-53453,Marketplace
UK-2026-103775,2026-05-15,North,Delhi,Noise-Cancelling Headphones,Electronics,1,8779,8779,CUST-28340,App
UK-2026-101619,2026-03-25,North,Chandigarh,Non-Stick Cookware Set,Home & Kitchen,4,2969,11876,CUST-26674,App
UK-2026-100727,2026-02-18,West,Ahmedabad,Non-Stick Cookware Set,Home & Kitchen,1,2975,2975,CUST-15018,Marketplace
UK-2026-104183,2026-06-22,East,Patna,Robot Vacuum R7,Home & Kitchen,1,18372,18372,CUST-40605,App
UK-2026-100169,2026-01-14,North,Delhi,Ionic Hair Dryer,Beauty,1,1855,1855,CUST-16920,App
UK-2026-100665,2026-01-14,West,Pune,Smart Watch X2,Electronics,1,4457,4457,CUST-10900,App
UK-2026-101579,2026-03-13,North,Gurugram,Yoga Mat Pro,Sports,1,1211,1211,CUST-56060,App
UK-2026-103853,2026-05-24,South,Kochi,Noise-Cancelling Headphones,Electronics,1,9142,9142,CUST-44151,Marketplace
UK-2026-101904,2026-03-26,North,Noida,Dinner Set 24pc,Home & Kitchen,1,2577,2577,CUST-19519,App
UK-2026-102043,2026-03-21,South,Chennai,Power Bank 20000mAh,Electronics,1,1752,1752,CUST-42995,App
UK-2026-100701,20-01-26,South,Chennai,Running Sneakers,Fashion,1,2773,2773,CUST-46996,Website
UK-2026-102863,2026-04-14,East,Guwahati,Leather Wallet,Fashion,1,889,889,CUST-47956,App
UK-2026-100394,2026-01-17,West,Surat,Denim Jacket,Fashion,2,2224,4448,CUST-97648,Website
UK-2026-101795,2026-03-09,North,Delhi,Running Sneakers,Fashion,1,2673,2673,CUST-89699,Website
UK-2026-103977,2026-05-03,North,Delhi,Formal Shirt,Fashion,1,1049,1049,CUST-40085,App
UK-2026-100589,2026-01-14,West,Ahmedabad,Foldable Treadmill T2,Sports,1,23774,23774,CUST-13239,App
UK-2026-102404,2026-04-17,West,Mumbai,Leather Wallet,Fashion,1,911,911,CUST-59841,Website
UK-2026-102703,2026-04-15,East,Bhubaneswar,Electric Kettle 1.5L,Home & Kitchen,,1142,1142,CUST-72915,Marketplace
UK-2026-102032,2026-03-16,North,Chandigarh,Cotton Bedsheet Set,Home & Kitchen,2,1447,2894,CUST-54805,App
UK-2026-100154,2026-01-18,West,Pune,43-inch Smart TV,Electronics,1,25469,25469,CUST-20194,App
UK-2026-102372,2026-04-15,North,Delhi,Bluetooth Speaker Mini,Electronics,2,1535,3070,CUST-88941,Website
UK-2026-100303,2026-01-21,West,Mumbai,Slim Fit Jeans,Fashion,1,1612,1612,CUST-14751,Website
UK-2026-101230,2026-02-23,West,Mumbai,Ethnic Dupatta,Fashion,1,475,475,CUST-27781,App
UK-2026-102124,2026-03-01,North,Delhi,Running Sneakers,Fashion,1,2703,2703,CUST-76980,Website
UK-2026-104111,2026-06-15,North,Gurugram,Foldable Treadmill T2,Sports,1,24985,24985,CUST-49601,Website
UK-2026-101799,2026-03-08,North,Gurugram,Modern Wall Clock,Home & Kitchen,1,764,764,CUST-52664,Website
UK-2026-102791,2026-04-19,East,Guwahati,Sunscreen SPF50,Beauty,4,525,2100,CUST-98565,Website
UK-2026-103877,2026-05-26,South,BLR,Adjustable Dumbbells 15kg,Sports,1,4792,4792,CUST-24391,Marketplace
UK-2026-101386,2026-02-08,North,Gurugram,Ethnic Dupatta,Fashion,1,492,492,CUST-92808,App
UK-2026-100090,2026-01-31,West,Surat,Badminton Racket Set,Sports,2,2434,4868,CUST-33502,Website
UK-2026-104444,2026-06-23,East,Patna,Cricket Bat English Willow,Sports,1,8936,"₹8,936",CUST-46262,Marketplace
UK-2026-100829,2026-02-13,South,Bengaluru,Face Wash Combo,Beauty,1,436,436,CUST-60887,Website
UK-2026-103024,2026-04-09,East,Guwahati,Running Sneakers,Fashion,3,2728,8184,CUST-73593,Website
